company,Opening Date,issue_price,issue_size_cr,sub_qib,sub_hni,sub_retail,Total (x),Listing Date,Open Price on Listing (Rs.),Close Price on Listing (Rs.),listing_gain_pct,year,positive_listing,gmp_pct,sector,market_mood,pe_vs_sector,promoter_holding,revenue_growth_pct,roce_pct,debt_equity,company_age
Gujarat Kidney & Super Speciality Ltd.,22-Dec-2025,114.0,250.8,1.18,4.73,18.31,3.42,30-Dec-2025,120.00,104.54,-8.3,2026,0,-3.489857540966302,Other,bear,1.2,60.0,20.0,15.0,0.5,10.0
KSH International Ltd.,16-Dec-2025,384.0,626.35,1.17,0.45,0.93,0.98,23-Dec-2025,370.00,355.00,-7.55,2026,0,-4.944792903513553,Other,bear,1.2,60.0,20.0,15.0,0.5,10.0
ICICI Prudential Asset Management Co.Ltd.,12-Dec-2025,2165.0,10602.65,50.39,21.0,2.42,28.19,19-Dec-2025,"2,600.00","2,585.90",19.44,2026,1,13.607065614302076,Other,bull,1.2,60.0,20.0,15.0,0.5,10.0
Park Medi World Ltd.,10-Dec-2025,162.0,920.0,5.58,15.51,3.24,6.25,17-Dec-2025,158.80,147.95,-8.67,2026,0,-0.6329104307759241,Other,bear,1.2,60.0,20.0,15.0,0.5,10.0
Nephrocare Health Services Ltd.,10-Dec-2025,460.0,871.05,11.29,24.73,2.29,10.12,17-Dec-2025,490.00,471.25,2.45,2026,1,0.7675398758299921,Other,neutral,1.2,60.0,20.0,15.0,0.5,10.0
Corona Remedies Ltd.,08-Dec-2025,1062.0,655.37,117.52,219.49,29.29,101.01,15-Dec-2025,"1,470.00","1,438.40",35.44,2026,1,20.56158912915246,Other,bull,1.2,60.0,20.0,15.0,0.5,10.0
Wakefit Innovations Ltd.,08-Dec-2025,195.0,1288.89,1.82,1.02,3.07,1.82,15-Dec-2025,195.00,192.29,-1.39,2026,0,3.9036384465221743,Other,neutral,1.2,60.0,20.0,15.0,0.5,10.0
Vidya Wires Ltd.,03-Dec-2025,52.0,300.01,2.74,55.65,29.35,19.99,10-Dec-2025,52.00,53.17,2.25,2026,1,3.652304187458726,Other,neutral,1.2,60.0,20.0,15.0,0.5,10.0
Aequs Ltd.,03-Dec-2025,124.0,921.81,49.72,82.97,78.08,57.41,10-Dec-2025,140.00,151.29,22.01,2026,1,11.797576842195143,Other,bull,1.2,60.0,20.0,15.0,0.5,10.0
Meesho Ltd.,03-Dec-2025,111.0,5421.2,49.97,39.29,19.12,45.28,10-Dec-2025,162.50,170.09,53.23,2026,1,33.56568013075789,Other,bull,1.2,60.0,20.0,15.0,0.5,10.0
Sudeep Pharma Ltd.,21-Nov-2025,593.0,895.0,85.68,116.18,15.14,65.56,28-Nov-2025,730.00,774.15,30.55,2026,1,16.939746921562612,Pharma,bull,1.2,60.0,20.0,15.0,0.5,10.0
Excelsoft Technologies Ltd.,19-Nov-2025,120.0,500.0,20.52,106.72,16.01,31.87,26-Nov-2025,135.00,125.97,4.97,2026,1,1.5848107392892292,Tech,neutral,1.2,60.0,20.0,15.0,0.5,10.0
Capillary Technologies India Ltd.,14-Nov-2025,577.0,877.5,23.44,69.49,15.4,29.48,21-Nov-2025,571.90,606.50,5.11,2026,1,3.791886814698102,Tech,neutral,1.2,60.0,20.0,15.0,0.5,10.0
Fujiyama Power Systems Ltd.,13-Nov-2025,228.0,828.0,2.72,0.88,1.01,1.84,20-Nov-2025,220.00,208.44,-8.58,2026,0,-10.887840733973391,Other,bear,1.2,60.0,20.0,15.0,0.5,10.0
Tenneco Clean Air India Ltd.,12-Nov-2025,397.0,3600.0,70.45,42.65,5.26,43.47,19-Nov-2025,505.00,490.80,23.63,2026,1,9.0032465024609,Other,bull,1.2,60.0,20.0,15.0,0.5,10.0
PhysicsWallah Ltd.,11-Nov-2025,109.0,3480.0,1.75,0.5,1.06,1.49,18-Nov-2025,145.00,155.24,42.42,2026,1,23.765137412277085,Other,bull,1.2,60.0,20.0,15.0,0.5,10.0
Emmvee Photovoltaic Power Ltd.,11-Nov-2025,217.0,2900.0,1.15,0.3,1.11,1.02,18-Nov-2025,217.00,219.40,1.11,2026,1,-2.3724933610032717,Other,neutral,1.2,60.0,20.0,15.0,0.5,10.0
Pine Labs Ltd.,07-Nov-2025,221.0,3900.17,2.2,0.29,1.2,1.81,14-Nov-2025,242.00,250.89,13.52,2026,1,9.054741997785822,Other,bull,1.2,60.0,20.0,15.0,0.5,10.0
Billionbrains Garage Ventures Ltd.,04-Nov-2025,100.0,6632.3,9.41,14.1,9.17,10.09,12-Nov-2025,112.00,131.33,31.33,2026,1,16.073927773436367,Other,bull,1.2,60.0,20.0,15.0,0.5,10.0
Lenskart Solutions Ltd.,31-Oct-2025,402.0,7278.02,16.74,18.28,7.48,16.01,10-Nov-2025,395.00,403.10,0.27,2026,1,-4.074911104005875,Other,neutral,1.2,60.0,20.0,15.0,0.5,10.0
Studds Accessories Ltd.,30-Oct-2025,585.0,455.49,64.55,76.66,21.55,51.31,07-Nov-2025,565.00,560.30,-4.22,2026,0,1.8649463067646628,Other,neutral,1.2,60.0,20.0,15.0,0.5,10.0
Orkla India Ltd.,29-Oct-2025,730.0,1667.54,47.55,54.25,6.8,34.25,06-Nov-2025,750.10,713.65,-2.24,2026,0,-2.021328901459607,Other,neutral,1.2,60.0,20.0,15.0,0.5,10.0
Midwest Ltd.,15-Oct-2025,1065.0,451.1,59.13,175.57,24.56,64.34,24-Oct-2025,"1,165.00","1,140.50",7.09,2026,1,4.456584614063771,Other,neutral,1.2,60.0,20.0,15.0,0.5,10.0
Canara HSBC Life Insurance Co.Ltd.,10-Oct-2025,106.0,2517.5,3.44,0.32,0.4,1.9,17-Oct-2025,106.00,111.42,5.11,2026,1,-1.2082445586403705,Other,neutral,1.2,60.0,20.0,15.0,0.5,10.0
Rubicon Research Ltd.,09-Oct-2025,485.0,1377.68,55.39,101.82,36.48,60.38,16-Oct-2025,620.00,628.20,29.53,2026,1,16.08485182642445,Other,bull,1.2,60.0,20.0,15.0,0.5,10.0
Canara Robeco Asset Management Co.Ltd.,09-Oct-2025,266.0,1326.13,10.96,6.4,1.86,7.09,16-Oct-2025,280.25,300.45,12.95,2026,1,8.102767769129597,Other,bull,1.2,60.0,20.0,15.0,0.5,10.0
LG Electronics India Ltd.,07-Oct-2025,1140.0,11607.01,67.21,22.08,3.39,38.03,14-Oct-2025,"1,710.10","1,689.90",48.24,2026,1,25.49101926773309,Other,bull,1.2,60.0,20.0,15.0,0.5,10.0
Tata Capital Ltd.,06-Oct-2025,326.0,15511.87,1.98,1.95,1.06,1.65,13-Oct-2025,330.00,330.50,1.38,2026,1,1.9550940550370155,Other,neutral,1.2,60.0,20.0,15.0,0.5,10.0
WeWork India Management Ltd.,03-Oct-2025,648.0,3000.0,1.33,0.23,0.57,1.09,10-Oct-2025,650.00,628.65,-2.99,2026,0,-3.5959160697564148,Other,neutral,1.2,60.0,20.0,15.0,0.5,10.0
Advance Agrolife Ltd.,30-Sep-2025,100.0,192.86,11.59,174.55,22.17,39.68,08-Oct-2025,114.00,108.30,8.3,2026,1,4.10491875062017,Other,neutral,1.2,60.0,20.0,15.0,0.5,10.0
Om Freight Forwarders Ltd.,29-Sep-2025,135.0,122.31,2.91,7.38,2.77,3.58,08-Oct-2025,81.50,85.57,-36.61,2026,0,-23.77111983668819,Other,bear,1.2,60.0,20.0,15.0,0.5,10.0
Glottis Ltd.,29-Sep-2025,129.0,307.0,1.54,3.06,1.43,1.95,07-Oct-2025,84.00,83.70,-35.12,2026,0,-15.515165446473189,Other,bear,1.2,60.0,20.0,15.0,0.5,10.0
Fabtech Technologies Ltd.,29-Sep-2025,191.0,230.3,2.02,1.95,2.04,2.01,07-Oct-2025,192.00,182.40,-4.5,2026,0,-2.7404916742138017,Tech,neutral,1.2,60.0,20.0,15.0,0.5,10.0
Pace Digitek Ltd.,26-Sep-2025,219.0,819.15,1.29,2.94,1.05,1.45,06-Oct-2025,225.00,217.99,-0.46,2026,0,-3.4491327868676995,Other,neutral,1.2,60.0,20.0,15.0,0.5,10.0
Trualt Bioenergy Ltd.,25-Sep-2025,496.0,839.28,66.53,102.95,11.37,52.69,03-Oct-2025,545.40,530.95,7.05,2026,1,6.697634736309567,Other,neutral,1.2,60.0,20.0,15.0,0.5,10.0
Jinkushal Industries Ltd.,25-Sep-2025,121.0,116.15,14.64,145.9,46.64,45.54,03-Oct-2025,125.00,121.66,0.55,2026,1,-3.332530949913066,Other,neutral,1.2,60.0,20.0,15.0,0.5,10.0
Epack Prefab Technologies Ltd.,24-Sep-2025,204.0,504.0,2.75,3.74,1.7,2.53,01-Oct-2025,183.85,190.66,-6.54,2026,0,-3.2974092149857337,Tech,bear,1.2,60.0,20.0,15.0,0.5,10.0
BMW Ventures Ltd.,24-Sep-2025,99.0,231.66,1.89,1.08,0.96,1.0,01-Oct-2025,78.00,74.10,-25.15,2026,0,-20.969010371639325,Other,bear,1.2,60.0,20.0,15.0,0.5,10.0
Jain Resource Recycling Ltd.,24-Sep-2025,232.0,1250.0,11.3,5.58,3.72,9.69,01-Oct-2025,265.05,318.06,37.09,2026,1,18.26944185330471,Other,bull,1.2,60.0,20.0,15.0,0.5,10.0
Anand Rathi Share & Stock Brokers Ltd.,23-Sep-2025,414.0,745.64,19.04,30.04,4.95,15.55,30-Sep-2025,432.00,445.55,7.62,2026,1,5.162583707607371,Other,neutral,1.2,60.0,20.0,15.0,0.5,10.0
Seshaasai Technologies Ltd.,23-Sep-2025,423.0,813.28,76.26,51.27,9.24,48.93,30-Sep-2025,432.00,411.45,-2.73,2026,0,0.5773997399862312,Tech,neutral,1.2,60.0,20.0,15.0,0.5,10.0
Jaro Institute of Technology Management & Research Ltd.,23-Sep-2025,890.0,450.0,15.59,37.21,9.01,16.53,30-Sep-2025,890.00,744.25,-16.38,2026,0,-9.313895156430087,Tech,bear,1.2,60.0,20.0,15.0,0.5,10.0
Solarworld Energy Solutions Ltd.,23-Sep-2025,351.0,490.0,30.27,68.02,50.69,37.97,30-Sep-2025,388.50,323.50,-7.83,2026,0,-5.044944847164721,Other,bear,1.2,60.0,20.0,15.0,0.5,10.0
Atlanta Electricals Ltd.,22-Sep-2025,754.0,687.85,77.97,55.6,10.54,50.62,29-Sep-2025,857.00,823.35,9.2,2026,1,4.616688913232133,Other,neutral,1.2,60.0,20.0,15.0,0.5,10.0
Ganesh Consumer Products Ltd.,22-Sep-2025,322.0,408.8,2.39,4.31,1.13,2.23,29-Sep-2025,296.05,294.30,-8.6,2026,0,-9.595565971102282,Other,bear,1.2,60.0,20.0,15.0,0.5,10.0
GK Energy Ltd.,19-Sep-2025,153.0,464.26,77.69,128.29,21.34,65.56,26-Sep-2025,171.00,167.74,9.63,2026,1,3.618467374815874,Other,neutral,1.2,60.0,20.0,15.0,0.5,10.0
Saatvik Green Energy Ltd.,19-Sep-2025,465.0,900.2,5.14,10.53,2.72,5.09,26-Sep-2025,465.00,440.70,-5.23,2026,0,-4.519916312879363,Other,bear,1.2,60.0,20.0,15.0,0.5,10.0
Ivalue Infosolutions Ltd.,18-Sep-2025,299.0,560.29,1.98,1.18,1.22,1.59,25-Sep-2025,284.95,281.85,-5.74,2026,0,-0.2726333213432528,Tech,bear,1.2,60.0,20.0,15.0,0.5,10.0
VMS TMT Ltd.,17-Sep-2025,99.0,148.5,48.35,226.19,46.34,82.91,24-Sep-2025,104.90,99.65,0.66,2026,1,1.426854868705384,Other,neutral,1.2,60.0,20.0,15.0,0.5,10.0
Euro Pratik Sales Ltd.,16-Sep-2025,247.0,451.31,1.13,1.95,1.23,1.29,23-Sep-2025,272.10,248.38,0.56,2026,1,-4.953120466088201,Other,neutral,1.2,60.0,20.0,15.0,0.5,10.0
Shringar House of Mangalsutra Ltd.,10-Sep-2025,165.0,400.95,41.17,82.36,26.66,42.24,17-Sep-2025,188.50,184.88,12.05,2026,1,8.202251908184385,Other,bull,1.2,60.0,20.0,15.0,0.5,10.0
Dev Accelerator Ltd.,10-Sep-2025,61.0,143.35,9.05,87.49,160.88,35.82,17-Sep-2025,61.00,64.05,5.0,2026,1,1.8447531587510504,Other,neutral,1.2,60.0,20.0,15.0,0.5,10.0
Urban Co.Ltd.,10-Sep-2025,103.0,1900.24,59.44,77.52,40.1,60.14,17-Sep-2025,162.25,166.83,61.97,2026,1,35.151233999082116,Other,bull,1.2,60.0,20.0,15.0,0.5,10.0
Amanta Healthcare Ltd.,01-Sep-2025,126.0,126.0,14.8,209.13,53.59,57.53,09-Sep-2025,135.00,141.75,12.5,2026,1,9.335028866522604,Other,bull,1.2,60.0,20.0,15.0,0.5,10.0
Anlon Healthcare Ltd.,26-Aug-2025,91.0,121.03,1.05,10.5,45.82,6.95,03-Sep-2025,92.00,91.73,0.8,2026,1,3.572998567487853,Other,neutral,1.2,60.0,20.0,15.0,0.5,10.0
Vikran Engineering Ltd.,26-Aug-2025,97.0,772.0,8.67,61.68,11.27,17.53,03-Sep-2025,99.00,95.71,-1.33,2026,0,1.9958403573485952,Other,neutral,1.2,60.0,20.0,15.0,0.5,10.0
Mangal Electrical Industries Ltd.,20-Aug-2025,561.0,400.0,5.13,19.7,4.99,7.27,28-Aug-2025,556.00,535.35,-4.57,2026,0,-5.2596525696679155,Other,neutral,1.2,60.0,20.0,15.0,0.5,10.0
Shreeji Shipping Global Ltd.,19-Aug-2025,252.0,410.71,44.82,72.62,21.57,40.85,26-Aug-2025,270.00,255.10,1.23,2026,1,-0.1896371275536437,Other,neutral,1.2,60.0,20.0,15.0,0.5,10.0
Gem Aromatics Ltd.,19-Aug-2025,325.0,451.25,22.14,45.9,10.29,21.55,26-Aug-2025,333.10,319.05,-1.83,2026,0,-0.1042097057893082,Other,neutral,1.2,60.0,20.0,15.0,0.5,10.0
Vikram Solar Ltd.,19-Aug-2025,332.0,2079.37,58.56,52.8,7.77,39.73,26-Aug-2025,338.00,356.40,7.35,2026,1,7.336635381367077,Other,neutral,1.2,60.0,20.0,15.0,0.5,10.0
Patel Retail Ltd.,19-Aug-2025,255.0,242.66,109.09,107.9,41.68,78.04,26-Aug-2025,300.00,287.70,12.82,2026,1,6.25447728646413,Other,bull,1.2,60.0,20.0,15.0,0.5,10.0
Regaal Resources Ltd.,12-Aug-2025,102.0,306.0,41.34,355.25,55.61,93.42,20-Aug-2025,141.00,131.58,29.0,2026,1,16.84302307000855,Other,bull,1.2,60.0,20.0,15.0,0.5,10.0
BlueStone Jewellery & Lifestyle Ltd.,11-Aug-2025,517.0,1540.65,2.3,0.56,1.32,1.94,19-Aug-2025,510.00,546.00,5.61,2026,1,0.0469950779819154,Other,neutral,1.2,60.0,20.0,15.0,0.5,10.0
All Time Plastics Ltd.,07-Aug-2025,275.0,400.6,4.76,13.9,5.23,6.28,14-Aug-2025,311.30,283.30,3.02,2026,1,-1.7766198722420126,Other,neutral,1.2,60.0,20.0,15.0,0.5,10.0
JSW Cement Ltd.,07-Aug-2025,147.0,3600.0,7.3,11.56,1.84,6.03,14-Aug-2025,153.50,146.07,-0.63,2026,0,2.059577467182594,Other,neutral,1.2,60.0,20.0,15.0,0.5,10.0
Highway Infrastructure Ltd.,05-Aug-2025,70.0,130.0,170.38,471.09,159.72,256.33,12-Aug-2025,115.00,120.75,72.5,2026,1,47.56872008571247,Other,bull,1.2,60.0,20.0,15.0,0.5,10.0
Sri Lotus Developers & Realty Ltd.,30-Jul-2025,150.0,792.0,70.76,61.53,21.13,51.87,06-Aug-2025,178.00,195.67,30.45,2026,1,18.053969635259,Other,bull,1.2,60.0,20.0,15.0,0.5,10.0
M&B Engineering Ltd.,30-Jul-2025,385.0,650.0,15.98,40.18,33.54,21.3,06-Aug-2025,385.00,408.65,6.14,2026,1,6.694598693676072,Other,neutral,1.2,60.0,20.0,15.0,0.5,10.0
National Securities Depository Ltd.,30-Jul-2025,800.0,4010.95,42.15,34.75,7.43,28.84,06-Aug-2025,880.00,936.00,17.0,2026,1,11.2849080751429,Other,bull,1.2,60.0,20.0,15.0,0.5,10.0
Laxmi India Finance Ltd.,29-Jul-2025,158.0,254.26,1.47,1.82,2.17,1.76,05-Aug-2025,137.52,134.11,-15.12,2026,0,-11.007359263815372,Finance,bear,1.2,60.0,20.0,15.0,0.5,10.0
Aditya Infotech Ltd.,29-Jul-2025,675.0,1300.0,56.7,75.52,52.56,58.82,05-Aug-2025,"1,015.00","1,082.65",60.39,2026,1,37.31818681652524,Tech,bull,1.2,60.0,20.0,15.0,0.5,10.0
Shanti Gold International Ltd.,25-Jul-2025,199.0,360.11,47.35,151.49,30.42,57.04,01-Aug-2025,227.55,229.38,15.27,2026,1,13.776109699397908,Other,bull,1.2,60.0,20.0,15.0,0.5,10.0
Brigade Hotel Ventures Ltd.,24-Jul-2025,90.0,759.6,2.9,10.1,6.59,4.26,31-Jul-2025,81.10,85.32,-5.2,2026,0,-3.227478117329855,Other,bear,1.2,60.0,20.0,15.0,0.5,10.0
Indiqube Spaces Ltd.,23-Jul-2025,237.0,700.0,6.68,8.62,13.41,7.63,30-Jul-2025,216.00,217.97,-8.03,2026,0,-0.1240690325579816,Other,bear,1.2,60.0,20.0,15.0,0.5,10.0
GNG Electronics Ltd.,23-Jul-2025,237.0,460.43,110.35,237.44,48.2,107.66,30-Jul-2025,355.00,333.39,40.67,2026,1,16.542764687730767,Other,bull,1.2,60.0,20.0,15.0,0.5,10.0
Anthem Biosciences Ltd.,14-Jul-2025,570.0,3395.0,77.87,43.67,5.74,47.37,21-Jul-2025,723.05,730.35,28.13,2026,1,19.343707513125672,Other,bull,1.2,60.0,20.0,15.0,0.5,10.0
Smartworks Coworking Spaces Ltd.,10-Jul-2025,407.0,582.56,10.59,23.63,3.59,10.03,17-Jul-2025,435.00,445.05,9.35,2026,1,5.8711412047145135,Other,neutral,1.2,60.0,20.0,15.0,0.5,10.0
Travel Food Services Ltd.,07-Jul-2025,1100.0,2000.0,3.83,1.62,0.69,2.4,14-Jul-2025,"1,125.00","1,074.80",-2.29,2026,0,-2.2710220513976034,Other,neutral,1.2,60.0,20.0,15.0,0.5,10.0
Crizac Ltd.,02-Jul-2025,245.0,860.0,57.16,79.49,10.54,44.19,09-Jul-2025,281.05,307.63,25.56,2026,1,15.611282329606505,Other,bull,1.2,60.0,20.0,15.0,0.5,10.0
Indogulf Cropsciences Ltd.,26-Jun-2025,111.0,200.0,1.95,50.72,15.33,13.5,03-Jul-2025,111.00,110.35,-0.59,2026,0,-6.316706743802679,Other,neutral,1.2,60.0,20.0,15.0,0.5,10.0
Sambhv Steel Tubes Ltd.,25-Jun-2025,82.0,540.0,27.26,33.62,8.35,21.49,02-Jul-2025,110.00,97.59,19.01,2026,1,10.746984336487465,Other,bull,1.2,60.0,20.0,15.0,0.5,10.0
HDB Financial Services Ltd.,25-Jun-2025,740.0,12500.0,24.05,10.24,1.43,13.07,02-Jul-2025,835.00,840.95,13.64,2026,1,9.25533771453524,Other,bull,1.2,60.0,20.0,15.0,0.5,10.0
Globe Civil Projects Ltd.,24-Jun-2025,71.0,119.0,40.66,142.1,52.61,60.06,01-Jul-2025,90.00,94.46,33.04,2026,1,24.257682134224545,Other,bull,1.2,60.0,20.0,15.0,0.5,10.0
Ellenbarrie Industrial Gases Ltd.,24-Jun-2025,400.0,852.53,25.92,15.54,2.14,16.04,01-Jul-2025,486.00,534.60,33.65,2026,1,18.635189345179057,Other,bull,1.2,60.0,20.0,15.0,0.5,10.0
Kalpataru Ltd.,24-Jun-2025,414.0,1590.0,1.93,1.39,1.35,1.78,01-Jul-2025,414.00,432.95,4.58,2026,1,0.322519191320437,Other,neutral,1.2,60.0,20.0,15.0,0.5,10.0
Arisinfra Solutions Ltd.,18-Jun-2025,222.0,499.6,1.2,3.07,5.98,1.96,25-Jun-2025,205.00,174.38,-21.45,2026,0,-14.375271130753609,Other,bear,1.2,60.0,20.0,15.0,0.5,10.0
Oswal Pumps Ltd.,13-Jun-2025,614.0,1387.34,35.89,38.19,3.59,24.93,20-Jun-2025,634.00,625.35,1.85,2026,1,3.8562063531062223,Other,neutral,1.2,60.0,20.0,15.0,0.5,10.0
Scoda Tubes Ltd.,28-May-2025,140.0,220.0,30.23,122.2,20.23,40.52,04-Jun-2025,140.00,147.00,5.0,2026,1,3.9862533289790534,Other,neutral,1.2,60.0,20.0,15.0,0.5,10.0
Prostarm Info Systems Ltd.,27-May-2025,105.0,168.0,41.8,222.75,38.12,67.65,03-Jun-2025,120.00,126.00,20.0,2026,1,10.410719388698883,Tech,bull,1.2,60.0,20.0,15.0,0.5,10.0
Aegis Vopak Terminals Ltd.,26-May-2025,235.0,2800.0,1.97,0.64,0.78,1.66,02-Jun-2025,220.00,242.00,2.98,2026,1,3.3278022993400684,Other,neutral,1.2,60.0,20.0,15.0,0.5,10.0
Schloss Bangalore Ltd.,26-May-2025,435.0,3500.0,3.74,1.06,0.83,3.05,02-Jun-2025,406.00,435.55,0.13,2026,1,0.3692326480441212,Other,neutral,1.2,60.0,20.0,15.0,0.5,10.0
Belrise Industries Ltd.,21-May-2025,90.0,2150.0,0.98,40.78,4.4,8.15,28-May-2025,100.00,97.41,8.23,2026,1,7.843934971598667,Other,neutral,1.2,60.0,20.0,15.0,0.5,10.0
Borana Weaves Ltd.,20-May-2025,216.0,144.89,35.27,237.23,192.74,81.31,27-May-2025,243.00,255.15,18.13,2026,1,8.77184071836794,Other,bull,1.2,60.0,20.0,15.0,0.5,10.0
Ather Energy Ltd.,28-Apr-2025,321.0,2980.76,1.3,0.68,1.76,1.26,06-May-2025,328.00,302.30,-5.83,2026,0,-4.480986439793305,Other,bear,1.2,60.0,20.0,15.0,0.5,10.0
Quality Power Electrical Equipments Ltd.,14-Feb-2025,425.0,858.7,1.01,0.77,1.72,1.05,24-Feb-2025,430.00,387.90,-8.73,2026,0,-6.414324459396473,Other,bear,1.2,60.0,20.0,15.0,0.5,10.0
Hexaware Technologies Ltd.,12-Feb-2025,708.0,8750.0,4.42,0.21,0.1,2.25,19-Feb-2025,745.50,762.55,7.7,2026,1,0.2294551556036443,Tech,neutral,1.2,60.0,20.0,15.0,0.5,10.0
Ajax Engineering Ltd.,10-Feb-2025,629.0,1268.93,6.46,6.41,1.89,4.84,17-Feb-2025,576.00,595.40,-5.34,2026,0,-2.3156391688062716,Other,bear,1.2,60.0,20.0,15.0,0.5,10.0
Dr.Agarwal's Health Care Ltd.,29-Jan-2025,402.0,3027.26,2.48,0.37,0.39,1.39,04-Feb-2025,402.00,401.65,-0.09,2026,0,0.7291658165396679,Other,neutral,1.2,60.0,20.0,15.0,0.5,10.0
Denta Water & Infra Solutions Ltd.,22-Jan-2025,294.0,220.5,94.71,505.15,89.36,154.4,29-Jan-2025,325.00,341.25,16.07,2026,1,9.657340369927384,Other,bull,1.2,60.0,20.0,15.0,0.5,10.0
Stallion India Fluorochemicals Ltd.,16-Jan-2025,90.0,199.45,69.58,424.11,94.51,131.49,23-Jan-2025,120.00,126.00,40.0,2026,1,23.296238599874556,Other,bull,1.2,60.0,20.0,15.0,0.5,10.0
Laxmi Dental Ltd.,13-Jan-2025,428.0,698.06,44.6,147.44,75.35,63.1,20-Jan-2025,542.00,550.55,28.63,2026,1,12.931887773848754,Other,bull,1.2,60.0,20.0,15.0,0.5,10.0
Quadrant Future Tek Ltd.,07-Jan-2025,290.0,290.0,56.72,265.68,256.63,108.05,14-Jan-2025,370.00,444.00,53.1,2026,1,30.598064031703924,Other,bull,1.2,60.0,20.0,15.0,0.5,10.0
Standard Glass Lining Technology Ltd.,06-Jan-2025,140.0,410.05,131.6,273.52,65.72,129.83,13-Jan-2025,176.00,163.35,16.68,2026,1,8.97985645041969,Tech,bull,1.2,60.0,20.0,15.0,0.5,10.0
Powerica Ltd.,24-Mar-2026,395.0,1100.0,2.53,0.45,0.15,1.38,02-Apr-2026,366.00,390.00,-1.27,2025,0,-3.1688318076648567,Other,neutral,1.2,60.0,20.0,15.0,0.5,10.0
Sai Parenteral's Ltd.,24-Mar-2026,392.0,408.79,1.34,2.46,0.12,1.08,02-Apr-2026,400.00,405.70,3.49,2025,1,1.6101428650019725,Other,neutral,1.2,60.0,20.0,15.0,0.5,10.0
Amir Chand Jagdish Kumar (Exports) Ltd.,24-Mar-2026,212.0,440.0,1.11,13.35,1.41,3.05,02-Apr-2026,200.00,180.00,-15.09,2025,0,-7.841847429556385,Other,bear,1.2,60.0,20.0,15.0,0.5,10.0
Central Mine Planning & Design Institute Ltd.,20-Mar-2026,172.0,1841.45,2.02,0.33,0.31,1.03,30-Mar-2026,160.00,154.06,-10.43,2025,0,-0.5994422963684096,Other,bear,1.2,60.0,20.0,15.0,0.5,10.0
GSP Crop Science Ltd.,16-Mar-2026,320.0,400.0,1.66,3.09,0.4,1.44,24-Mar-2026,328.00,356.25,11.33,2025,1,7.321733438495517,Other,bull,1.2,60.0,20.0,15.0,0.5,10.0
Innovision Ltd.,10-Mar-2026,519.0,319.25,12.83,8.33,0.59,3.35,23-Mar-2026,467.70,374.20,-27.9,2025,0,-15.967348827831708,Other,bear,1.2,60.0,20.0,15.0,0.5,10.0
Rajputana Stainless Ltd.,09-Mar-2026,122.0,254.98,2.5,2.45,0.24,1.06,19-Mar-2026,122.00,113.03,-7.35,2025,0,-4.6333377472985005,Other,bear,1.2,60.0,20.0,15.0,0.5,10.0
SEDEMAC Mechatronics Ltd.,04-Mar-2026,1352.0,1087.35,3.99,0.84,0.19,2.19,11-Mar-2026,"1,535.00","1,451.10",7.33,2025,1,-1.358313645897125,Other,neutral,1.2,60.0,20.0,15.0,0.5,10.0
Omnitech Engineering Ltd.,25-Feb-2026,227.0,583.0,1.9,0.72,0.33,1.18,05-Mar-2026,202.00,204.93,-9.72,2025,0,-5.911541626347651,Tech,bear,1.2,60.0,20.0,15.0,0.5,10.0
PNGS Reva Diamond Jewellery Ltd.,24-Feb-2026,386.0,379.52,1.22,1.56,1.34,1.29,04-Mar-2026,375.00,411.70,6.66,2025,1,4.17669062982308,Other,neutral,1.2,60.0,20.0,15.0,0.5,10.0
Shree Ram Twistex Ltd.,23-Feb-2026,104.0,110.24,3.72,208.14,72.84,41.29,02-Mar-2026,68.00,71.40,-31.35,2025,0,-11.42027366254414,Other,bear,1.2,60.0,20.0,15.0,0.5,10.0
Clean Max Enviro Energy Solutions Ltd.,23-Feb-2026,1053.0,3079.88,1.81,0.57,0.06,1.0,02-Mar-2026,960.00,867.50,-17.62,2025,0,-11.149082894343367,Other,bear,1.2,60.0,20.0,15.0,0.5,10.0
Gaudium IVF & Women Health Ltd.,20-Feb-2026,79.0,165.0,1.23,13.6,7.36,5.23,27-Feb-2026,83.00,80.26,1.59,2025,1,1.8586420270008372,Other,neutral,1.2,60.0,20.0,15.0,0.5,10.0
Aye Finance Ltd.,09-Feb-2026,129.0,1010.0,1.24,0.05,0.77,1.02,16-Feb-2026,129.00,128.91,-0.07,2025,0,-0.1461353091157299,Finance,neutral,1.2,60.0,20.0,15.0,0.5,10.0
Fractal Analytics Ltd.,09-Feb-2026,900.0,2833.9,2.38,1.07,1.01,2.01,16-Feb-2026,876.00,847.15,-5.87,2025,0,-7.028034112858595,Other,bear,1.2,60.0,20.0,15.0,0.5,10.0
Shadowfax Technologies Ltd.,20-Jan-2026,124.0,1907.27,2.22,0.84,2.33,2.02,28-Jan-2026,112.60,109.98,-11.31,2025,0,-3.357531556454939,Tech,bear,1.2,60.0,20.0,15.0,0.5,10.0
Amagi Media Labs Ltd.,13-Jan-2026,361.0,1788.62,13.85,38.3,9.47,17.08,21-Jan-2026,318.00,348.25,-3.53,2025,0,0.1377990980603223,Other,neutral,1.2,60.0,20.0,15.0,0.5,10.0
Bharat Coking Coal Ltd.,09-Jan-2026,23.0,1068.78,124.54,253.2,46.99,107.48,19-Jan-2026,45.00,40.58,76.43,2025,1,48.23109584112915,Other,bull,1.2,60.0,20.0,15.0,0.5,10.0
Om Power Transmission Ltd.,09-Apr-2026,,150.06,,,,,,,,0.0,2025,0,-2.7281623643842168,Other,neutral,1.2,60.0,20.0,15.0,0.5,10.0
Indo Farm Equipment Ltd.,31-Dec-2024,215.0,260.15,97.11,498.49,102.57,159.23,07-Jan-2025,256.00,273.69,27.3,2024,1,20.588382932808297,Other,bull,1.2,60.0,20.0,15.0,0.5,10.0
Unimech Aerospace & Manufacturing Ltd.,23-Dec-2024,785.0,500.0,133.73,275.23,57.86,128.02,31-Dec-2024,"1,460.00","1,376.25",75.32,2024,1,40.98644681162315,Other,bull,1.2,60.0,20.0,15.0,0.5,10.0
Senores Pharmaceuticals Ltd.,20-Dec-2024,391.0,582.11,40.12,98.1,94.87,54.02,30-Dec-2024,593.70,557.80,42.66,2024,1,27.356571281400807,Pharma,bull,1.2,60.0,20.0,15.0,0.5,10.0
Ventive Hospitality Ltd.,20-Dec-2024,643.0,1600.0,4.43,14.54,6.19,6.12,30-Dec-2024,716.00,704.35,9.54,2024,1,12.295366877429936,Other,neutral,1.2,60.0,20.0,15.0,0.5,10.0
Carraro India Ltd.,20-Dec-2024,704.0,1250.0,1.56,0.59,0.72,1.12,30-Dec-2024,651.00,636.20,-9.63,2024,0,-8.749608975392066,Other,bear,1.2,60.0,20.0,15.0,0.5,10.0
Transrail Lighting Ltd.,19-Dec-2024,432.0,838.91,79.49,78.1,23.08,58.2,27-Dec-2024,590.00,553.55,28.14,2024,1,15.185106811191684,Other,bull,1.2,60.0,20.0,15.0,0.5,10.0
DAM Capital Advisors Ltd.,19-Dec-2024,283.0,840.25,67.08,98.1,27.22,57.65,27-Dec-2024,393.00,415.10,46.68,2024,1,28.306954095262924,Other,bull,1.2,60.0,20.0,15.0,0.5,10.0
Mamata Machinery Ltd.,19-Dec-2024,243.0,179.35,94.92,272.75,139.29,136.48,27-Dec-2024,600.00,630.00,159.26,2024,1,94.0455730376514,Other,bull,1.2,60.0,20.0,15.0,0.5,10.0
Sanathan Textiles Ltd.,19-Dec-2024,321.0,550.0,32.51,44.26,9.3,26.15,27-Dec-2024,422.30,388.35,20.98,2024,1,7.936009706801601,Other,bull,1.2,60.0,20.0,15.0,0.5,10.0
Concord Enviro Systems Ltd.,19-Dec-2024,701.0,500.33,7.39,14.4,5.68,7.84,27-Dec-2024,826.00,827.10,17.99,2024,1,10.99968892441808,Other,bull,1.2,60.0,20.0,15.0,0.5,10.0
International Gemmological Institute (India) Ltd.,13-Dec-2024,417.0,4225.0,19.83,25.84,11.48,19.89,20-Dec-2024,510.00,471.15,12.99,2024,1,4.607088858821685,Other,bull,1.2,60.0,20.0,15.0,0.5,10.0
Inventurus Knowledge Solutions Ltd.,12-Dec-2024,1329.0,2497.92,32.84,23.13,14.65,29.46,19-Dec-2024,"1,900.00","1,960.85",47.54,2024,1,29.94477729190554,Other,bull,1.2,60.0,20.0,15.0,0.5,10.0
One Mobikwik Systems Ltd.,11-Dec-2024,279.0,572.0,50.81,114.38,143.52,69.61,18-Dec-2024,440.00,528.00,89.25,2024,1,50.791727297298586,Other,bull,1.2,60.0,20.0,15.0,0.5,10.0
Sai Life Sciences Ltd.,11-Dec-2024,549.0,3042.62,12.54,4.99,1.36,7.5,18-Dec-2024,650.00,764.65,39.28,2024,1,28.21780321505262,Other,bull,1.2,60.0,20.0,15.0,0.5,10.0
Vishal Mega Mart Ltd.,11-Dec-2024,78.0,8000.0,34.65,14.96,2.44,20.42,18-Dec-2024,104.00,111.93,43.5,2024,1,23.750240122991286,Other,bull,1.2,60.0,20.0,15.0,0.5,10.0
Suraksha Diagnostic Ltd.,29-Nov-2024,441.0,846.25,1.31,1.39,0.88,1.17,06-Dec-2024,438.00,441.00,0.0,2024,0,-0.9661845486170269,Other,neutral,1.2,60.0,20.0,15.0,0.5,10.0
Enviro Infra Engineers Ltd.,22-Nov-2024,148.0,650.3,63.5,152.57,23.86,62.85,29-Nov-2024,220.00,207.07,39.91,2024,1,26.38655165210901,Other,bull,1.2,60.0,20.0,15.0,0.5,10.0
NTPC Green Energy Ltd.,19-Nov-2024,108.0,10000.0,2.01,0.84,3.6,1.91,27-Nov-2024,111.50,121.65,12.64,2024,1,3.8914070506981338,Other,bull,1.2,60.0,20.0,15.0,0.5,10.0
Zinka Logistics Solutions Ltd.,13-Nov-2024,273.0,1114.72,1.53,0.23,1.6,1.34,22-Nov-2024,279.05,260.20,-4.69,2024,0,-2.131620196187612,Other,neutral,1.2,60.0,20.0,15.0,0.5,10.0
Niva Bupa Health Insurance Co.Ltd.,07-Nov-2024,74.0,2200.0,1.49,0.7,2.77,1.5,14-Nov-2024,78.50,74.00,0.0,2024,0,3.921428262847284,Other,neutral,1.2,60.0,20.0,15.0,0.5,10.0
Swiggy Ltd.,06-Nov-2024,390.0,11327.43,3.01,0.39,1.06,2.42,13-Nov-2024,420.00,456.00,16.92,2024,1,5.329550296316318,Other,bull,1.2,60.0,20.0,15.0,0.5,10.0
ACME Solar Holdings Ltd.,06-Nov-2024,289.0,2900.0,2.12,0.95,3.12,2.04,13-Nov-2024,251.00,253.15,-12.4,2024,0,-6.8860984244030865,Other,bear,1.2,60.0,20.0,15.0,0.5,10.0
Sagility India Ltd.,05-Nov-2024,30.0,2106.4,2.04,1.88,3.98,2.2,12-Nov-2024,31.06,29.32,-2.27,2024,0,-0.5823516172547294,Other,neutral,1.2,60.0,20.0,15.0,0.5,10.0
Afcons Infrastructure Ltd.,25-Oct-2024,463.0,5430.0,2.19,5.23,0.94,2.2,04-Nov-2024,426.00,474.20,2.42,2024,1,3.79746861533193,Other,neutral,1.2,60.0,20.0,15.0,0.5,10.0
Godavari Biorefineries Ltd.,23-Oct-2024,352.0,554.75,1.77,0.89,1.68,1.61,30-Oct-2024,308.00,343.20,-2.5,2024,0,-5.210852132634246,Other,neutral,1.2,60.0,20.0,15.0,0.5,10.0
Deepak Builders & Engineers India Ltd.,21-Oct-2024,203.0,260.04,6.03,81.74,38.95,28.91,28-Oct-2024,200.00,161.95,-20.22,2024,0,-16.09336983925283,Other,bear,1.2,60.0,20.0,15.0,0.5,10.0
Waaree Energies Ltd.,21-Oct-2024,1503.0,4321.44,86.51,64.65,11.06,55.98,28-Oct-2024,"2,500.00","2,338.90",55.62,2024,1,34.93782469685069,Other,bull,1.2,60.0,20.0,15.0,0.5,10.0
Hyundai Motor India Ltd.,15-Oct-2024,1960.0,27858.75,3.4,0.57,0.44,1.93,22-Oct-2024,"1,934.00","1,819.60",-7.16,2024,0,-3.405045980300442,Other,bear,1.2,60.0,20.0,15.0,0.5,10.0
Garuda Construction & Engineering Ltd.,08-Oct-2024,95.0,264.1,1.13,8.93,10.56,5.6,15-Oct-2024,105.00,106.36,11.96,2024,1,7.92747855103763,Other,bull,1.2,60.0,20.0,15.0,0.5,10.0
Diffusion Engineers Ltd.,26-Sep-2024,168.0,157.96,38.77,76.42,83.84,59.88,04-Oct-2024,193.50,203.17,20.93,2024,1,13.597344628490928,Other,bull,1.2,60.0,20.0,15.0,0.5,10.0
KRN Heat Exchanger & Refrigeration Ltd.,25-Sep-2024,220.0,341.95,102.4,428.12,101.07,151.95,03-Oct-2024,480.00,478.79,117.63,2024,1,68.53792583526452,Other,bull,1.2,60.0,20.0,15.0,0.5,10.0
Manba Finance Ltd.,23-Sep-2024,120.0,150.84,58.0,511.91,139.75,154.7,30-Sep-2024,150.00,157.45,31.21,2024,1,19.42276109148301,Finance,bull,1.2,60.0,20.0,15.0,0.5,10.0
Western Carriers (India) Ltd.,13-Sep-2024,172.0,492.88,12.01,46.53,27.21,22.51,24-Sep-2024,171.00,159.44,-7.3,2024,0,-3.500782580103956,Other,bear,1.2,60.0,20.0,15.0,0.5,10.0
Arkade Developers Ltd.,16-Sep-2024,128.0,410.0,69.48,174.23,58.03,80.78,24-Sep-2024,175.00,165.86,29.58,2024,1,15.604945745920894,Other,bull,1.2,60.0,20.0,15.0,0.5,10.0
Northern Arc Capital Ltd.,16-Sep-2024,263.0,777.0,97.41,149.32,32.85,80.97,24-Sep-2024,350.00,323.40,22.97,2024,1,19.379323533434267,Other,bull,1.2,60.0,20.0,15.0,0.5,10.0
P N Gadgil Jewellers Ltd.,10-Sep-2024,480.0,1100.0,58.18,58.89,17.73,44.13,17-Sep-2024,830.00,793.30,65.27,2024,1,40.58349876273536,Other,bull,1.2,60.0,20.0,15.0,0.5,10.0
Bajaj Housing Finance Ltd.,09-Sep-2024,70.0,6560.0,89.67,42.85,7.54,49.63,16-Sep-2024,150.00,165.00,135.71,2024,1,77.85208950839205,Finance,bull,1.2,60.0,20.0,15.0,0.5,10.0
Tolins Tyres Ltd.,09-Sep-2024,226.0,230.0,11.43,28.72,22.31,17.83,16-Sep-2024,228.00,239.40,5.93,2024,1,5.5276608259014886,Other,neutral,1.2,60.0,20.0,15.0,0.5,10.0
Kross Ltd.,09-Sep-2024,240.0,500.0,10.44,23.36,11.48,12.74,16-Sep-2024,240.00,259.81,8.25,2024,1,2.025954989318036,Other,neutral,1.2,60.0,20.0,15.0,0.5,10.0
Shree Tirupati Balajee Agro Trading Co.Ltd.,05-Sep-2024,83.0,169.65,60.56,209.02,71.62,86.7,12-Sep-2024,90.00,94.50,13.86,2024,1,10.677253811227356,Other,bull,1.2,60.0,20.0,15.0,0.5,10.0
Gala Precision Engineering Ltd.,02-Sep-2024,529.0,167.93,92.68,425.84,102.38,145.78,09-Sep-2024,721.10,757.15,43.13,2024,1,29.35378673702221,Other,bull,1.2,60.0,20.0,15.0,0.5,10.0
Baazar Style Retail Ltd.,30-Aug-2024,389.0,834.68,33.32,59.53,9.36,28.83,06-Sep-2024,389.00,400.00,2.83,2024,1,-0.7640469550551314,Other,neutral,1.2,60.0,20.0,15.0,0.5,10.0
ECOS (India) Mobility & Hospitality Ltd.,28-Aug-2024,334.0,601.2,55.38,70.23,19.31,44.98,04-Sep-2024,390.00,443.15,32.68,2024,1,22.498128387732965,Other,bull,1.2,60.0,20.0,15.0,0.5,10.0
Premier Energies Ltd.,27-Aug-2024,450.0,2830.4,85.49,50.73,7.59,52.82,03-Sep-2024,990.00,839.90,86.64,2024,1,53.2223427808095,Other,bull,1.2,60.0,20.0,15.0,0.5,10.0
Orient Technologies Ltd.,21-Aug-2024,206.0,214.76,75.42,302.28,66.68,106.39,28-Aug-2024,288.00,302.40,46.8,2024,1,30.54618047998347,Tech,bull,1.2,60.0,20.0,15.0,0.5,10.0
Interarch Building Products Ltd.,19-Aug-2024,900.0,600.29,79.44,127.48,20.4,65.75,26-Aug-2024,"1,220.00","1,196.45",32.94,2024,1,25.454378947961843,Other,bull,1.2,60.0,20.0,15.0,0.5,10.0
Saraswati Saree Depot Ltd.,12-Aug-2024,160.0,160.01,63.3,360.72,64.8,108.44,20-Aug-2024,194.00,203.70,27.31,2024,1,15.649835651991388,Other,bull,1.2,60.0,20.0,15.0,0.5,10.0
Brainbees Solutions Ltd.,06-Aug-2024,465.0,4193.73,8.32,4.69,2.38,7.17,13-Aug-2024,651.00,679.10,46.04,2024,1,25.36279150692753,Other,bull,1.2,60.0,20.0,15.0,0.5,10.0
Unicommerce eSolutions Ltd.,06-Aug-2024,108.0,276.57,55.83,254.2,136.56,93.66,13-Aug-2024,235.00,210.08,94.52,2024,1,54.043456711123426,Other,bull,1.2,60.0,20.0,15.0,0.5,10.0
Ola Electric Mobility Ltd.,02-Aug-2024,76.0,6145.56,2.84,2.2,3.86,2.85,09-Aug-2024,76.00,91.20,20.0,2024,1,9.552569145103686,Other,bull,1.2,60.0,20.0,15.0,0.5,10.0
Ceigall India Ltd.,01-Aug-2024,401.0,1252.66,13.13,14.85,3.89,10.14,08-Aug-2024,419.00,386.75,-3.55,2024,0,-2.361305128242312,Other,neutral,1.2,60.0,20.0,15.0,0.5,10.0
Akums Drugs & Pharmaceuticals Ltd.,30-Jul-2024,679.0,1856.74,36.57,42.15,21.02,35.54,06-Aug-2024,725.00,796.25,17.27,2024,1,11.38545592444993,Pharma,bull,1.2,60.0,20.0,15.0,0.5,10.0
Sanstar Ltd.,19-Jul-2024,95.0,510.15,58.84,135.23,23.54,57.94,26-Jul-2024,109.00,115.07,21.13,2024,1,13.508072397990055,Other,bull,1.2,60.0,20.0,15.0,0.5,10.0
Emcure Pharmaceuticals Ltd.,03-Jul-2024,1008.0,1952.03,76.95,49.21,7.23,48.13,10-Jul-2024,"1,325.05","1,359.15",34.84,2024,1,23.385549747108072,Pharma,bull,1.2,60.0,20.0,15.0,0.5,10.0
Bansal Wire Industries Ltd.,03-Jul-2024,256.0,745.0,62.01,54.16,14.16,44.08,10-Jul-2024,356.00,350.35,36.86,2024,1,22.15500567563372,Other,bull,1.2,60.0,20.0,15.0,0.5,10.0
Vraj Iron & Steel Ltd.,26-Jun-2024,207.0,171.0,69.92,221.52,57.55,88.33,03-Jul-2024,240.00,252.00,21.74,2024,1,17.404602231471948,Other,bull,1.2,60.0,20.0,15.0,0.5,10.0
Allied Blenders & Distillers Ltd.,25-Jun-2024,281.0,1500.0,21.76,34.06,4.73,17.61,02-Jul-2024,320.00,317.90,13.13,2024,1,7.084029500286132,Other,bull,1.2,60.0,20.0,15.0,0.5,10.0
Stanley Lifestyles Ltd.,21-Jun-2024,369.0,537.02,86.67,121.66,19.27,68.33,28-Jun-2024,494.95,474.75,28.66,2024,1,25.356507499768853,Other,bull,1.2,60.0,20.0,15.0,0.5,10.0
DEE Development Engineers Ltd.,19-Jun-2024,203.0,418.01,83.87,147.1,24.89,72.53,26-Jun-2024,339.00,335.32,65.18,2024,1,40.985002043295026,Other,bull,1.2,60.0,20.0,15.0,0.5,10.0
Akme Fintrade (India) Ltd.,19-Jun-2024,120.0,132.0,11.68,130.98,45.75,39.44,26-Jun-2024,127.00,133.35,11.12,2024,1,4.100527330751152,Other,bull,1.2,60.0,20.0,15.0,0.5,10.0
Le Travenues Technology Ltd.,10-Jun-2024,93.0,740.1,43.1,110.89,54.44,54.4,18-Jun-2024,138.10,165.72,78.19,2024,1,43.701322505816655,Tech,bull,1.2,60.0,20.0,15.0,0.5,10.0
Kronox Lab Sciences Ltd.,03-Jun-2024,136.0,130.15,35.53,304.26,54.9,82.62,10-Jun-2024,164.95,159.32,17.15,2024,1,11.737417245729556,Other,bull,1.2,60.0,20.0,15.0,0.5,10.0
Awfis Space Solutions Ltd.,22-May-2024,383.0,598.93,47.18,130.09,53.74,60.05,30-May-2024,435.00,421.75,10.12,2024,1,5.401611644022447,Other,bull,1.2,60.0,20.0,15.0,0.5,10.0
Go Digit General Insurance Ltd.,15-May-2024,272.0,2614.65,5.61,7.23,4.08,5.7,23-May-2024,286.00,306.00,12.5,2024,1,9.642001482276276,Other,bull,1.2,60.0,20.0,15.0,0.5,10.0
TBO Tek Ltd.,08-May-2024,920.0,1550.81,50.73,50.59,25.94,48.14,15-May-2024,"1,426.00","1,406.30",52.86,2024,1,33.135712873720635,Other,bull,1.2,60.0,20.0,15.0,0.5,10.0
Aadhar Housing Finance Ltd.,08-May-2024,315.0,3000.0,31.13,17.31,2.52,19.0,15-May-2024,315.00,329.45,4.59,2024,1,2.5355132620293817,Finance,neutral,1.2,60.0,20.0,15.0,0.5,10.0
Indegene Ltd.,06-May-2024,452.0,1841.76,77.5,56.44,8.25,49.75,13-May-2024,655.00,570.90,26.31,2024,1,13.245618845794784,Other,bull,1.2,60.0,20.0,15.0,0.5,10.0
JNK India Ltd.,23-Apr-2024,415.0,649.47,31.58,19.92,4.17,20.24,30-Apr-2024,621.00,694.55,67.36,2024,1,35.8714583259424,Other,bull,1.2,60.0,20.0,15.0,0.5,10.0
Bharti Hexacom Ltd.,03-Apr-2024,570.0,4275.0,20.07,10.28,2.74,16.87,12-Apr-2024,755.00,813.30,42.68,2024,1,24.26845514379894,Other,bull,1.2,60.0,20.0,15.0,0.5,10.0
SRM Contractors Ltd.,26-Mar-2024,210.0,130.2,23.91,214.68,45.86,60.21,03-Apr-2024,215.25,226.00,7.62,2024,1,7.141196382970417,Other,neutral,1.2,60.0,20.0,15.0,0.5,10.0
Krystal Integrated Services Ltd.,14-Mar-2024,715.0,300.12,3.54,45.38,3.32,9.74,21-Mar-2024,785.00,712.85,-0.3,2024,0,0.4622812323906118,Other,neutral,1.2,60.0,20.0,15.0,0.5,10.0
Popular Vehicles & Services Ltd.,12-Mar-2024,295.0,601.55,1.52,0.66,1.03,1.22,19-Mar-2024,289.20,276.15,-6.39,2024,0,-7.571216336135963,Other,bear,1.2,60.0,20.0,15.0,0.5,10.0
Gopal Snacks Ltd.,06-Mar-2024,401.0,650.0,7.99,9.95,4.08,6.88,14-Mar-2024,351.00,362.70,-9.55,2024,0,-5.210457222446454,Other,bear,1.2,60.0,20.0,15.0,0.5,10.0
J.G.Chemicals Ltd.,05-Mar-2024,221.0,251.19,13.41,47.72,17.59,20.02,13-Mar-2024,209.00,184.80,-16.38,2024,0,-8.672047860813489,Other,bear,1.2,60.0,20.0,15.0,0.5,10.0
R K SWAMY Ltd.,04-Mar-2024,288.0,423.56,8.85,34.16,33.33,14.81,12-Mar-2024,250.00,262.60,-8.82,2024,0,-7.9435723086033985,Other,bear,1.2,60.0,20.0,15.0,0.5,10.0
Mukka Proteins Ltd.,29-Feb-2024,28.0,224.0,76.64,246.54,57.27,95.35,07-Mar-2024,40.00,42.25,50.89,2024,1,30.995175317836583,Other,bull,1.2,60.0,20.0,15.0,0.5,10.0
Platinum Industries Ltd.,27-Feb-2024,171.0,235.32,61.19,141.66,50.17,69.4,05-Mar-2024,225.00,221.20,29.36,2024,1,17.790626155338,Other,bull,1.2,60.0,20.0,15.0,0.5,10.0
Exicom Tele-Systems Ltd.,27-Feb-2024,142.0,429.0,56.23,158.82,121.61,78.16,05-Mar-2024,265.00,224.95,58.42,2024,1,31.623089106508132,Other,bull,1.2,60.0,20.0,15.0,0.5,10.0
GPT Healthcare Ltd.,22-Feb-2024,186.0,525.14,7.57,11.03,2.35,6.26,29-Feb-2024,215.00,200.70,7.9,2024,1,5.8133620810448505,Other,neutral,1.2,60.0,20.0,15.0,0.5,10.0
Juniper Hotels Ltd.,21-Feb-2024,360.0,1800.0,1.9,0.88,1.29,1.68,28-Feb-2024,365.00,401.50,11.53,2024,1,8.600353579104702,Other,bull,1.2,60.0,20.0,15.0,0.5,10.0
Vibhor Steel Tubes Ltd.,13-Feb-2024,151.0,72.17,75.42,770.67,197.91,221.21,20-Feb-2024,425.00,446.25,195.53,2024,1,120.56715372952584,Other,bull,1.2,60.0,20.0,15.0,0.5,10.0
Entero Healthcare Solutions Ltd.,09-Feb-2024,1258.0,1600.0,1.53,0.21,1.32,1.31,16-Feb-2024,"1,228.70","1,149.55",-8.62,2024,0,-2.0105938438952906,Other,bear,1.2,60.0,20.0,15.0,0.5,10.0
Rashi Peripherals Ltd.,07-Feb-2024,311.0,600.0,61.02,65.97,10.98,44.25,14-Feb-2024,339.50,321.50,3.38,2024,1,-2.1050081038712727,Other,neutral,1.2,60.0,20.0,15.0,0.5,10.0
Jana Small Finance Bank Ltd.,07-Feb-2024,414.0,570.0,16.59,26.18,5.81,13.94,14-Feb-2024,396.00,368.15,-11.07,2024,0,-9.455475119745367,Finance,bear,1.2,60.0,20.0,15.0,0.5,10.0
Capital Small Finance Bank Ltd.,07-Feb-2024,468.0,523.07,3.4,4.11,2.62,3.23,14-Feb-2024,430.25,435.00,-7.05,2024,0,-2.68489419837402,Finance,bear,1.2,60.0,20.0,15.0,0.5,10.0
Apeejay Surrendra Park Hotels Ltd.,05-Feb-2024,155.0,920.0,32.47,54.14,31.25,35.19,12-Feb-2024,186.00,203.55,31.32,2024,1,20.333357852736626,Other,bull,1.2,60.0,20.0,15.0,0.5,10.0
BLS E-Services Ltd.,30-Jan-2024,135.0,309.29,49.54,298.02,226.49,94.98,06-Feb-2024,305.00,366.00,171.11,2024,1,104.21114305891815,Other,bull,1.2,60.0,20.0,15.0,0.5,10.0
Nova AgriTech Ltd.,23-Jan-2024,41.0,143.81,32.51,232.54,78.22,78.51,31-Jan-2024,55.00,57.75,40.85,2024,1,36.06819447196416,Tech,bull,1.2,60.0,20.0,15.0,0.5,10.0
EPACK Durable Ltd.,19-Jan-2024,230.0,640.05,10.89,29.06,6.44,12.06,30-Jan-2024,221.00,207.60,-9.74,2024,0,-4.1313284679205,Other,bear,1.2,60.0,20.0,15.0,0.5,10.0
Medi Assist Healthcare Services Ltd.,15-Jan-2024,418.0,1171.58,16.68,14.76,3.07,11.63,23-Jan-2024,460.00,464.10,11.03,2024,1,10.024696920541796,Other,bull,1.2,60.0,20.0,15.0,0.5,10.0
Jyoti CNC Automation Ltd.,09-Jan-2024,331.0,1000.0,19.08,38.31,26.48,22.59,16-Jan-2024,370.00,434.20,31.18,2024,1,21.570005290479607,Other,bull,1.2,60.0,20.0,15.0,0.5,10.0
Innova Captab Ltd.,21-Dec-2023,448.0,570.0,46.93,65.01,17.02,39.17,29-Dec-2023,452.10,541.40,20.85,2023,1,14.464173753917391,Other,bull,1.2,60.0,20.0,15.0,0.5,10.0
Azad Engineering Ltd.,20-Dec-2023,524.0,740.0,72.25,90.49,23.95,57.77,28-Dec-2023,720.00,677.50,29.29,2023,1,16.628192266078962,Other,bull,1.2,60.0,20.0,15.0,0.5,10.0
RBZ Jewellers Ltd.,19-Dec-2023,100.0,100.0,6.19,9.12,24.78,13.58,27-Dec-2023,100.00,105.00,5.0,2023,1,5.276907661479802,Other,neutral,1.2,60.0,20.0,15.0,0.5,10.0
Credo Brands Marketing Ltd.,19-Dec-2023,280.0,549.78,43.39,52.27,19.47,36.35,27-Dec-2023,282.35,312.20,11.5,2023,1,4.581524356387284,Other,bull,1.2,60.0,20.0,15.0,0.5,10.0
Happy Forgings Ltd.,19-Dec-2023,850.0,1008.59,86.32,63.14,15.02,57.89,27-Dec-2023,"1,000.00","1,030.80",21.27,2023,1,12.051544179779972,Other,bull,1.2,60.0,20.0,15.0,0.5,10.0
Muthoot Microfin Ltd.,18-Dec-2023,291.0,960.0,7.98,13.59,7.82,8.68,26-Dec-2023,275.30,266.15,-8.54,2023,0,-6.58009064348731,Other,bear,1.2,60.0,20.0,15.0,0.5,10.0
Motisons Jewellers Ltd.,18-Dec-2023,55.0,151.09,64.92,705.88,117.44,213.54,26-Dec-2023,109.00,103.55,88.27,2023,1,53.20762241815896,Other,bull,1.2,60.0,20.0,15.0,0.5,10.0
Suraj Estate Developers Ltd.,18-Dec-2023,360.0,400.0,10.92,19.89,9.54,11.78,26-Dec-2023,340.00,334.50,-7.08,2023,0,2.695975700020526,Other,bear,1.2,60.0,20.0,15.0,0.5,10.0
Inox India Ltd.,14-Dec-2023,660.0,1459.32,59.58,52.74,14.68,42.84,21-Dec-2023,949.65,939.95,42.42,2023,1,19.850204422224756,Other,bull,1.2,60.0,20.0,15.0,0.5,10.0
India Shelter Finance Corp.Ltd.,13-Dec-2023,493.0,1200.0,38.26,29.76,10.07,27.12,20-Dec-2023,620.00,544.70,10.49,2023,1,8.35278057112354,Finance,bull,1.2,60.0,20.0,15.0,0.5,10.0
DOMS Industries Ltd.,13-Dec-2023,790.0,1200.0,49.34,69.44,70.14,54.19,20-Dec-2023,"1,400.00","1,326.05",67.85,2023,1,35.87185238643104,Other,bull,1.2,60.0,20.0,15.0,0.5,10.0
Flair Writing Industries Ltd.,22-Nov-2023,304.0,593.0,49.32,35.58,13.37,34.68,01-Dec-2023,501.00,450.90,48.32,2023,1,27.576204402631696,Other,bull,1.2,60.0,20.0,15.0,0.5,10.0
Tata Technologies Ltd.,22-Nov-2023,500.0,3042.51,81.79,62.87,16.01,51.18,30-Nov-2023,"1,200.00","1,313.00",162.6,2023,1,100.82685179090208,Tech,bull,1.2,60.0,20.0,15.0,0.5,10.0
Gandhar Oil Refinery (India) Ltd.,22-Nov-2023,169.0,500.69,52.11,64.99,29.09,45.99,30-Nov-2023,298.00,301.40,78.34,2023,1,47.19684005728639,Other,bull,1.2,60.0,20.0,15.0,0.5,10.0
Fedbank Financial Services Ltd.,22-Nov-2023,140.0,1092.26,2.03,1.51,1.8,1.85,30-Nov-2023,138.00,140.25,0.18,2023,1,-3.1252343337879185,Finance,neutral,1.2,60.0,20.0,15.0,0.5,10.0
Indian Renewable Energy Development Agency Ltd.,21-Nov-2023,32.0,2150.21,42.69,22.98,7.53,27.35,29-Nov-2023,50.00,60.00,87.5,2023,1,50.354088872220096,Other,bull,1.2,60.0,20.0,15.0,0.5,10.0
ASK Automotive Ltd.,07-Nov-2023,282.0,833.91,57.55,35.43,5.55,36.03,15-Nov-2023,303.30,310.10,9.96,2023,1,8.014793246804027,Other,neutral,1.2,60.0,20.0,15.0,0.5,10.0
Protean eGov Technologies Ltd.,06-Nov-2023,792.0,489.95,19.37,31.98,8.7,17.11,13-Nov-2023,792.00,883.00,11.49,2023,1,4.70290010484859,Tech,bull,1.2,60.0,20.0,15.0,0.5,10.0
ESAF Small Finance Bank Ltd.,03-Nov-2023,60.0,463.0,73.45,88.93,17.83,54.68,10-Nov-2023,71.00,69.05,15.08,2023,1,9.697375768745925,Finance,bull,1.2,60.0,20.0,15.0,0.5,10.0
Honasa Consumer Ltd.,31-Oct-2023,324.0,1701.44,5.22,4.02,1.31,4.65,07-Nov-2023,330.00,337.10,4.04,2023,1,2.560715519711441,Other,neutral,1.2,60.0,20.0,15.0,0.5,10.0
Cello World Ltd.,30-Oct-2023,648.0,1900.0,49.78,24.45,3.17,29.5,06-Nov-2023,829.00,791.70,22.18,2023,1,11.35319895718255,Other,bull,1.2,60.0,20.0,15.0,0.5,10.0
Blue Jet Healthcare Ltd.,25-Oct-2023,346.0,840.27,6.2,13.48,2.25,5.91,01-Nov-2023,380.00,413.40,19.48,2023,1,18.11983226797598,Other,bull,1.2,60.0,20.0,15.0,0.5,10.0
IRM Energy Ltd.,18-Oct-2023,505.0,545.0,18.33,48.98,9.07,19.3,26-Oct-2023,477.25,473.15,-6.31,2023,0,-1.8842429330459656,Other,bear,1.2,60.0,20.0,15.0,0.5,10.0
Plaza Wires Ltd.,29-Sep-2023,54.0,71.28,26.2,387.25,360.04,113.74,12-Oct-2023,76.00,80.20,48.52,2023,1,23.03657224002718,Other,bull,1.2,60.0,20.0,15.0,0.5,10.0
Valiant Laboratories Ltd.,27-Sep-2023,140.0,152.46,8.78,73.74,15.72,20.95,06-Oct-2023,162.15,170.25,21.61,2023,1,13.525362944308284,Other,bull,1.2,60.0,20.0,15.0,0.5,10.0
Updater Services Ltd.,25-Sep-2023,300.0,640.0,2.44,0.87,1.39,2.1,04-Oct-2023,285.00,283.90,-5.37,2023,0,-5.207359394305164,Other,bear,1.2,60.0,20.0,15.0,0.5,10.0
JSW Infrastructure Ltd.,25-Sep-2023,119.0,2800.0,24.64,16.74,10.44,22.03,03-Oct-2023,143.00,157.30,32.18,2023,1,21.865300004388672,Other,bull,1.2,60.0,20.0,15.0,0.5,10.0
Manoj Vaibhav Gems 'N' Jewellers Ltd.,22-Sep-2023,215.0,270.2,1.04,5.35,1.67,1.91,03-Oct-2023,215.00,215.50,0.23,2023,1,-2.2395622152981023,Other,neutral,1.2,60.0,20.0,15.0,0.5,10.0
Yatra Online Ltd.,15-Sep-2023,142.0,775.0,1.46,0.42,2.08,1.37,28-Sep-2023,127.50,135.90,-4.3,2023,0,-2.924209324400697,Other,neutral,1.2,60.0,20.0,15.0,0.5,10.0
Sai Silks (Kalamandir) Ltd.,20-Sep-2023,222.0,1201.0,5.51,2.56,0.87,3.45,27-Sep-2023,231.00,244.90,10.32,2023,1,7.706961836941371,Other,bull,1.2,60.0,20.0,15.0,0.5,10.0
Signatureglobal (India) Ltd.,20-Sep-2023,385.0,730.0,6.19,14.23,6.97,7.47,27-Sep-2023,444.00,458.55,19.1,2023,1,14.057265582510365,Other,bull,1.2,60.0,20.0,15.0,0.5,10.0
SAMHI Hotels Ltd.,14-Sep-2023,126.0,1370.1,4.32,1.26,1.11,3.54,22-Sep-2023,134.50,143.40,13.81,2023,1,4.685110778832671,Other,bull,1.2,60.0,20.0,15.0,0.5,10.0
Zaggle Prepaid Ocean Services Ltd.,14-Sep-2023,164.0,563.38,7.45,9.13,5.94,7.55,22-Sep-2023,164.00,158.35,-3.45,2023,0,-3.073503707522845,Other,neutral,1.2,60.0,20.0,15.0,0.5,10.0
EMS Ltd.,08-Sep-2023,211.0,321.25,60.31,83.76,29.28,52.97,21-Sep-2023,282.05,279.90,32.65,2023,1,18.165164066517132,Other,bull,1.2,60.0,20.0,15.0,0.5,10.0
R R Kabel Ltd.,13-Sep-2023,1035.0,1964.01,21.62,12.98,2.05,13.4,20-Sep-2023,"1,180.00","1,198.05",15.75,2023,1,7.490012302278863,Other,bull,1.2,60.0,20.0,15.0,0.5,10.0
Jupiter Life Line Hospitals Ltd.,06-Sep-2023,735.0,869.08,75.72,36.44,7.66,46.01,18-Sep-2023,973.00,"1,075.75",46.36,2023,1,33.112362720843294,Other,bull,1.2,60.0,20.0,15.0,0.5,10.0
Ratnaveer Precision Engineering Ltd.,04-Sep-2023,98.0,165.03,53.61,134.18,52.84,65.42,11-Sep-2023,123.20,129.35,31.99,2023,1,20.408945132882867,Other,bull,1.2,60.0,20.0,15.0,0.5,10.0
Rishabh Instruments Ltd.,30-Aug-2023,441.0,490.78,29.51,31.39,8.16,22.32,11-Sep-2023,460.05,443.15,0.49,2023,1,-3.4886518630051353,Other,neutral,1.2,60.0,20.0,15.0,0.5,10.0
Vishnu Prakash R.Punglia Ltd.,24-Aug-2023,99.0,308.61,69.2,111.9,31.02,61.76,05-Sep-2023,165.00,145.70,47.17,2023,1,31.055585841164326,Other,bull,1.2,60.0,20.0,15.0,0.5,10.0
Aeroflex Industries Ltd.,22-Aug-2023,108.0,351.0,76.9,131.4,34.55,69.39,31-Aug-2023,190.00,163.25,51.16,2023,1,37.0624685910379,Other,bull,1.2,60.0,20.0,15.0,0.5,10.0
Pyramid Technoplast Ltd.,18-Aug-2023,166.0,153.05,4.69,32.25,14.24,14.98,29-Aug-2023,187.00,177.65,7.02,2023,1,7.30939578165344,Tech,neutral,1.2,60.0,20.0,15.0,0.5,10.0
TVS Supply Chain Solutions Ltd.,10-Aug-2023,197.0,880.0,1.16,2.38,7.53,1.98,23-Aug-2023,207.05,201.00,2.03,2023,1,-3.3401098978620407,Other,neutral,1.2,60.0,20.0,15.0,0.5,10.0
Concord Biotech Ltd.,04-Aug-2023,741.0,1550.52,27.62,16.94,3.7,17.64,18-Aug-2023,900.05,942.80,27.23,2023,1,14.885297781401247,Tech,bull,1.2,60.0,20.0,15.0,0.5,10.0
SBFC Finance Ltd.,03-Aug-2023,57.0,1025.0,82.0,52.08,11.15,52.23,16-Aug-2023,82.00,92.20,61.75,2023,1,40.85073344755987,Finance,bull,1.2,60.0,20.0,15.0,0.5,10.0
Yatharth Hospital & Trauma Care Services Ltd.,26-Jul-2023,300.0,686.55,35.04,38.54,8.38,26.24,07-Aug-2023,306.10,333.85,11.28,2023,1,4.644991603143658,Other,bull,1.2,60.0,20.0,15.0,0.5,10.0
Netweb Technologies India Ltd.,17-Jul-2023,500.0,631.0,88.64,84.21,18.74,63.41,27-Jul-2023,947.00,910.40,82.08,2023,1,50.57945828443868,Tech,bull,1.2,60.0,20.0,15.0,0.5,10.0
Utkarsh Small Finance Bank Ltd.,12-Jul-2023,25.0,500.0,54.91,88.11,76.14,61.41,21-Jul-2023,40.00,48.00,92.0,2023,1,57.523902160288,Finance,bull,1.2,60.0,20.0,15.0,0.5,10.0
Senco Gold Ltd.,04-Jul-2023,317.0,405.0,76.81,68.13,15.73,54.13,14-Jul-2023,430.00,405.30,27.85,2023,1,13.929208585265751,Other,bull,1.2,60.0,20.0,15.0,0.5,10.0
Cyient DLM Ltd.,27-Jun-2023,265.0,592.0,39.02,47.07,50.38,40.27,10-Jul-2023,403.00,420.60,58.72,2023,1,35.0534239318146,Other,bull,1.2,60.0,20.0,15.0,0.5,10.0
ideaForge Technology Ltd.,26-Jun-2023,672.0,567.24,51.13,78.41,82.03,58.23,07-Jul-2023,"1,300.00","1,294.95",92.7,2023,1,45.89619797979278,Tech,bull,1.2,60.0,20.0,15.0,0.5,10.0
HMA Agro Industries Ltd.,20-Jun-2023,585.0,480.0,1.35,3.13,0.96,1.48,04-Jul-2023,625.00,585.65,0.11,2023,1,-3.00716292400287,Other,neutral,1.2,60.0,20.0,15.0,0.5,10.0
IKIO Lighting Ltd.,06-Jun-2023,285.0,606.5,66.57,61.16,13.77,47.28,16-Jun-2023,392.50,403.85,41.7,2023,1,24.26229554582052,Other,bull,1.2,60.0,20.0,15.0,0.5,10.0
Mankind Pharma Ltd.,25-Apr-2023,1080.0,4326.36,20.32,3.59,0.89,11.01,09-May-2023,"1,300.00","1,080.00",0.0,2023,0,-3.743349545894549,Pharma,neutral,1.2,60.0,20.0,15.0,0.5,10.0
Avalon Technologies Ltd.,03-Apr-2023,436.0,865.0,2.12,0.37,0.84,1.73,18-Apr-2023,436.00,398.00,-8.72,2023,0,-0.334766088205094,Tech,bear,1.2,60.0,20.0,15.0,0.5,10.0
Udayshivakumar Infra Ltd.,20-Mar-2023,35.0,66.0,40.11,64.49,14.73,32.2,03-Apr-2023,0.00,31.50,-10.0,2023,0,-10.2904241338819,Other,bear,1.2,60.0,20.0,15.0,0.5,10.0
Global Surfaces Ltd.,13-Mar-2023,140.0,154.98,4.25,33.22,4.98,8.85,23-Mar-2023,164.00,171.05,22.18,2023,1,11.98786653990905,Other,bull,1.2,60.0,20.0,15.0,0.5,10.0
Divgi TorqTransfer Systems Ltd.,01-Mar-2023,590.0,412.12,3.76,1.37,4.17,3.44,14-Mar-2023,620.00,605.20,2.58,2023,1,1.9402217318582744,Other,neutral,1.2,60.0,20.0,15.0,0.5,10.0
Sah Polymers Ltd.,30-Dec-2022,65.0,66.3,1.52,32.79,38.62,9.92,12-Jan-2023,85.0,89.25,37.31,2022,1,26.709819867198345,Other,bull,1.2,60.0,20.0,15.0,0.5,10.0
Radiant Cash Management Services Ltd.,23-Dec-2022,94.0,256.64,1.68,1.07,0.3,1.1,04-Jan-2023,103.0,104.9,11.6,2022,1,2.652413546461682,Other,bull,1.2,60.0,20.0,15.0,0.5,10.0
Elin Electronics Ltd.,20-Dec-2022,247.0,475.0,2.53,3.35,2.26,2.56,30-Dec-2022,244.0,227.65,-7.83,2022,0,-1.2085087435351207,Other,bear,1.2,60.0,20.0,15.0,0.5,10.0
KFin Technologies Ltd.,19-Dec-2022,366.0,1500.0,2.41,0.12,1.38,1.96,29-Dec-2022,367.0,363.85,-0.59,2022,0,-0.3233008169412388,Tech,neutral,1.2,60.0,20.0,15.0,0.5,10.0
Landmark Cars Ltd.,13-Dec-2022,506.0,552.0,4.34,1.34,0.59,2.58,23-Dec-2022,471.0,458.4,-9.41,2022,0,-8.590525953143853,Other,bear,1.2,60.0,20.0,15.0,0.5,10.0
Abans Holdings Ltd.,12-Dec-2022,270.0,345.6,4.09,1.47,0.39,1.08,23-Dec-2022,273.0,218.4,-19.11,2022,0,-10.079689577210187,Other,bear,1.2,60.0,20.0,15.0,0.5,10.0
Sula Vineyards Ltd.,12-Dec-2022,357.0,960.35,2.33,1.45,1.58,1.93,22-Dec-2022,358.0,331.15,-7.24,2022,0,-3.74682091327959,Other,bear,1.2,60.0,20.0,15.0,0.5,10.0
Uniparts India Ltd.,30-Nov-2022,577.0,835.61,26.93,19.55,4.63,17.98,12-Dec-2022,575.0,539.65,-6.47,2022,0,-5.682650631476384,Other,bear,1.2,60.0,20.0,15.0,0.5,10.0
Dharmaj Crop Guard Ltd.,28-Nov-2022,237.0,251.09,19.61,60.64,22.62,26.69,08-Dec-2022,266.05,266.3,12.36,2022,1,7.625406254970056,Other,bull,1.2,60.0,20.0,15.0,0.5,10.0
Keystone Realtors Ltd.,14-Nov-2022,541.0,635.0,2.36,2.82,0.53,1.79,24-Nov-2022,555.0,556.85,2.93,2022,1,0.6020592094147204,Other,neutral,1.2,60.0,20.0,15.0,0.5,10.0
Inox Green Energy Services Ltd.,11-Nov-2022,65.0,740.0,1.1,0.49,4.91,1.39,23-Nov-2022,60.0,59.1,-9.08,2022,0,-5.107447964246256,Other,bear,1.2,60.0,20.0,15.0,0.5,10.0
Kaynes Technology India Ltd.,10-Nov-2022,587.0,857.82,40.45,20.67,4.21,24.76,22-Nov-2022,778.0,689.95,17.54,2022,1,12.51039202356314,Tech,bull,1.2,60.0,20.0,15.0,0.5,10.0
Five-Star Business Finance Ltd.,09-Nov-2022,474.0,1588.51,1.68,0.82,0.14,1.01,21-Nov-2022,468.8,490.0,3.38,2022,1,6.786050448436056,Finance,neutral,1.2,60.0,20.0,15.0,0.5,10.0
Archean Chemical Industries Ltd.,09-Nov-2022,407.0,1462.3,20.35,13.77,10.06,18.34,21-Nov-2022,450.0,458.15,12.57,2022,1,3.8285535035194527,Other,bull,1.2,60.0,20.0,15.0,0.5,10.0
Global Health Ltd.,03-Nov-2022,336.0,2205.57,12.42,3.95,0.87,7.11,16-Nov-2022,401.0,415.3,23.6,2022,1,20.5591001239688,Other,bull,1.2,60.0,20.0,15.0,0.5,10.0
Bikaji Foods International Ltd.,03-Nov-2022,300.0,880.86,30.19,7.06,4.64,17.63,16-Nov-2022,322.8,317.45,5.82,2022,1,-2.3642633985675054,Other,neutral,1.2,60.0,20.0,15.0,0.5,10.0
Fusion Micro Finance Ltd.,02-Nov-2022,368.0,1103.99,4.03,1.04,0.5,2.35,15-Nov-2022,359.5,324.8,-11.74,2022,0,-7.499355285106749,Finance,bear,1.2,60.0,20.0,15.0,0.5,10.0
DCX Systems Ltd.,31-Oct-2022,207.0,500.0,37.02,46.05,63.7,41.04,11-Nov-2022,286.25,308.8,49.18,2022,1,31.27295161945373,Other,bull,1.2,60.0,20.0,15.0,0.5,10.0
Tracxn Technologies Ltd.,10-Oct-2022,80.0,309.38,1.37,0.71,4.64,1.6,20-Oct-2022,84.5,93.25,16.56,2022,1,10.778975603205096,Tech,bull,1.2,60.0,20.0,15.0,0.5,10.0
Electronics Mart India Ltd.,04-Oct-2022,59.0,500.0,71.85,66.93,20.33,53.08,17-Oct-2022,90.0,84.5,43.22,2022,1,24.063901440538217,Other,bull,1.2,60.0,20.0,15.0,0.5,10.0
Harsha Engineers International Ltd.,14-Sep-2022,330.0,755.0,76.81,69.41,17.95,54.91,26-Sep-2022,450.0,486.5,47.42,2022,1,27.827633248928176,Other,bull,1.2,60.0,20.0,15.0,0.5,10.0
Tamilnad Mercantile Bank Ltd.,05-Sep-2022,510.0,807.84,1.26,2.89,6.0,1.98,15-Sep-2022,495.0,509.65,-0.07,2022,0,-1.5210028039764991,Finance,neutral,1.2,60.0,20.0,15.0,0.5,10.0
Dreamfolks Services Ltd.,24-Aug-2022,326.0,562.1,28.84,36.57,35.33,30.65,06-Sep-2022,508.7,462.4,41.84,2022,1,23.33590572916737,Other,bull,1.2,60.0,20.0,15.0,0.5,10.0
Syrma SGS Technology Ltd.,12-Aug-2022,220.0,840.13,39.83,17.68,4.37,24.1,26-Aug-2022,260.0,310.5,41.14,2022,1,27.23280629106308,Tech,bull,1.2,60.0,20.0,15.0,0.5,10.0
Aether Industries Ltd.,24-May-2022,642.0,808.04,8.34,2.48,0.59,4.72,03-Jun-2022,704.0,774.4,20.62,2022,1,13.44304645789514,Other,bull,1.2,60.0,20.0,15.0,0.5,10.0
eMudhra Ltd.,20-May-2022,256.0,412.79,2.17,0.7,1.45,1.7,01-Jun-2022,270.0,257.9,0.74,2022,1,-1.6347287857819626,Other,neutral,1.2,60.0,20.0,15.0,0.5,10.0
Ethos Ltd.,18-May-2022,878.0,402.26,1.37,1.93,0.24,1.06,30-May-2022,825.0,803.1,-8.53,2022,0,-2.419200373700247,Other,bear,1.2,60.0,20.0,15.0,0.5,10.0
Paradeep Phosphates Ltd.,17-May-2022,42.0,1501.73,1.99,0.67,0.86,1.39,27-May-2022,44.0,43.9,4.52,2022,1,3.633898562629827,Other,neutral,1.2,60.0,20.0,15.0,0.5,10.0
Delhivery Ltd.,11-May-2022,487.0,5235.0,1.73,0.04,0.27,1.33,24-May-2022,495.2,536.35,10.13,2022,1,8.51658635651688,Other,bull,1.2,60.0,20.0,15.0,0.5,10.0
Venus Pipes & Tubes Ltd.,11-May-2022,326.0,165.42,5.36,14.76,13.33,9.56,24-May-2022,337.5,354.35,8.7,2022,1,7.108886525770837,Other,neutral,1.2,60.0,20.0,15.0,0.5,10.0
Prudent Corporate Advisory Services Ltd.,10-May-2022,630.0,428.28,1.57,0.74,0.37,1.03,20-May-2022,650.0,561.75,-10.83,2022,0,-8.984985032766218,Other,bear,1.2,60.0,20.0,15.0,0.5,10.0
Life Insurance Corp.of India,04-May-2022,949.0,20557.23,1.73,2.43,1.61,2.05,17-May-2022,872.0,875.25,-7.77,2022,0,-6.342543120590909,Other,bear,1.2,60.0,20.0,15.0,0.5,10.0
Rainbow Children's Medicare Ltd.,27-Apr-2022,542.0,1580.85,16.13,3.81,0.78,8.82,10-May-2022,510.0,450.2,-16.94,2022,0,-7.922119184630214,Other,bear,1.2,60.0,20.0,15.0,0.5,10.0
Campus Activewear Ltd.,26-Apr-2022,292.0,1399.77,61.38,21.54,6.22,35.95,09-May-2022,360.0,378.9,29.76,2022,1,19.687110796300395,Other,bull,1.2,60.0,20.0,15.0,0.5,10.0
Hariom Pipe Industries Ltd.,30-Mar-2022,153.0,130.05,1.87,6.8,6.94,5.37,13-Apr-2022,220.0,231.0,50.98,2022,1,30.52529521810755,Other,bull,1.2,60.0,20.0,15.0,0.5,10.0
Veranda Learning Solutions Ltd.,29-Mar-2022,137.0,200.0,1.78,3.81,4.4,2.35,11-Apr-2022,125.0,131.25,-4.2,2022,0,-2.168017850073654,Other,neutral,1.2,60.0,20.0,15.0,0.5,10.0
Uma Exports Ltd.,28-Mar-2022,68.0,60.0,2.95,1.39,5.81,4.47,07-Apr-2022,76.0,79.8,17.35,2022,1,14.242994687365275,Other,bull,1.2,60.0,20.0,15.0,0.5,10.0
Vedant Fashions Ltd.,04-Feb-2022,866.0,3149.19,3.61,0.81,0.16,1.99,16-Feb-2022,935.0,933.55,7.8,2022,1,2.90528583349251,Other,neutral,1.2,60.0,20.0,15.0,0.5,10.0
Adani Wilmar Ltd.,27-Jan-2022,230.0,3600.0,2.96,59.83,3.39,13.44,08-Feb-2022,227.0,268.25,16.63,2022,1,11.619292143510112,Other,bull,1.2,60.0,20.0,15.0,0.5,10.0
AGS Transact Technologies Ltd.,19-Jan-2022,175.0,680.0,1.76,24.6,1.88,5.23,31-Jan-2022,175.0,161.05,-7.97,2022,0,-5.388577957301682,Tech,bear,1.2,60.0,20.0,15.0,0.5,10.0
CMS Info Systems Ltd.,21-Dec-2021,216.0,1100.0,1.44,0.86,1.26,1.29,31-Dec-2021,220.20,238.20,10.28,2021,1,5.514956390318338,Tech,bull,1.2,60.0,20.0,15.0,0.5,10.0
Supriya Lifescience Ltd.,16-Dec-2021,274.0,700.0,13.76,162.87,49.31,39.68,28-Dec-2021,421.00,390.85,42.65,2021,1,28.88633055596157,Other,bull,1.2,60.0,20.0,15.0,0.5,10.0
HP Adhesives Ltd.,15-Dec-2021,274.0,125.96,1.32,18.21,47.27,8.45,27-Dec-2021,315.00,330.75,20.71,2021,1,14.90224904696409,Other,bull,1.2,60.0,20.0,15.0,0.5,10.0
Data Patterns (India) Ltd.,14-Dec-2021,585.0,588.22,74.99,254.89,20.21,82.8,24-Dec-2021,856.05,755.00,29.06,2021,1,19.876528908001916,Other,bull,1.2,60.0,20.0,15.0,0.5,10.0
Medplus Health Services Ltd.,13-Dec-2021,796.0,1398.29,46.21,86.27,4.17,37.36,23-Dec-2021,"1,040.00","1,121.15",40.85,2021,1,28.426436421462988,Other,bull,1.2,60.0,20.0,15.0,0.5,10.0
Metro Brands Ltd.,10-Dec-2021,500.0,1367.51,4.01,2.69,0.63,2.63,22-Dec-2021,437.00,493.35,-1.33,2021,0,-0.7349884751017229,Other,neutral,1.2,60.0,20.0,15.0,0.5,10.0
C.E.Info systems Ltd.,09-Dec-2021,1033.0,1039.61,79.28,423.61,13.18,107.8,21-Dec-2021,"1,565.00","1,393.65",34.91,2021,1,22.99185891388489,Tech,bull,1.2,60.0,20.0,15.0,0.5,10.0
Shriram Properties Ltd.,08-Dec-2021,118.0,600.04,1.37,2.52,8.05,2.2,20-Dec-2021,90.00,99.60,-15.59,2021,0,-10.284800269780368,Other,bear,1.2,60.0,20.0,15.0,0.5,10.0
Rategain Travel Technologies Ltd.,07-Dec-2021,425.0,1335.74,3.97,41.63,5.46,9.73,17-Dec-2021,360.00,340.05,-19.99,2021,0,-11.021500942534672,Tech,bear,1.2,60.0,20.0,15.0,0.5,10.0
Anand Rathi Wealth Ltd.,02-Dec-2021,550.0,659.38,1.63,24.4,5.62,6.33,14-Dec-2021,600.00,583.55,6.1,2021,1,3.269570836896946,Other,neutral,1.2,60.0,20.0,15.0,0.5,10.0
Tega Industries Ltd.,01-Dec-2021,453.0,619.23,86.54,661.87,25.84,151.6,13-Dec-2021,760.00,726.05,60.28,2021,1,36.45898789497815,Other,bull,1.2,60.0,20.0,15.0,0.5,10.0
Star Health & Allied Insurance Co.Ltd.,30-Nov-2021,900.0,6018.68,1.01,0.67,0.59,0.95,10-Dec-2021,845.00,906.85,0.76,2021,1,2.2414710763107406,Other,neutral,1.2,60.0,20.0,15.0,0.5,10.0
Go Fashion (India) Ltd.,17-Nov-2021,690.0,1013.61,40.74,259.01,42.26,73.63,30-Nov-2021,"1,310.00","1,253.70",81.7,2021,1,46.565337950299586,Other,bull,1.2,60.0,20.0,15.0,0.5,10.0
Tarsons Products Ltd.,15-Nov-2021,662.0,1023.54,46.9,183.36,8.89,53.86,26-Nov-2021,682.00,818.40,23.63,2021,1,20.45516182705638,Other,bull,1.2,60.0,20.0,15.0,0.5,10.0
Latent View Analytics Ltd.,10-Nov-2021,197.0,600.0,60.57,875.55,106.09,185.32,23-Nov-2021,512.20,488.75,148.1,2021,1,85.84194785550089,Other,bull,1.2,60.0,20.0,15.0,0.5,10.0
Sapphire Foods India Ltd.,09-Nov-2021,1180.0,2073.25,3.64,3.12,6.65,3.86,18-Nov-2021,"1,350.00","1,211.55",2.67,2021,1,-2.0405658383631966,Other,neutral,1.2,60.0,20.0,15.0,0.5,10.0
One 97 Communications Ltd.,08-Nov-2021,2150.0,18300.0,1.76,0.23,1.27,1.48,18-Nov-2021,"1,950.00","1,560.80",-27.4,2021,0,-12.965667379499797,Other,bear,1.2,60.0,20.0,15.0,0.5,10.0
S.J.S.Enterprises Ltd.,01-Nov-2021,542.0,800.0,1.28,1.82,0.77,1.18,15-Nov-2021,542.00,510.20,-5.87,2021,0,-1.147011918111192,Other,bear,1.2,60.0,20.0,15.0,0.5,10.0
PB Fintech Ltd.,01-Nov-2021,980.0,5709.71,11.61,8.02,2.65,10.17,15-Nov-2021,"1,150.00","1,202.30",22.68,2021,1,15.480359451156463,Tech,bull,1.2,60.0,20.0,15.0,0.5,10.0
Sigachi Industries Ltd.,01-Nov-2021,163.0,125.43,32.54,163.23,68.94,64.89,15-Nov-2021,570.00,598.50,267.18,2021,1,162.19303652779283,Other,bull,1.2,60.0,20.0,15.0,0.5,10.0
Fino Payments Bank Ltd.,29-Oct-2021,577.0,1200.29,1.26,0.15,3.78,1.34,12-Nov-2021,544.35,543.90,-5.74,2021,0,-3.480740318540744,Finance,bear,1.2,60.0,20.0,15.0,0.5,10.0
FSN E-Commerce Ventures Ltd.,28-Oct-2021,1125.0,5349.72,37.54,110.16,10.28,45.47,10-Nov-2021,"2,018.00","2,205.80",96.07,2021,1,54.9502368855425,Other,bull,1.2,60.0,20.0,15.0,0.5,10.0
Aditya Birla Sun Life AMC Ltd.,29-Sep-2021,712.0,2768.26,4.74,2.71,2.36,3.58,11-Oct-2021,715.00,699.45,-1.76,2021,0,-0.828586325418821,Other,neutral,1.2,60.0,20.0,15.0,0.5,10.0
Paras Defence & Space Technologies Ltd.,21-Sep-2021,175.0,170.78,70.75,962.89,100.8,215.09,01-Oct-2021,469.00,492.45,181.4,2021,1,106.80851486546366,Tech,bull,1.2,60.0,20.0,15.0,0.5,10.0
Sansera Engineering Ltd.,14-Sep-2021,744.0,1282.52,11.19,11.16,2.34,8.03,24-Sep-2021,811.50,818.55,10.02,2021,1,8.937359200253253,Other,bull,1.2,60.0,20.0,15.0,0.5,10.0
Ami Organics Ltd.,01-Sep-2021,610.0,569.64,34.65,155.84,11.3,44.66,14-Sep-2021,910.00,935.00,53.28,2021,1,31.526827855493583,Other,bull,1.2,60.0,20.0,15.0,0.5,10.0
Vijaya Diagnostic Centre Ltd.,01-Sep-2021,531.0,1894.43,5.84,0.88,0.7,3.29,14-Sep-2021,540.00,620.10,16.78,2021,1,7.591508409622465,Other,bull,1.2,60.0,20.0,15.0,0.5,10.0
Aptus Value Housing Finance India Ltd.,10-Aug-2021,353.0,2780.05,13.58,32.71,1.04,12.06,24-Aug-2021,333.00,346.90,-1.73,2021,0,-2.0021575249589803,Finance,neutral,1.2,60.0,20.0,15.0,0.5,10.0
Chemplast Sanmar Ltd.,10-Aug-2021,541.0,3850.0,1.72,1.02,1.64,1.61,24-Aug-2021,550.00,535.60,-1.0,2021,0,0.6387943628268734,Other,neutral,1.2,60.0,20.0,15.0,0.5,10.0
Nuvoco Vistas Corp.Ltd.,09-Aug-2021,570.0,5000.0,2.34,0.6,0.53,1.45,23-Aug-2021,485.00,531.70,-6.72,2021,0,-5.723173658411925,Other,bear,1.2,60.0,20.0,15.0,0.5,10.0
CarTrade Tech Ltd.,09-Aug-2021,1618.0,2998.51,14.73,39.85,2.3,14.15,20-Aug-2021,"1,599.80","1,501.05",-7.23,2021,0,-6.8046611866992945,Tech,bear,1.2,60.0,20.0,15.0,0.5,10.0
Exxaro Tiles Ltd.,04-Aug-2021,120.0,160.78,7.81,4.56,32.2,16.12,16-Aug-2021,126.00,132.30,10.25,2021,1,6.881061634475737,Other,bull,1.2,60.0,20.0,15.0,0.5,10.0
Krsnaa Diagnostics Ltd.,04-Aug-2021,954.0,1213.33,20.55,114.47,37.15,35.65,16-Aug-2021,"1,005.55",987.00,3.46,2021,1,2.8108997133261684,Other,neutral,1.2,60.0,20.0,15.0,0.5,10.0
Windlas Biotech Ltd.,04-Aug-2021,460.0,401.54,10.23,14.76,20.59,14.54,16-Aug-2021,437.00,407.15,-11.49,2021,0,-8.41482952611339,Tech,bear,1.2,60.0,20.0,15.0,0.5,10.0
Devyani International Ltd.,04-Aug-2021,90.0,1838.0,38.63,212.03,34.0,64.01,16-Aug-2021,140.90,123.50,37.22,2021,1,20.918885083145028,Other,bull,1.2,60.0,20.0,15.0,0.5,10.0
Rolex Rings Ltd.,28-Jul-2021,900.0,731.0,57.88,355.67,21.67,89.88,09-Aug-2021,"1,250.00","1,167.00",29.67,2021,1,18.49814981207291,Other,bull,1.2,60.0,20.0,15.0,0.5,10.0
Glenmark Life Sciences Ltd.,27-Jul-2021,720.0,1513.6,15.51,124.82,12.98,31.02,06-Aug-2021,750.00,748.50,3.96,2021,1,-1.9682530244919725,Other,neutral,1.2,60.0,20.0,15.0,0.5,10.0
Tatva Chintan Pharma Chem Ltd.,16-Jul-2021,1083.0,500.0,76.15,503.11,31.37,124.52,29-Jul-2021,"2,111.85","2,312.20",113.5,2021,1,63.87760867687033,Pharma,bull,1.2,60.0,20.0,15.0,0.5,10.0
Zomato Ltd.,14-Jul-2021,76.0,9375.0,22.53,34.44,6.34,22.58,23-Jul-2021,115.00,125.85,65.59,2021,1,37.19866733624269,Other,bull,1.2,60.0,20.0,15.0,0.5,10.0
G R Infraprojects Ltd.,07-Jul-2021,837.0,962.37,68.18,236.95,11.11,72.11,19-Jul-2021,"1,715.85","1,747.10",108.73,2021,1,64.59765854486446,Other,bull,1.2,60.0,20.0,15.0,0.5,10.0
Clean Science & Technology Ltd.,07-Jul-2021,900.0,1546.62,65.42,206.03,8.09,66.45,19-Jul-2021,"1,755.00","1,585.25",76.14,2021,1,46.616722696794014,Tech,bull,1.2,60.0,20.0,15.0,0.5,10.0
India Pesticides Ltd.,23-Jun-2021,296.0,800.0,18.11,52.96,9.66,20.38,05-Jul-2021,350.00,343.15,15.93,2021,1,13.984068650848656,Other,bull,1.2,60.0,20.0,15.0,0.5,10.0
Dodla Dairy Ltd.,16-Jun-2021,428.0,520.18,34.55,73.33,9.7,31.67,28-Jun-2021,550.00,609.90,42.5,2021,1,28.072978869606057,Other,bull,1.2,60.0,20.0,15.0,0.5,10.0
Krishna Institute of Medical Sciences Ltd.,16-Jun-2021,825.0,2143.74,2.74,1.81,2.13,2.52,28-Jun-2021,"1,009.00",996.95,20.84,2021,1,12.02418441010972,Other,bull,1.2,60.0,20.0,15.0,0.5,10.0
Shyam Metalics & Energy Ltd.,14-Jun-2021,306.0,908.8,63.52,334.48,10.0,84.58,24-Jun-2021,380.00,376.15,22.92,2021,1,13.694951376291934,Other,bull,1.2,60.0,20.0,15.0,0.5,10.0
Sona BLW Precision Forgings Ltd.,14-Jun-2021,291.0,5550.0,2.03,0.36,1.21,1.69,24-Jun-2021,301.00,361.20,24.12,2021,1,11.464411906086571,Other,bull,1.2,60.0,20.0,15.0,0.5,10.0
Macrotech Developers Ltd.,07-Apr-2021,486.0,2500.0,1.83,1.02,0.24,1.14,19-Apr-2021,436.00,465.25,-4.27,2021,0,-2.6175394079771697,Tech,neutral,1.2,60.0,20.0,15.0,0.5,10.0
Barbeque-Nation Hospitality Ltd.,24-Mar-2021,500.0,452.87,2.65,3.06,9.22,3.35,07-Apr-2021,489.85,587.80,17.56,2021,1,9.670024083239586,Other,bull,1.2,60.0,20.0,15.0,0.5,10.0
Nazara Technologies Ltd.,17-Mar-2021,1101.0,582.69,42.3,387.66,67.76,96.29,30-Mar-2021,"1,990.00","1,592.00",44.6,2021,1,27.72815568101427,Tech,bull,1.2,60.0,20.0,15.0,0.5,10.0
Kalyan Jewellers India Ltd.,16-Mar-2021,87.0,1174.82,1.75,1.35,2.18,1.84,26-Mar-2021,73.95,75.20,-13.56,2021,0,-10.617692830656967,Other,bear,1.2,60.0,20.0,15.0,0.5,10.0
Suryoday Small Finance Bank Ltd.,17-Mar-2021,305.0,581.98,1.47,1.18,2.35,1.7,26-Mar-2021,292.00,277.80,-8.92,2021,0,-3.7939604572764822,Finance,bear,1.2,60.0,20.0,15.0,0.5,10.0
Craftsman Automation Ltd.,15-Mar-2021,1490.0,823.7,2.7,2.27,2.73,2.64,25-Mar-2021,"1,359.00","1,435.60",-3.65,2021,0,2.408216739007733,Other,neutral,1.2,60.0,20.0,15.0,0.5,10.0
Laxmi Organic Industries Ltd.,15-Mar-2021,130.0,600.0,71.29,218.79,18.03,74.78,25-Mar-2021,155.50,164.45,26.5,2021,1,15.573719554629426,Other,bull,1.2,60.0,20.0,15.0,0.5,10.0
Anupam Rasayan India Ltd.,12-Mar-2021,555.0,760.0,27.06,97.7,9.42,31.0,24-Mar-2021,520.00,526.80,-5.08,2021,0,-1.8428648337031757,Other,bear,1.2,60.0,20.0,15.0,0.5,10.0
Easy Trip Planners Ltd.,08-Mar-2021,187.0,510.0,31.83,383.34,62.95,87.67,19-Mar-2021,212.25,208.45,11.47,2021,1,8.952431975133338,Other,bull,1.2,60.0,20.0,15.0,0.5,10.0
MTAR Technologies Ltd.,03-Mar-2021,575.0,596.41,66.64,643.47,25.3,138.7,15-Mar-2021,"1,050.00","1,082.50",88.26,2021,1,51.752338584342496,Tech,bull,1.2,60.0,20.0,15.0,0.5,10.0
Heranba Industries Ltd.,23-Feb-2021,627.0,625.24,27.59,266.77,10.52,57.49,05-Mar-2021,900.00,627.00,0.0,2021,0,0.6722774454312503,Other,neutral,1.2,60.0,20.0,15.0,0.5,10.0
RailTel Corp.of India Ltd.,16-Feb-2021,94.0,819.24,26.74,72.48,14.76,29.24,26-Feb-2021,109.00,121.35,29.1,2021,1,17.497777202345386,Other,bull,1.2,60.0,20.0,15.0,0.5,10.0
Nureca Ltd.,15-Feb-2021,400.0,100.0,1.85,30.19,140.53,19.76,25-Feb-2021,615.00,645.75,61.44,2021,1,37.15702829564649,Other,bull,1.2,60.0,20.0,15.0,0.5,10.0
Stove Kraft Ltd.,25-Jan-2021,385.0,412.62,3.86,31.64,21.05,9.75,05-Feb-2021,498.00,445.95,15.83,2021,1,7.1789706484336,Other,bull,1.2,60.0,20.0,15.0,0.5,10.0
Home First Finance Co.India Ltd.,21-Jan-2021,518.0,1153.72,21.91,37.68,5.76,18.62,03-Feb-2021,618.80,527.55,1.84,2021,1,1.1775305227768282,Finance,neutral,1.2,60.0,20.0,15.0,0.5,10.0
Indigo Paints Ltd.,20-Jan-2021,1490.0,1169.12,76.5,261.93,13.74,81.62,02-Feb-2021,"2,607.50","3,117.15",109.2,2021,1,67.01399487373635,Other,bull,1.2,60.0,20.0,15.0,0.5,10.0
Indian Railway Finance Corp.Ltd.,18-Jan-2021,26.0,4633.38,2.14,2.34,2.88,2.43,29-Jan-2021,24.90,24.80,-4.62,2021,0,1.581430823385125,Finance,neutral,1.2,60.0,20.0,15.0,0.5,10.0
Antony Waste Handling Cell Ltd.,21-Dec-2020,315.0,299.99,4.46,18.57,13.72,9.82,01-Jan-2021,436.10,407.35,29.32,2020,1,20.46981247825562,Other,bull,1.2,60.0,20.0,15.0,0.5,10.0
Mrs.Bectors Food Specialities Ltd.,15-Dec-2020,288.0,540.54,71.83,619.66,25.44,137.63,24-Dec-2020,500.00,594.20,106.32,2020,1,70.25154737253466,Other,bull,1.2,60.0,20.0,15.0,0.5,10.0
Burger King India Ltd.,02-Dec-2020,60.0,810.0,35.18,357.06,56.92,85.64,14-Dec-2020,112.50,135.00,125.0,2020,1,72.69795731133586,Other,bull,1.2,60.0,20.0,15.0,0.5,10.0
Gland Pharma Ltd.,09-Nov-2020,1500.0,6479.55,3.16,0.5,0.19,1.72,20-Nov-2020,"1,710.00","1,819.55",21.3,2020,1,15.396961910162034,Pharma,bull,1.2,60.0,20.0,15.0,0.5,10.0
Equitas Small Finance Bank Ltd.,20-Oct-2020,33.0,517.6,2.15,0.16,1.53,1.53,02-Nov-2020,31.10,32.80,-0.61,2020,0,0.1840260172150553,Finance,neutral,1.2,60.0,20.0,15.0,0.5,10.0
Likhitha Infrastructure Ltd.,29-Sep-2020,120.0,61.2,21.0,1.45,19.48,7.96,15-Oct-2020,130.00,136.50,13.75,2020,1,14.819408799653017,Other,bull,1.2,60.0,20.0,15.0,0.5,10.0
UTI Asset Management Co.Ltd.,29-Sep-2020,554.0,2159.88,1.96,0.58,1.97,1.75,12-Oct-2020,500.00,476.20,-14.04,2020,0,-10.848894856065453,Other,bear,1.2,60.0,20.0,15.0,0.5,10.0
Mazagon Dock Shipbuilders Ltd.,29-Sep-2020,145.0,443.69,89.87,673.67,32.15,155.51,12-Oct-2020,214.90,171.95,18.59,2020,1,8.634834473457673,Other,bull,1.2,60.0,20.0,15.0,0.5,10.0
Angel Broking Ltd.,22-Sep-2020,306.0,600.0,2.9,0.51,3.36,2.7,05-Oct-2020,275.00,275.80,-9.87,2020,0,-7.720177936332066,Other,bear,1.2,60.0,20.0,15.0,0.5,10.0
Computer Age Management Services Ltd.,21-Sep-2020,1230.0,2243.12,29.9,111.31,4.85,33.02,01-Oct-2020,"1,518.00","1,401.60",13.95,2020,1,1.9983128270705783,Other,bull,1.2,60.0,20.0,15.0,0.5,10.0
Chemcon Speciality Chemicals Ltd.,21-Sep-2020,340.0,318.0,44.62,445.91,35.79,101.72,01-Oct-2020,731.00,584.80,72.0,2020,1,41.62273493495771,Other,bull,1.2,60.0,20.0,15.0,0.5,10.0
Route Mobile Ltd.,09-Sep-2020,350.0,600.0,37.31,193.78,11.54,51.76,21-Sep-2020,717.00,651.30,86.09,2020,1,49.37660201533891,Other,bull,1.2,60.0,20.0,15.0,0.5,10.0
Happiest Minds Technologies Ltd.,07-Sep-2020,166.0,702.02,31.96,348.43,60.3,82.26,17-Sep-2020,350.00,370.95,123.46,2020,1,74.52718135942861,Tech,bull,1.2,60.0,20.0,15.0,0.5,10.0
Rossari Biotech Ltd.,13-Jul-2020,425.0,496.25,34.83,236.79,6.2,55.11,23-Jul-2020,669.25,741.65,74.51,2020,1,45.73126792733148,Tech,bull,1.2,60.0,20.0,15.0,0.5,10.0
SBI Cards & Payment Services Ltd.,02-Mar-2020,755.0,10340.79,23.41,43.42,2.17,19.21,16-Mar-2020,661.00,681.40,-9.75,2020,0,-0.2214874823523409,Other,bear,1.2,60.0,20.0,15.0,0.5,10.0
Prince Pipes & Fittings Ltd.,18-Dec-2019,178.0,500.0,2.02,0.52,1.63,1.66,30-Dec-2019,160.00,166.90,-6.24,2019,0,-0.8927284854418489,Other,bear,1.2,60.0,20.0,15.0,0.5,10.0
Ujjivan Small Finance Bank Ltd.,02-Dec-2019,37.0,745.95,46.3,473.33,45.29,99.61,12-Dec-2019,58.75,55.95,51.22,2019,1,29.00128903301279,Finance,bull,1.2,60.0,20.0,15.0,0.5,10.0
CSB Bank Ltd.,22-Nov-2019,195.0,409.68,25.52,164.27,40.98,47.88,04-Dec-2019,275.00,300.05,53.87,2019,1,29.62675598595492,Finance,bull,1.2,60.0,20.0,15.0,0.5,10.0
Vishwaraj Sugar Industries Ltd.,30-Sep-2019,60.0,60.0,1.0,1.75,0.59,1.09,15-Oct-2019,61.20,60.35,0.58,2019,1,1.8237575145195173,Other,neutral,1.2,60.0,20.0,15.0,0.5,10.0
Indian Railway Catering & Tourism Corp.Ltd.,30-Sep-2019,320.0,637.97,105.55,351.03,13.28,109.21,14-Oct-2019,626.00,727.75,127.42,2019,1,72.49130037893808,Other,bull,1.2,60.0,20.0,15.0,0.5,10.0
Sterling & Wilson Solar Ltd.,06-Aug-2019,780.0,2849.64,1.0,0.94,0.93,0.99,20-Aug-2019,706.00,726.20,-6.9,2019,0,1.3543762975630615,Other,bear,1.2,60.0,20.0,15.0,0.5,10.0
Spandana Sphoorty Financial Ltd.,05-Aug-2019,856.0,1189.85,1.89,0.49,0.09,1.05,19-Aug-2019,825.00,847.80,-0.96,2019,0,2.962320362163861,Other,neutral,1.2,60.0,20.0,15.0,0.5,10.0
Affle (India) Ltd.,29-Jul-2019,745.0,459.0,22.57,198.34,10.23,47.7,08-Aug-2019,926.00,873.65,17.27,2019,1,8.954473043685885,Other,bull,1.2,60.0,20.0,15.0,0.5,10.0
IndiaMART InterMESH Ltd.,24-Jun-2019,973.0,475.49,12.95,62.08,13.15,20.31,04-Jul-2019,"1,180.00","1,301.95",33.81,2019,1,15.146596412727368,Other,bull,1.2,60.0,20.0,15.0,0.5,10.0
Neogen Chemicals Ltd.,24-Apr-2019,215.0,132.35,12.94,114.06,15.38,28.96,08-May-2019,251.00,263.55,22.58,2019,1,17.60961712249624,Other,bull,1.2,60.0,20.0,15.0,0.5,10.0
Polycab India Ltd.,05-Apr-2019,538.0,1345.26,37.88,108.64,4.36,36.51,16-Apr-2019,633.00,654.80,21.71,2019,1,12.682380464242144,Other,bull,1.2,60.0,20.0,15.0,0.5,10.0
Metropolis Healthcare Ltd.,03-Apr-2019,880.0,1204.29,4.19,2.75,2.05,3.68,15-Apr-2019,958.00,959.85,9.07,2019,1,9.155448935920386,Other,neutral,1.2,60.0,20.0,15.0,0.5,10.0
Rail Vikas Nigam Ltd.,29-Mar-2019,19.0,476.86,1.36,0.67,2.64,1.7,11-Apr-2019,19.00,19.05,0.26,2019,1,-4.627282976383102,Other,neutral,1.2,60.0,20.0,15.0,0.5,10.0
MSTC Ltd.,13-Mar-2019,120.0,211.04,1.13,1.69,2.65,1.36,29-Mar-2019,115.00,113.95,-5.04,2019,0,-4.822125068861318,Other,bear,1.2,60.0,20.0,15.0,0.5,10.0
Chalet Hotels Ltd.,29-Jan-2019,280.0,1641.18,2.51,0.99,0.02,1.41,07-Feb-2019,291.00,291.70,4.18,2019,1,2.523731099154549,Other,neutral,1.2,60.0,20.0,15.0,0.5,10.0
Xelpmoc Design & Tech Ltd.,23-Jan-2019,66.0,23.0,1.68,8.21,2.31,2.72,04-Feb-2019,57.00,59.85,-9.32,2019,0,-5.451058218705773,Tech,bear,1.2,60.0,20.0,15.0,0.5,10.0
Garden Reach Shipbuilders & Engineers Ltd.,24-Sep-2018,118.0,343.59,1.81,0.3,0.21,1.01,10-Oct-2018,102.50,103.30,-12.46,2018,0,-8.826196414437732,Other,bear,1.2,60.0,20.0,15.0,0.5,10.0
Aavas Financiers Ltd.,25-Sep-2018,821.0,1640.32,1.76,0.14,0.2,0.97,08-Oct-2018,750.00,774.35,-5.68,2018,0,-1.5394502029575037,Other,bear,1.2,60.0,20.0,15.0,0.5,10.0
IRCON International Ltd.,17-Sep-2018,475.0,466.93,12.28,3.73,9.46,9.52,28-Sep-2018,412.00,415.30,-12.57,2018,0,-10.744861288147783,Other,bear,1.2,60.0,20.0,15.0,0.5,10.0
CreditAccess Grameen Ltd.,08-Aug-2018,422.0,1131.19,2.88,0.37,0.75,1.76,23-Aug-2018,390.00,422.05,0.01,2018,1,-0.4211384550638805,Other,neutral,1.2,60.0,20.0,15.0,0.5,10.0
HDFC Asset Management Co.Ltd.,25-Jul-2018,1100.0,2800.33,77.51,194.39,6.22,61.39,06-Aug-2018,"1,726.25","1,815.95",65.09,2018,1,39.4148868951357,Other,bull,1.2,60.0,20.0,15.0,0.5,10.0
TCNS Clothing Co.Ltd.,18-Jul-2018,716.0,1125.13,6.09,4.89,0.53,3.96,30-Jul-2018,716.00,659.15,-7.94,2018,0,-3.220683497823753,Other,bear,1.2,60.0,20.0,15.0,0.5,10.0
Varroc Engineering Ltd.,26-Jun-2018,967.0,1955.18,4.27,1.51,0.87,2.65,06-Jul-2018,"1,015.00","1,037.35",7.28,2018,1,6.502844634266669,Other,neutral,1.2,60.0,20.0,15.0,0.5,10.0
RITES Ltd.,20-Jun-2018,185.0,460.51,71.97,192.55,14.87,66.77,02-Jul-2018,190.00,213.30,15.3,2018,1,5.806073724486392,Other,bull,1.2,60.0,20.0,15.0,0.5,10.0
Fine Organic Industries Ltd.,20-Jun-2018,783.0,600.17,6.46,18.75,1.51,6.57,02-Jul-2018,815.00,822.80,5.08,2018,1,-1.5543425122068673,Other,neutral,1.2,60.0,20.0,15.0,0.5,10.0
IndoStar Capital Finance Ltd.,09-May-2018,572.0,1844.0,6.75,7.85,1.4,5.04,21-May-2018,600.00,586.10,2.47,2018,1,5.315030465695528,Finance,neutral,1.2,60.0,20.0,15.0,0.5,10.0
Lemon Tree Hotels Ltd.,26-Mar-2018,56.0,1038.68,2.18,0.11,0.1,1.14,09-Apr-2018,61.60,71.65,27.95,2018,1,17.766942035938776,Other,bull,1.2,60.0,20.0,15.0,0.5,10.0
ICICI Securities Ltd.,22-Mar-2018,520.0,3480.12,1.0,0.92,0.95,0.95,04-Apr-2018,435.00,445.10,-14.4,2018,0,-10.88545960966966,Other,bear,1.2,60.0,20.0,15.0,0.5,10.0
Mishra Dhatu Nigam Ltd.,21-Mar-2018,90.0,435.02,1.96,0.11,0.66,1.19,04-Apr-2018,87.00,90.05,0.06,2018,1,4.689455926567568,Other,neutral,1.2,60.0,20.0,15.0,0.5,10.0
Karda Constructions Ltd.,16-Mar-2018,180.0,77.4,1.55,0.49,1.89,1.3,02-Apr-2018,136.00,142.80,-20.67,2018,0,-12.054976097121424,Other,bear,1.2,60.0,20.0,15.0,0.5,10.0
Sandhar Technologies Ltd.,19-Mar-2018,332.0,512.48,6.43,6.18,1.3,4.59,02-Apr-2018,346.10,322.15,-2.97,2018,0,1.7558915521914793,Tech,neutral,1.2,60.0,20.0,15.0,0.5,10.0
Hindustan Aeronautics Ltd.,16-Mar-2018,1215.0,4063.31,1.74,0.03,0.36,0.98,28-Mar-2018,"1,152.00","1,132.85",-6.76,2018,0,-3.853444555769673,Other,bear,1.2,60.0,20.0,15.0,0.5,10.0
Bandhan Bank Ltd.,15-Mar-2018,375.0,4473.02,16.08,13.81,1.14,10.51,27-Mar-2018,499.00,476.85,27.16,2018,1,22.47824377464596,Finance,bull,1.2,60.0,20.0,15.0,0.5,10.0
Bharat Dynamics Ltd.,13-Mar-2018,428.0,952.25,1.5,0.44,1.33,1.26,23-Mar-2018,370.00,389.80,-8.93,2018,0,-0.0919774726703863,Other,bear,1.2,60.0,20.0,15.0,0.5,10.0
H.G.Infra Engineering Ltd.,26-Feb-2018,270.0,462.0,3.96,4.64,2.95,3.71,09-Mar-2018,270.00,267.75,-0.83,2018,0,-1.2448924454372206,Other,neutral,1.2,60.0,20.0,15.0,0.5,10.0
Aster DM Healthcare Ltd.,12-Feb-2018,190.0,980.14,1.36,0.7,1.11,1.17,26-Feb-2018,183.00,181.55,-4.45,2018,0,0.2447128528630662,Other,neutral,1.2,60.0,20.0,15.0,0.5,10.0
Galaxy Surfactants Ltd.,29-Jan-2018,1480.0,937.09,22.35,6.63,5.7,14.17,08-Feb-2018,"1,525.00","1,700.45",14.9,2018,1,10.87612784875544,Other,bull,1.2,60.0,20.0,15.0,0.5,10.0
Amber Enterprises India Ltd.,17-Jan-2018,859.0,599.6,68.59,518.3,11.09,115.1,30-Jan-2018,"1,175.00","1,245.25",44.97,2018,1,31.087894672597045,Other,bull,1.2,60.0,20.0,15.0,0.5,10.0
Newgen Software Technologies Ltd.,16-Jan-2018,245.0,424.62,6.92,5.38,4.93,5.99,29-Jan-2018,254.10,252.40,3.02,2018,1,-1.0827703817403136,Tech,neutral,1.2,60.0,20.0,15.0,0.5,10.0
Apollo Micro Systems Ltd.,10-Jan-2018,275.0,156.0,42.09,963.53,39.04,176.42,22-Jan-2018,465.00,441.75,60.64,2018,1,38.44215437999531,Other,bull,1.2,60.0,20.0,15.0,0.5,10.0
Astron Paper & Board Mill Ltd.,15-Dec-2017,50.0,69.83,102.92,394.14,74.37,240.58,29-Dec-2017,115.00,120.75,141.5,2017,1,88.07527346054876,Other,bull,1.2,60.0,20.0,15.0,0.5,10.0
Future Supply Chain Solutions Ltd.,06-Dec-2017,664.0,649.7,5.62,11.06,3.09,5.55,18-Dec-2017,664.00,686.35,3.37,2017,1,-3.254218459269343,Other,neutral,1.2,60.0,20.0,15.0,0.5,10.0
Shalby Ltd.,05-Dec-2017,248.0,504.8,2.41,0.42,2.83,2.26,15-Dec-2017,239.70,239.60,-3.39,2017,0,-5.583775537997325,Other,neutral,1.2,60.0,20.0,15.0,0.5,10.0
HDFC Standard Life Insurance Co.Ltd.,07-Nov-2017,290.0,8695.01,7.22,2.23,0.88,3.82,17-Nov-2017,310.00,344.60,18.83,2017,1,5.180303466719696,Other,bull,1.2,60.0,20.0,15.0,0.5,10.0
Khadim India Ltd.,02-Nov-2017,750.0,543.06,1.65,0.1,2.13,1.59,14-Nov-2017,730.00,688.85,-8.15,2017,0,-5.698220503333673,Other,bear,1.2,60.0,20.0,15.0,0.5,10.0
"New India Assurance Co.Ltd.,The",01-Nov-2017,800.0,9585.82,2.33,0.11,0.1,1.19,13-Nov-2017,750.00,727.10,-9.11,2017,0,-3.313373232612113,Other,bear,1.2,60.0,20.0,15.0,0.5,10.0
Mahindra Logistics Ltd.,31-Oct-2017,429.0,828.88,6.84,1.84,5.75,5.68,10-Nov-2017,429.00,429.50,0.12,2017,1,4.579071156288085,Other,neutral,1.2,60.0,20.0,15.0,0.5,10.0
Reliance Nippon Life Asset Management Ltd.,25-Oct-2017,252.0,1542.24,47.51,210.47,5.39,57.21,06-Nov-2017,295.90,284.40,12.86,2017,1,7.938284341259325,Other,bull,1.2,60.0,20.0,15.0,0.5,10.0
General Insurance Corp.of India,11-Oct-2017,912.0,11256.83,2.24,0.11,0.59,1.34,25-Oct-2017,850.00,874.30,-4.13,2017,0,2.4078466367138756,Other,neutral,1.2,60.0,20.0,15.0,0.5,10.0
Indian Energy Exchange Ltd.,09-Oct-2017,1650.0,1000.73,2.52,0.59,2.41,2.19,23-Oct-2017,"1,500.00","1,629.15",-1.26,2017,0,-4.896304374644674,Other,neutral,1.2,60.0,20.0,15.0,0.5,10.0
MAS Financial Services Ltd.,06-Oct-2017,459.0,460.04,60.42,380.2,15.13,91.0,18-Oct-2017,660.00,654.40,42.57,2017,1,20.431852681934533,Other,bull,1.2,60.0,20.0,15.0,0.5,10.0
Godrej Agrovet Ltd.,04-Oct-2017,460.0,1157.31,62.67,238.28,7.37,68.46,16-Oct-2017,615.60,595.65,29.49,2017,1,17.527356903310142,Other,bull,1.2,60.0,20.0,15.0,0.5,10.0
Prataap Snacks Ltd.,22-Sep-2017,938.0,481.6,31.8,101.01,8.02,33.59,05-Oct-2017,"1,270.00","1,180.65",25.87,2017,1,16.674196346817922,Other,bull,1.2,60.0,20.0,15.0,0.5,10.0
SBI Life Insurance Co.Ltd.,20-Sep-2017,700.0,8388.73,5.63,0.64,0.78,2.86,03-Oct-2017,735.00,707.55,1.08,2017,1,0.5499157557177207,Other,neutral,1.2,60.0,20.0,15.0,0.5,10.0
ICICI Lombard General Insurance Co.Ltd.,15-Sep-2017,661.0,5700.94,3.9,0.76,1.15,2.39,27-Sep-2017,651.10,681.20,3.06,2017,1,-4.3663263001196295,Other,neutral,1.2,60.0,20.0,15.0,0.5,10.0
Capacit'e Infraprojects Ltd.,13-Sep-2017,250.0,400.0,54.34,647.11,16.96,130.17,25-Sep-2017,399.00,342.55,37.02,2017,1,21.944639881461633,Other,bull,1.2,60.0,20.0,15.0,0.5,10.0
Matrimony.com Ltd.,11-Sep-2017,985.0,496.88,1.39,0.28,17.1,2.79,21-Sep-2017,985.00,904.65,-8.16,2017,0,-8.80940850151456,Other,bear,1.2,60.0,20.0,15.0,0.5,10.0
Dixon Technologies (India) Ltd.,06-Sep-2017,1766.0,599.28,54.5,345.43,10.03,82.58,18-Sep-2017,"2,725.00","2,891.55",63.73,2017,1,40.247017646490114,Tech,bull,1.2,60.0,20.0,15.0,0.5,10.0
Bharat Road Network Ltd.,06-Sep-2017,205.0,600.65,1.16,1.05,5.22,1.55,18-Sep-2017,205.00,208.45,1.68,2017,1,2.107794738290545,Other,neutral,1.2,60.0,20.0,15.0,0.5,10.0
Apex Frozen Foods Ltd.,22-Aug-2017,175.0,152.25,1.38,7.22,8.08,4.41,04-Sep-2017,202.00,212.10,21.2,2017,1,9.900360641017931,Other,bull,1.2,60.0,20.0,15.0,0.5,10.0
Cochin Shipyard Ltd.,01-Aug-2017,432.0,1442.93,63.51,287.11,7.98,75.74,11-Aug-2017,440.15,528.15,22.26,2017,1,11.814399247989918,Other,bull,1.2,60.0,20.0,15.0,0.5,10.0
Security & Intelligence Services (India) Ltd.,31-Jul-2017,815.0,779.58,2.92,1.65,18.65,4.3,10-Aug-2017,879.80,757.05,-7.11,2017,0,-7.443640565666855,Other,bear,1.2,60.0,20.0,15.0,0.5,10.0
Salasar Techno Engineering Ltd.,12-Jul-2017,108.0,35.95,,483.55,56.57,270.06,25-Jul-2017,250.00,262.50,143.06,2017,1,85.64796270818049,Tech,bull,1.2,60.0,20.0,15.0,0.5,10.0
AU Small Finance Bank Ltd.,28-Jun-2017,358.0,1912.51,32.11,141.91,3.35,37.82,10-Jul-2017,530.00,541.65,51.3,2017,1,33.64542696150371,Finance,bull,1.2,60.0,20.0,15.0,0.5,10.0
GTPL Hathway Ltd.,21-Jun-2017,170.0,484.8,1.21,2.8,0.93,1.35,04-Jul-2017,170.00,171.65,0.97,2017,1,-2.375178139006631,Other,neutral,1.2,60.0,20.0,15.0,0.5,10.0
Central Depository Services (India) Ltd.,19-Jun-2017,149.0,523.99,60.2,558.0,22.3,119.21,30-Jun-2017,250.00,261.60,75.57,2017,1,46.854139546553526,Other,bull,1.2,60.0,20.0,15.0,0.5,10.0
Eris Lifesciences Ltd.,16-Jun-2017,603.0,1740.49,2.49,0.38,3.31,2.25,29-Jun-2017,611.00,601.50,-0.25,2017,0,-1.7407728551173225,Other,neutral,1.2,60.0,20.0,15.0,0.5,10.0
Tejas Networks Ltd.,14-Jun-2017,257.0,776.69,1.53,0.19,2.92,1.47,27-Jun-2017,257.00,263.50,2.53,2017,1,-0.8606184967870325,Other,neutral,1.2,60.0,20.0,15.0,0.5,10.0
PSP Projects Ltd.,17-May-2017,210.0,211.68,4.01,9.39,6.05,5.02,29-May-2017,190.00,199.50,-5.0,2017,0,-3.3210910798636735,Other,neutral,1.2,60.0,20.0,15.0,0.5,10.0
Housing & Urban Development Corp.Ltd.,08-May-2017,60.0,1209.78,55.18,330.54,10.02,79.16,19-May-2017,73.00,72.55,20.92,2017,1,9.446273032741878,Other,bull,1.2,60.0,20.0,15.0,0.5,10.0
S.Chand & Co.Ltd.,26-Apr-2017,670.0,728.56,18.61,205.73,5.79,42.19,09-May-2017,700.00,676.00,0.9,2017,1,-1.120947916041546,Other,neutral,1.2,60.0,20.0,15.0,0.5,10.0
Shankara Building Products Ltd.,22-Mar-2017,460.0,345.0,20.36,89.15,14.72,28.7,05-Apr-2017,555.05,632.45,37.49,2017,1,18.900366322233452,Other,bull,1.2,60.0,20.0,15.0,0.5,10.0
CL Educate Ltd.,20-Mar-2017,502.0,238.95,2.21,0.18,1.54,1.67,31-Mar-2017,402.00,422.10,-15.92,2017,0,-3.657824601250832,Other,bear,1.2,60.0,20.0,15.0,0.5,10.0
Avenue Supermarts Ltd.,08-Mar-2017,299.0,1870.0,60.02,272.2,7.09,73.32,21-Mar-2017,600.00,641.60,114.58,2017,1,68.85379065591518,Other,bull,1.2,60.0,20.0,15.0,0.5,10.0
Music Broadcast Ltd.,06-Mar-2017,333.0,488.53,16.77,109.08,9.6,28.11,17-Mar-2017,413.00,372.90,11.98,2017,1,5.0888234760222435,Other,bull,1.2,60.0,20.0,15.0,0.5,10.0
BSE Ltd.,23-Jan-2017,806.0,1243.43,20.13,158.43,6.12,35.97,03-Feb-2017,"1,085.00","1,069.20",32.66,2017,1,20.237939732202666,Other,bull,1.2,60.0,20.0,15.0,0.5,10.0
Laurus Labs Ltd.,06-Dec-2016,428.0,1330.51,4.85,3.54,1.59,3.49,19-Dec-2016,489.90,480.40,12.24,2016,1,7.007015850927511,Other,bull,1.2,60.0,20.0,15.0,0.5,10.0
Sheela Foam Ltd.,29-Nov-2016,730.0,510.0,6.89,3.64,0.45,4.15,09-Dec-2016,860.00,"1,032.00",41.37,2016,1,24.159091201400333,Other,bull,1.2,60.0,20.0,15.0,0.5,10.0
Varun Beverages Ltd.,26-Oct-2016,445.0,1112.5,2.6,0.34,0.74,1.58,08-Nov-2016,430.00,459.50,3.26,2016,1,3.7985001001302754,Other,neutral,1.2,60.0,20.0,15.0,0.5,10.0
PNB Housing Finance Ltd.,25-Oct-2016,775.0,3000.0,16.06,80.25,1.34,20.4,07-Nov-2016,860.00,891.15,14.99,2016,1,11.266523130141916,Finance,bull,1.2,60.0,20.0,15.0,0.5,10.0
Endurance Technologies Ltd.,05-Oct-2016,472.0,1161.73,21.81,127.33,2.57,30.91,19-Oct-2016,572.00,646.90,37.06,2016,1,20.644496557168416,Tech,bull,1.2,60.0,20.0,15.0,0.5,10.0
HPL Electric & Power Ltd.,22-Sep-2016,202.0,361.0,3.37,25.45,3.55,6.74,04-Oct-2016,190.00,189.30,-6.29,2016,0,-5.50145472193404,Other,bear,1.2,60.0,20.0,15.0,0.5,10.0
ICICI Prudential Life Insurance Co.Ltd.,19-Sep-2016,334.0,6056.79,5.35,28.53,1.33,7.88,29-Sep-2016,330.00,297.55,-10.91,2016,0,-7.371155091454932,Other,bear,1.2,60.0,20.0,15.0,0.5,10.0
GNA Axles Ltd.,14-Sep-2016,207.0,130.41,7.51,210.72,11.31,38.08,26-Sep-2016,252.00,245.05,18.38,2016,1,4.122236505793245,Other,bull,1.2,60.0,20.0,15.0,0.5,10.0
L&T Technology Services Ltd.,12-Sep-2016,860.0,894.4,2.66,0.45,1.63,1.97,23-Sep-2016,920.00,869.00,1.05,2016,1,-3.915573186595657,Tech,neutral,1.2,60.0,20.0,15.0,0.5,10.0
RBL Bank Ltd.,19-Aug-2016,225.0,1212.97,34.91,197.29,5.44,48.95,31-Aug-2016,274.20,299.40,33.07,2016,1,23.942622802333577,Finance,bull,1.2,60.0,20.0,15.0,0.5,10.0
S.P.Apparels Ltd.,02-Aug-2016,268.0,239.12,1.63,5.23,1.84,2.24,12-Aug-2016,275.00,288.75,7.74,2016,1,9.57890314050385,Other,neutral,1.2,60.0,20.0,15.0,0.5,10.0
Dilip Buildcon Ltd.,01-Aug-2016,219.0,653.98,4.7,80.83,2.29,15.28,11-Aug-2016,240.00,251.75,14.95,2016,1,8.222891881330863,Other,bull,1.2,60.0,20.0,15.0,0.5,10.0
Advanced Enzyme Technologies Ltd.,20-Jul-2016,896.0,411.49,38.6,391.88,11.12,81.54,01-Aug-2016,"1,210.00","1,178.10",31.48,2016,1,20.617670889167297,Tech,bull,1.2,60.0,20.0,15.0,0.5,10.0
Larsen & Toubro Infotech Ltd.,11-Jul-2016,710.0,1236.38,8.55,10.59,6.92,8.29,21-Jul-2016,667.00,697.60,-1.75,2016,0,-0.1162495363693917,Tech,neutral,1.2,60.0,20.0,15.0,0.5,10.0
Quess Corp Ltd.,29-Jun-2016,317.0,400.0,24.79,397.04,32.8,81.43,12-Jul-2016,500.00,503.10,58.71,2016,1,44.462642425365715,Other,bull,1.2,60.0,20.0,15.0,0.5,10.0
Mahanagar Gas Ltd.,21-Jun-2016,421.0,1038.88,31.13,181.07,6.58,44.67,01-Jul-2016,540.00,520.30,23.59,2016,1,17.51272473430373,Other,bull,1.2,60.0,20.0,15.0,0.5,10.0
Parag Milk Foods Ltd.,04-May-2016,215.0,750.54,1.14,2.89,2.01,1.49,19-May-2016,217.50,247.00,14.88,2016,1,8.5442472255577,Other,bull,1.2,60.0,20.0,15.0,0.5,10.0
Ujjivan Financial Services Ltd.,28-Apr-2016,210.0,882.5,14.4,134.88,3.8,28.76,10-May-2016,231.90,231.55,10.26,2016,1,3.289378678198722,Other,bull,1.2,60.0,20.0,15.0,0.5,10.0
Thyrocare Technologies Ltd.,27-Apr-2016,446.0,479.21,31.17,225.22,8.29,52.27,09-May-2016,665.00,618.80,38.74,2016,1,18.42466103922728,Tech,bull,1.2,60.0,20.0,15.0,0.5,10.0
Equitas Holdings Ltd.,05-Apr-2016,110.0,2176.68,6.62,55.84,1.34,12.14,21-Apr-2016,145.10,135.20,22.91,2016,1,14.35639090760167,Other,bull,1.2,60.0,20.0,15.0,0.5,10.0
Infibeam Incorporation Ltd.,21-Mar-2016,432.0,450.0,1.03,2.62,1.46,1.31,04-Apr-2016,453.00,445.75,3.18,2016,1,-0.36105223585291,Other,neutral,1.2,60.0,20.0,15.0,0.5,10.0
Bharat Wire Ropes Ltd.,18-Mar-2016,45.0,70.0,1.13,2.23,2.18,1.34,01-Apr-2016,47.25,45.55,1.22,2016,1,-3.534761128793022,Other,neutral,1.2,60.0,20.0,15.0,0.5,10.0
Healthcare Global Enterprises Ltd.,16-Mar-2016,218.0,649.64,1.57,0.4,0.76,1.31,30-Mar-2016,210.20,171.00,-21.56,2016,0,-14.875718652727578,Other,bear,1.2,60.0,20.0,15.0,0.5,10.0
Quick Heal Technologies Ltd.,08-Feb-2016,321.0,451.25,2.42,37.18,3.72,8.01,18-Feb-2016,305.00,253.85,-20.92,2016,0,-15.796644010843186,Tech,bear,1.2,60.0,20.0,15.0,0.5,10.0
TeamLease Services Ltd.,02-Feb-2016,850.0,423.68,12.23,190.57,10.34,38.72,12-Feb-2016,860.00,"1,032.00",21.41,2016,1,17.907424905217695,Other,bull,1.2,60.0,20.0,15.0,0.5,10.0
Precision Camshafts Ltd.,27-Jan-2016,186.0,410.19,1.72,0.39,1.87,1.57,08-Feb-2016,165.00,177.45,-4.6,2016,0,-0.1150807291516482,Other,neutral,1.2,60.0,20.0,15.0,0.5,10.0
IPO_Synth_0001,,461.3546558340461,71.9742,63.379834005254885,35.21472784322194,15.097216294969146,113.69177814344596,,,,20.78247026129193,2023,1,18.885664482895347,Mfg,bull,1.2,81.58117118315893,26.723048528115328,17.963575212980807,1.43049367452071,9.876260939391484
IPO_Synth_0002,,443.87369362715435,1869.9445045608297,5.968856734057884,2.2516021683460474,1.0826779800248916,9.303136882428824,,,,-31.601636903666556,2022,0,-10.217315166373082,Mfg,bear,1.2,77.16902848864521,21.907341136754294,20.864091681622135,0.8894942499858439,13.350210006281369
IPO_Synth_0003,,538.0161959861069,6615.054901682909,29.330166279539934,9.56086466415441,3.0026133869412344,41.89364433063558,,,,62.75650287909914,2022,1,28.53255930499577,Tech,bull,1.2,70.82881783161794,15.333591659194727,14.21346420644559,2.3898516351685073,12.550266519246543
IPO_Synth_0004,,678.4547680998527,71.9742,177.90273476567313,106.40617624984485,43.87302772459094,328.18193874010893,,,,75.70737244897234,2020,1,32.64713135881251,Retail,bull,1.2,24.0,17.932646655025998,15.375617837461743,0.0,9.114591825442647
IPO_Synth_0005,,720.7294421069981,1221.8289641277674,23.043700043114576,15.77882538101887,5.331355245689441,44.15388066982288,,,,-34.46268986844793,2019,0,-11.559908198151144,Pharma,bear,1.2,59.94693019163032,26.66591259259282,17.190277407210058,0.0,9.128271127666082
IPO_Synth_0006,,965.049161590551,354.6226269199656,0.5,0.5,0.5,1.5,,,,-16.042161107902988,2018,0,-11.559908198151144,Retail,neutral,1.2,76.08170367966846,29.1656612827379,13.069507469666508,0.0,10.540452256759945
IPO_Synth_0007,,497.721037456959,4259.778521500198,70.47863797982077,47.27067554382647,10.34282163748635,128.0921351611336,,,,28.131794710988817,2024,1,15.057573623187155,Mfg,bull,1.2,66.83098904906706,19.96416027583607,22.645702440083674,1.0533504584370195,16.0
IPO_Synth_0008,,1014.0323361259418,4622.5057224636585,15.980083924811844,8.234534703224542,4.8555535656308075,29.07017219366719,,,,14.886680519955968,2021,1,5.446413526398411,FMCG,bull,1.2,63.69272431635843,15.878491962179675,13.028988098827321,0.07190915419994959,11.239141671340574
IPO_Synth_0009,,776.1253525951956,1944.298542674552,8.897580196126354,5.733738452982538,0.9237548065964395,15.555073455705331,,,,7.462322083234491,2021,1,11.92713807326333,FMCG,neutral,1.2,76.11922831299685,18.347041672118365,15.275788383902379,1.7710276918001184,12.004659747441385
IPO_Synth_0010,,394.2820591458268,1605.6098169355512,13.886291758793856,9.90339592157492,3.4275304050246795,27.217218085393455,,,,-0.1,2023,0,-6.171422835766949,Infra,bear,1.2,62.50754930149042,28.05839343390985,23.623692413257224,0.10644193741322094,16.0
IPO_Synth_0011,,40.04,71.9742,62.06678864782335,16.241717617661756,12.364517392894141,90.67302365837925,,,,53.296469039300966,2021,1,31.323317226384592,Tech,bull,1.2,81.66523892582627,27.94120023441639,6.622009394156289,1.5819083521121302,10.833479099112898
IPO_Synth_0012,,444.04894153025674,5225.752788767634,145.29961375639806,66.26375937044968,26.572412301482117,238.13578542832988,,,,18.389468781848027,2026,1,29.124287041325964,Tech,bull,1.2,62.91162206907795,21.16552838240189,15.971813113184608,0.0,13.443576849059061
IPO_Synth_0013,,947.1759944378873,602.5025325783816,18.185187466653428,6.402326923015621,3.7884108445332734,28.375925234202324,,,,50.71658662507052,2018,1,13.719844004803749,Pharma,bull,1.2,61.47931337431378,16.823062696809654,12.027452812725564,1.683053008472213,11.43317577605591
IPO_Synth_0014,,150.0031990345669,1151.308408995345,98.1779005697634,73.47480849566718,15.305725732050885,186.95843479748146,,,,73.01263521588143,2016,1,36.6873167641926,Retail,bull,1.2,76.06344639447623,26.496589064902757,15.00076192369886,1.8691531950855573,11.389472736406457
IPO_Synth_0015,,442.9901563928402,4050.7813045386574,25.345819599210493,18.11676109266282,3.6968503382558833,47.1594310301292,,,,27.159845694246396,2020,1,22.408930433628512,Pharma,neutral,1.2,52.82543523665589,29.737667262046717,9.57354007479369,0.0,7.109983248468606
IPO_Synth_0016,,471.2585214086039,2036.1100567724511,6.220313232253825,4.050002251166496,1.8740355742085981,12.144351057628919,,,,-3.588240351041323,2021,0,-6.306658081967887,Infra,bull,1.2,40.24964126193431,11.278958089112923,13.331046672648773,0.9895617157479527,6.612543739259507
IPO_Synth_0017,,736.6391640249504,4134.705487294134,92.56933352180931,36.837031561998316,14.527791866283726,143.93415695009136,,,,21.49619919728569,2025,1,20.271527463709322,FMCG,bear,1.2,60.06842456110473,18.605409916976186,15.11149728797424,0.7677149134303731,8.463050628709427
IPO_Synth_0018,,282.35116291923043,3092.407902358256,0.5,0.5,0.5,1.5,,,,-6.28902357137872,2022,0,-8.462058692965966,Pharma,bear,1.2,70.6267414420415,26.93575402771525,16.07244027241478,1.01670699694596,12.64580565077796
IPO_Synth_0019,,117.85293107306609,2052.2154124867357,10.0,2.6462522003107214,2.7784013611065808,15.424653561417301,,,,63.3830023607217,2026,1,31.302807001147386,Infra,bull,1.2,76.65652559186495,20.442033892442645,19.030400781959447,1.784436864243387,12.503398465492916
IPO_Synth_0020,,609.5267343181432,2329.833076180498,52.30996074361482,17.99566501899132,5.667789682974911,75.97341544558105,,,,29.746177664027144,2016,1,11.21022859440438,FMCG,neutral,1.2,76.7561913900132,17.068481768553838,6.0,1.4732115461255493,13.99955883914116
IPO_Synth_0021,,160.89162636878171,71.9742,37.550219638602,20.969427389980638,12.026137687749438,70.54578471633208,,,,18.31948084146486,2021,1,8.289837898189074,Retail,bull,1.2,58.764332859703565,21.111128656071795,14.433587686158035,1.014112769211167,9.966688945637472
IPO_Synth_0022,,40.04,1133.985698297897,17.436740059679785,11.272910966790976,5.184619060521226,33.89427008699199,,,,0.1,2025,1,-2.446400917959791,Retail,bear,1.2,56.915339002037264,22.22422581181623,14.21388627392093,1.1630523007869453,11.613225745567632
IPO_Synth_0023,,1043.4670265345287,4343.474067891796,72.4017785587746,50.08866731718095,21.64934903353862,144.13979490949416,,,,71.51768270363443,2021,1,38.74987000836198,Retail,bull,1.2,49.34191299909644,13.238975906040576,14.71074757318289,0.0,11.62598677647835
IPO_Synth_0024,,731.4826086024948,71.9742,41.536099599438565,16.625002692147838,12.556269994929854,70.71737228651625,,,,14.361688067582367,2019,1,8.94632369704697,FMCG,neutral,1.2,64.4977689716468,20.54477061315804,15.14524013229,0.4590800961004249,9.677517362570493
IPO_Synth_0025,,1058.1606343968804,71.9742,15.058958023148916,6.70729454716728,3.6990569580377013,25.4653095283539,,,,8.756217351637165,2024,1,3.020585248417315,Auto,neutral,1.2,30.4597678874431,22.204001098171695,11.26446872983044,0.0,9.035395977407958
IPO_Synth_0026,,713.372442993719,71.9742,0.5,0.5,0.5,1.5,,,,10.681093112718214,2025,1,4.669635878430784,Finance,bull,1.2,60.409666256383304,17.05492844667916,8.038514994247613,0.48184053935106436,5.545005241909575
IPO_Synth_0027,,647.2250910306261,1921.0107136499223,153.44725707165628,40.43134350130299,22.217326845861013,216.09592741882028,,,,22.15463727021786,2018,1,23.811374739110608,Finance,neutral,1.2,96.0,15.323070864314069,15.976977475144784,1.6168088725865435,9.542396306432043
IPO_Synth_0028,,541.0502157878014,5172.461181231305,90.02651037665498,61.39669605666671,10.63068889704692,162.05389533036862,,,,24.2573042529352,2022,1,20.199961083257428,Mfg,bull,1.2,32.93045857700241,16.772674460453764,10.525867517342085,0.49294608478316665,9.68799844332962
IPO_Synth_0029,,351.2774640287703,2945.9924962547943,82.41616884533565,34.5302490430745,22.75031320928748,139.6967310976976,,,,52.24767638530999,2024,1,21.22341346217051,FMCG,bull,1.2,62.823040937237394,14.174524317574551,16.812335942363454,0.0,13.403162018662698
IPO_Synth_0030,,589.7504291839318,71.9742,119.59005094655039,41.813372955214554,20.74699739346464,182.1504212952296,,,,7.180287015454807,2017,1,21.61489529667106,Tech,neutral,1.2,66.80104422832129,25.10372330895998,10.782593018819863,0.0,13.698975560482644
IPO_Synth_0031,,225.84571775118997,3210.099209674669,39.752628039985346,18.071486332229757,10.019980082111658,67.84409445432676,,,,68.99533829450758,2016,1,58.64182156072628,Infra,bull,1.2,69.11637077101335,14.098159309804094,18.117248923567164,1.0810881397690313,10.437139991912652
IPO_Synth_0032,,49.588569366534614,371.039908233988,11.399140212496214,6.899690823293302,2.2561794230873184,20.555010458876833,,,,10.242366631739188,2024,1,3.494837779218771,Mfg,bear,1.2,42.60042545269343,21.134259797216874,14.754949142087378,0.0,16.0
IPO_Synth_0033,,301.3384600056344,2847.6597876673873,0.6739857435480694,0.5,0.5,1.6739857435480694,,,,0.1,2024,1,1.204439138440202,Tech,neutral,1.2,69.28056079924686,17.75480619492388,15.067310820267297,1.2838437598577355,10.569960952798304
IPO_Synth_0034,,855.9775306469767,1132.6320533101464,9.353948458141257,3.345797296574082,3.0242452445056274,15.723990999220966,,,,-10.90019031096098,2017,0,-5.321487603552027,Infra,bear,1.2,50.3788819503669,15.762893875631109,13.891448180320804,0.0,13.098760954546512
IPO_Synth_0035,,40.04,71.9742,34.99949231252717,11.770556184530712,4.742811465685987,51.51285996274387,,,,11.817460463652633,2022,1,25.62222552935762,Retail,bull,1.2,34.303497705157376,28.2279657482529,13.169900085860249,0.8817185991301874,9.699777619417446
IPO_Synth_0036,,40.04,1335.7353068600833,131.8378015610444,95.17258620435706,19.412643456562947,246.42303122196438,,,,76.47049799703355,2023,1,36.72478215350087,Mfg,bull,1.2,77.13523154993737,19.215299128245025,13.951574974815308,0.9319433219451693,6.579547630632312
IPO_Synth_0037,,616.8049071673856,372.6536081309672,5.146159245068871,2.704031413073466,1.3738197693148984,9.224010427457236,,,,21.430870396076003,2026,1,9.824628738304732,Pharma,bear,1.2,71.96306656886732,15.983603439400389,20.317426453709164,1.2899009606236027,8.72434210693408
IPO_Synth_0038,,273.03708903645094,2322.7328442250573,4.228481289949243,1.8304503918344643,1.2501515639880942,7.309083245771801,,,,4.1381744157313465,2024,1,-5.892503461878769,Mfg,neutral,1.2,42.60187579274273,15.409287803051562,8.095322544577911,0.0,14.422152928168359
IPO_Synth_0039,,580.6603057605757,71.9742,0.5,0.5,0.5,1.5,,,,9.047150756020296,2018,1,-5.553248306512976,Auto,bear,1.2,50.21164541145208,22.034388372514982,12.083386478518985,1.2797931882263458,9.207393858423986
IPO_Synth_0040,,752.9433418440026,71.9742,44.813422202683995,33.503585976911204,7.070994677887394,85.3880028574826,,,,82.93851146326375,2022,1,26.371352603039046,Infra,bull,1.2,49.55977647525439,24.959527163249447,19.754972355061827,2.006559012331088,8.600505519840901
IPO_Synth_0041,,572.4750349054129,3427.3318752283203,178.815964902029,109.00480734483406,57.31558700131685,345.1363592481799,,,,37.286172750944374,2024,1,28.37679617877985,Retail,bull,1.2,30.41547649849918,27.62452897905702,18.688979896313462,0.0,9.987802400599753
IPO_Synth_0042,,198.8559656691092,4408.007182704916,135.30052137853042,48.56512824317872,34.14818254306999,218.01383216477913,,,,30.416138238579062,2018,1,24.046091734907773,Retail,bull,1.2,73.72373527763911,18.994062454886997,21.045886669397806,0.5517028327351252,8.831508735865846
IPO_Synth_0043,,853.054074331039,3031.6232946311443,16.153970065164973,4.775593686241944,4.93995843057397,25.869522181980887,,,,-18.048084844586146,2017,0,-2.112673833880486,Pharma,bear,1.2,74.39853134901367,18.633613827760982,14.733409563475604,0.0,13.581277196189156
IPO_Synth_0044,,668.3206660211907,71.9742,33.29787254259343,11.642307180370315,3.9001959620738478,48.84037568503759,,,,33.63232791544929,2020,1,17.315361182569628,Tech,neutral,1.2,54.01302783053415,20.78572612623947,9.067689889113582,0.0,15.656364095743
IPO_Synth_0045,,423.9861002829557,71.9742,2.0,0.7477426039075781,0.5,3.247742603907578,,,,55.27590191175267,2023,1,14.816157964205228,Retail,bear,1.2,59.493739891250506,21.002747987588457,10.014711957877083,0.0,10.017804686642036
IPO_Synth_0046,,407.44970285001267,71.9742,2.0,0.6110856492616029,0.5,3.111085649261603,,,,35.6792339896095,2021,1,17.023774855056768,Tech,bull,1.2,62.06456348201687,15.367659911936759,13.655799865004512,0.43354879797238094,11.621367041693333
IPO_Synth_0047,,542.5726316681146,3839.4103798941765,95.24316329709431,34.74715232541856,23.262119547119834,153.2524351696327,,,,90.41508779171863,2022,1,31.15084219769921,Retail,bull,1.2,64.39905345493393,28.774471879616488,18.42313509906072,0.8775410380313002,12.915625345541898
IPO_Synth_0048,,308.2528798895126,71.9742,25.03902894227967,7.721782441413186,3.1240667716800057,35.88487815537286,,,,30.19497676154446,2023,1,17.129974601894496,Pharma,bull,1.2,35.74447441013562,20.133330541032546,13.853946649855416,1.4049833458226813,10.325644474829263
IPO_Synth_0049,,40.04,3822.870243704076,85.12704372432779,37.35935243979951,19.97630035761254,142.46269652173984,,,,56.389196872355924,2026,1,26.98429096752837,Auto,neutral,1.2,68.79200278602124,23.208440053295302,13.507433135287087,0.7640213430698537,7.3662637372222965
IPO_Synth_0050,,671.0653297760645,3179.5880267986836,35.559443357750894,17.53427722906623,9.47202611650586,62.565746703322986,,,,32.575256680971705,2022,1,13.753354971530007,FMCG,bull,1.2,38.8408693011288,22.546727386533,16.786207543392234,1.173627558760702,8.771672183443572
IPO_Synth_0051,,650.7701021378778,4743.49278714602,44.59076057349422,21.298441745906356,8.49002603082058,74.37922835022115,,,,18.210080224186807,2017,1,18.548088373554354,Tech,neutral,1.2,72.26475384206216,22.423597872364994,15.124746595913926,0.0,11.23606885838735
IPO_Synth_0052,,40.04,4289.088440508597,81.82112989888414,54.37873483264674,18.424875677827053,154.62474040935794,,,,36.79694588084345,2020,1,25.953549539821257,Tech,bull,1.2,40.83215693456734,13.975419406651609,13.017353512102819,1.556658931100747,11.181436528393135
IPO_Synth_0053,,589.2618114300307,2934.267808853119,0.5,0.5,0.5,1.5,,,,-27.884570182553666,2017,0,-11.559908198151144,Auto,bear,1.2,36.59804252402459,19.961597104568764,10.49319173685283,0.0,4.623434369151011
IPO_Synth_0054,,1014.811944131102,71.9742,5.936124852815395,4.116981060585176,1.885462059842002,11.938567973242574,,,,4.062255790888547,2024,1,5.372208806468434,FMCG,neutral,1.2,59.495305923639954,32.0,19.261288951077372,2.0266921037492933,8.690136964881662
IPO_Synth_0055,,40.04,3109.8950373990797,0.5,0.5,0.5,1.5,,,,10.391280170757854,2026,1,2.110621081975476,Tech,bear,1.2,59.090905964090474,29.52301230772194,19.715159518441578,1.8471999942931958,7.788978767800955
IPO_Synth_0056,,389.78682068028036,1822.3407611982607,17.430614190850733,12.722602787925267,4.145322068343052,34.29853904711905,,,,-6.698906802824683,2024,0,-1.5362881952780976,Mfg,bull,1.2,61.86743956775822,20.9420459640161,10.24040909432071,1.2500540808677587,12.646875344700803
IPO_Synth_0057,,352.65950910346635,550.2162951729504,44.283451624821005,15.078144047527733,14.883196758831115,74.24479243117986,,,,11.579027413042322,2018,1,6.335936346457557,Finance,bear,1.2,43.93075681502737,17.798813293909436,13.188256446221061,2.5,7.905277199625977
IPO_Synth_0058,,981.9952469631202,5067.550954381536,31.07014749994702,11.585299055893772,8.271894879365727,50.927341435206515,,,,89.02356389664259,2023,1,44.645343992063445,Retail,bull,1.2,63.65071894610322,8.0,18.001377610363814,0.0,8.616560108566297
IPO_Synth_0059,,797.7216936736139,1127.8543831139996,2.7673863882927057,1.5550390735414403,0.5,4.822425461834146,,,,-5.879078637652337,2016,0,-6.448172257492623,Tech,neutral,1.2,65.34585024522757,17.01598291867244,9.88052047753793,1.27942722252007,8.511725605421729
IPO_Synth_0060,,114.76759203635031,143.65055509344023,109.94409029740336,35.23112379597531,28.633648706596436,173.8088627999751,,,,39.66822298618058,2018,1,33.24692963143231,Finance,bull,1.2,80.98283949823711,19.529485354565473,16.643298564440652,0.6351061307385728,12.37399508128634
IPO_Synth_0061,,531.68491994803,4447.615161478442,8.279013770418647,2.424183529053073,2.8182248369392644,13.521422136410983,,,,-1.2346386676003787,2019,0,-11.559908198151144,FMCG,neutral,1.2,63.33058899306445,18.09610123864314,13.530786062668886,0.7440855659828649,12.90653299501414
IPO_Synth_0062,,1201.3822190378871,467.3416057438923,66.52833401740538,19.083559873441196,7.044656281540249,92.65655017238683,,,,15.990981977415695,2021,1,5.042940629249099,FMCG,neutral,1.2,49.21094121918689,18.513905475734894,9.524592344538382,0.0,11.480720652236425
IPO_Synth_0063,,201.43073006452113,71.9742,17.265922125089823,9.549346725422003,4.431260095342342,31.24652894585417,,,,8.701770265461501,2019,1,15.813178288712521,FMCG,bull,1.2,35.752880294143615,23.734588099146873,22.998040139445095,0.894807503759483,13.319228299966197
IPO_Synth_0064,,411.0121116265327,71.9742,101.21702277213878,66.02781860506825,14.090294229091688,181.3351356062987,,,,18.12757572305079,2020,1,24.97820139291258,Finance,bull,1.2,32.45530361085788,13.99786565365647,13.463545599079648,0.8478233980067629,13.706245504995259
IPO_Synth_0065,,590.2288958049539,71.9742,33.15892887432857,12.581917855931872,10.084123601487727,55.82497033174817,,,,85.23344113421207,2016,1,27.683632261959353,Pharma,bull,1.2,65.81360635686248,21.63591029677393,17.359383211132307,0.0,4.56907407915957
IPO_Synth_0066,,206.4361063448792,71.9742,155.44715782682317,111.41938420107088,40.44286308176943,307.3094051096635,,,,64.3116046024373,2024,1,29.460945904564834,Pharma,neutral,1.2,74.27757966934244,19.33844681319755,9.954728070814829,0.43130656830703207,11.775734050738375
IPO_Synth_0067,,1017.1072457519501,3138.316854978806,7.844300457640253,5.067165147927109,2.621936822890345,15.533402428457705,,,,18.268029502886733,2020,1,4.743404589190303,Infra,bear,1.2,43.97603199816908,14.706178912958215,21.985528940874534,0.0,8.890603955804773
IPO_Synth_0068,,253.36530009945756,71.9742,9.165854871683685,2.646459134859937,2.4508988644876872,14.263212871031309,,,,20.879218901136984,2024,1,2.2842142751451653,Mfg,neutral,1.2,64.59474476522652,30.044628639246007,23.76323869198219,0.10460118136037733,6.22975478388562
IPO_Synth_0069,,40.04,71.9742,81.66022669535624,37.04528957837116,8.517547349209721,127.22306362293712,,,,56.06761507071861,2016,1,30.859685037505848,Infra,bull,1.2,56.864063750425956,24.486859311855024,8.240194305552844,1.4608176756315356,9.040796555198932
IPO_Synth_0070,,235.4956691399786,2311.058300879484,37.944216704816,10.776439584180473,8.6356658875019,57.356322176498374,,,,19.252682050141537,2025,1,8.150416388320634,Mfg,neutral,1.2,72.92881564011807,15.281601258891937,14.259478263053305,1.4808068223002597,12.192582148731855
IPO_Synth_0071,,637.8844831536953,71.9742,27.30804451987414,19.323092532645273,8.900156380092021,55.531293432611434,,,,-18.28524863388655,2022,0,-11.559908198151144,Pharma,bull,1.2,75.58938441180389,23.103506507361228,20.975500858531973,1.26870162330336,14.36574186067935
IPO_Synth_0072,,142.1771279606922,1479.4294292243212,16.396536965977145,10.188825651620698,2.5918948953984,29.177257512996245,,,,-7.602223314078838,2018,0,-11.559908198151144,Finance,neutral,1.2,24.0,11.663226613030385,12.892055156170093,1.4603873461116794,5.964700441968438
IPO_Synth_0073,,518.04910992514,4859.815289707832,4.692732392321302,2.7840693840833413,0.5665258995076063,8.04332767591225,,,,-4.86413600189389,2024,0,-7.608679769873356,Tech,bull,1.2,78.57842456693764,16.019124935401667,16.841845124105568,1.473465053478754,11.855247385639597
IPO_Synth_0074,,606.9813355274359,1707.9973952322014,118.68632283256458,70.18526659096152,33.228843295684094,222.1004327192102,,,,12.029472968638112,2024,1,23.050667164580535,Finance,bull,1.2,64.53954533619401,27.9654187652461,7.43844491191407,0.0,15.896886868728592
IPO_Synth_0075,,40.04,5451.215272940253,50.239754602132216,19.723688106565184,11.33545223233585,81.29889494103325,,,,7.98358480133084,2023,1,15.373239773468637,Pharma,bull,1.2,50.43559234846984,22.109089251607575,11.452639062436273,0.8395467797037416,15.492260950121063
IPO_Synth_0076,,222.26940541379193,1344.3893351806869,99.68547330675786,71.45151459497622,11.154686370498208,182.29167427223229,,,,76.12186039496343,2025,1,27.23473590010223,Infra,bull,1.2,50.93766892718804,21.627183897975364,16.37269680455297,1.5867797267684622,4.0
IPO_Synth_0077,,534.0255807751649,4142.812405788336,13.292842830198502,9.45637325009938,2.2595015806687866,25.00871766096667,,,,8.254417909558018,2026,1,3.0438549685053404,Auto,neutral,1.2,60.57145327515873,25.921808484362824,12.34742159190912,0.0,16.0
IPO_Synth_0078,,654.7561148609051,96.8541873401488,44.12682251605937,27.347351350949218,8.01727714708326,79.49145101409185,,,,5.718275176718009,2017,1,15.721989450718455,Infra,neutral,1.2,50.93252179381395,23.667668659458293,13.377591230273785,0.0,12.883123310832035
IPO_Synth_0079,,230.78110828523359,1802.0827983442102,102.6348244388805,49.7229908481708,27.39994382957268,179.757759116624,,,,43.06245508425639,2019,1,25.830233009190028,Auto,bull,1.2,43.133934575074385,18.403690684544436,8.179916150267767,0.0,4.0
IPO_Synth_0080,,466.6653539274056,71.9742,62.90102555044637,17.207070280758956,13.70613693817565,93.81423276938098,,,,17.512645003360245,2016,1,5.595662802927431,Tech,bull,1.2,47.25964224426562,25.618427866684133,17.94329855750603,0.0,7.703017084026804
IPO_Synth_0081,,317.8334910848182,71.9742,96.49831460579983,25.49057743766927,21.403092811928474,143.3919848553976,,,,18.745238005184333,2016,1,22.176615303892145,Mfg,bull,1.2,41.27708489424572,9.866266571969291,8.971897821577103,0.0,13.773292236284046
IPO_Synth_0082,,663.4453784686552,936.9792542914174,6.285274130699886,2.0054246073189073,1.8959587547671435,10.186657492785937,,,,-12.422780120899004,2017,0,-2.0351114159142334,Finance,neutral,1.2,84.23823203807788,15.99515197479976,21.933120130689893,0.0,11.080856553634638
IPO_Synth_0083,,592.2463957862016,71.9742,12.532736140858251,6.866464889261727,2.1256056222413697,21.52480665236135,,,,21.761502863284615,2023,1,4.433291062349449,Tech,neutral,1.2,61.0062866748681,19.418294222561922,11.927887236507875,2.0123055169353092,8.278132810620875
IPO_Synth_0084,,287.2455863770741,1936.5746317074565,7.691545106945467,4.992194964225407,2.062435405576663,14.746175476747537,,,,7.135826896918964,2022,1,4.028917616501901,Infra,bull,1.2,96.0,23.286374043583784,18.603164015657047,0.06252575007022265,10.199388231630454
IPO_Synth_0085,,578.2517179356352,733.706891036443,14.734070656931875,10.670898428009025,2.8273108906476576,28.23227997558856,,,,-25.299392217626732,2016,0,-11.559908198151144,Auto,bear,1.2,66.67937466645024,18.050004516279156,18.159919814918144,0.0,11.63775675569564
IPO_Synth_0086,,273.8843354799825,2132.3672215325555,72.892383224979,24.61437574910777,14.913235781402843,112.41999475548961,,,,44.23688293050471,2020,1,22.830165523291424,Finance,bull,1.2,70.600348573943,9.295636096241397,10.567147724113973,0.6661883964965564,8.262193122762662
IPO_Synth_0087,,571.0504410570046,71.9742,13.630363041285447,5.285363281945191,3.257324230889577,22.173050554120213,,,,5.282447745108208,2017,1,2.1316213097664996,Finance,bull,1.2,40.891105194762666,8.453130182408824,12.409092741903136,0.31103625758337206,9.618647782534028
IPO_Synth_0088,,575.8096164815447,3348.334033907618,3.43439694184391,0.9515001656672578,0.9407215089385108,5.326618616449679,,,,27.4907942790507,2018,1,12.561167281297449,Retail,bull,1.2,56.07223914715946,19.59144370460721,12.941526940587146,0.0,12.690751318933065
IPO_Synth_0089,,1224.7379428062457,5940.547473411446,112.97027766710421,84.10903595097392,37.99177053506876,235.07108415314687,,,,29.081881932010877,2016,1,22.695421857299912,Retail,bull,1.2,61.308443530515405,17.133346712055673,13.246560865939747,0.0,7.897542792204467
IPO_Synth_0090,,299.9596744265201,5391.11869064191,227.67886078366686,145.81864299769876,38.07992483570604,411.57742861707163,,,,16.16511867380083,2021,1,21.9549060369823,Retail,bull,1.2,48.52952449592163,14.540136800407126,9.160492721386849,1.5670889297913346,5.929035415571406
IPO_Synth_0091,,366.5667748715129,6477.514183462596,120.7067762058353,59.189420457020645,15.201365373023837,195.09756203587978,,,,56.774928841700124,2016,1,26.69149854016012,Finance,bull,1.2,51.63358152216932,13.53637227269953,17.4024115769356,0.0,8.088063320633028
IPO_Synth_0092,,193.736953253384,1632.2162213572558,52.491149894762586,28.22883114339712,10.876060261144032,91.59604129930374,,,,28.063874325420407,2024,1,10.159267760324086,FMCG,bull,1.2,67.5626609828253,20.8026562877145,11.900635096801745,0.0,7.333262912552724
IPO_Synth_0093,,62.024163048380316,604.684993879622,5.686113740904977,3.0198222577593743,1.3457837124029373,10.051719711067289,,,,19.451975198178406,2026,1,3.1294374842613637,Auto,bear,1.2,67.91567636866006,27.813567647416704,14.486216763887432,0.9668356044158417,8.185398541978685
IPO_Synth_0094,,258.90165693041723,2790.918917152028,21.193694136006695,7.993845535161789,3.3274290750792885,32.514968746247774,,,,24.049487219691905,2025,1,10.565442446142454,Infra,bull,1.2,35.93498504005999,20.803162969223457,19.528590725202584,0.0,4.817624044908143
IPO_Synth_0095,,642.0110478165235,901.7008059742839,0.5,0.5,0.5,1.5,,,,-21.62773595422353,2025,0,-11.559908198151144,Finance,bear,1.2,65.10733622597846,27.893615508693973,17.57308693842347,2.05220908623315,10.706862970268618
IPO_Synth_0096,,666.7284828789449,71.9742,13.908510112585311,5.542372407061924,4.168543960950886,23.619426480598122,,,,-5.39506530719263,2024,0,-11.559908198151144,Retail,bear,1.2,69.95427328402121,17.756049969842337,12.204123659411774,0.3456967954685926,12.60280389074074
IPO_Synth_0097,,515.8221261239175,3654.3537041945015,2.598475398444185,0.9707300590027689,0.5805409233892236,4.149746380836177,,,,-11.582424766162726,2026,0,-11.559908198151144,Mfg,neutral,1.2,49.375016877447756,22.66065383532605,19.68419504351799,0.39962743029382547,7.564817225477894
IPO_Synth_0098,,313.792998617773,911.638520592531,30.66667735486524,16.215436362788644,6.517159091352542,53.39927280900642,,,,-9.439532436846074,2025,0,-9.292364579989776,Finance,bull,1.2,47.54555158725226,28.1122354890322,17.994928978756896,1.2865518707441754,8.044092326011262
IPO_Synth_0099,,246.29219004115248,71.9742,79.28278066014362,32.03828289215701,8.73579809579696,120.05686164809758,,,,16.36721706713655,2018,1,20.942958878534345,Auto,bull,1.2,67.94644452115742,19.052752556047288,11.823698618397843,0.0,9.437840493047037
IPO_Synth_0100,,101.64579028287375,198.74595247715249,23.842200774885317,14.650374231475274,5.584378278195158,44.07695328455575,,,,-1.7647065198444898,2022,0,-7.306261172172265,Mfg,bear,1.2,24.0,20.15583382514591,12.6867848269652,0.8375860123209312,7.266084101488524
IPO_Synth_0101,,224.5971817783341,970.8337352400805,12.986939068699737,6.934634119828897,3.2329267140261915,23.154499902554825,,,,22.482478657288176,2019,1,4.106297667287861,FMCG,bear,1.2,60.037520469127664,17.753097573721817,19.502268557986834,0.13438180160410418,12.951347719164675
IPO_Synth_0102,,40.04,1552.5704068952443,126.22377250826064,65.14811334707161,40.758659036623364,232.13054489195562,,,,46.70000226427198,2025,1,40.409583730374166,Tech,bull,1.2,89.41970228302142,23.55503743523541,18.504042701169418,1.5268066591088167,7.33401636948332
IPO_Synth_0103,,878.6472217455795,1583.8380970264832,8.857150309148693,6.427163518920046,1.995290252899936,17.279604080968674,,,,27.74873706112769,2016,1,4.5802423781226,Auto,bear,1.2,24.0,25.413632606749164,8.238456368411233,0.0,8.42230160311338
IPO_Synth_0104,,1042.3669705648565,5085.239185514168,39.68791751643862,16.3198609024534,5.530287294193685,61.5380657130857,,,,34.737491617407855,2020,1,28.25259725608177,Mfg,bull,1.2,74.81174760009885,22.107680776444166,10.474833172810628,0.6768221168004154,7.710196185071678
IPO_Synth_0105,,40.04,71.9742,5.197982459867336,2.950556418168567,0.7537813995709919,8.902320277606895,,,,-8.187429601631763,2020,0,-7.915257303856419,Pharma,neutral,1.2,69.79960405982919,18.623348170312678,18.129206221570524,0.1410357844498658,13.022431354288148
IPO_Synth_0106,,513.6304408930699,1125.7499021491863,7.242940318789653,1.810918423966505,1.0137715747000098,10.06763031745617,,,,5.212336262248485,2025,1,7.844534906059549,Finance,neutral,1.2,34.11418507424999,11.001658616047314,9.715314520131578,0.9128995136827867,9.306763269712427
IPO_Synth_0107,,507.9697892498248,71.9742,13.52765727478928,8.36633958772462,4.526810256644216,26.42080711915812,,,,-11.929591052257924,2019,0,-8.270292455060611,Pharma,bear,1.2,69.36879943721694,19.709421246793504,18.622220269721332,0.24885382070791334,15.979327860231422
IPO_Synth_0108,,486.14820611325433,4791.494195096241,11.77070800475305,5.900325925197081,3.511759121099611,21.182793051049742,,,,-6.851608621557227,2025,0,4.9531656687600325,Retail,neutral,1.2,78.02555812975675,18.84827732554747,23.711041769154114,0.7623103872021219,11.06129402315528
IPO_Synth_0109,,212.34903482820445,71.9742,168.28942746194923,59.60684944202954,51.5287975432978,279.4250744472766,,,,54.041318066567264,2021,1,30.477307157863823,FMCG,neutral,1.2,38.82089041449133,21.415976563316537,16.679803203460818,2.2532386824888366,13.475293846778062
IPO_Synth_0110,,764.0983481377275,626.8047682049562,0.5,0.5,0.5,1.5,,,,-7.546789202054739,2023,0,-11.559908198151144,Tech,neutral,1.2,47.269961903398915,20.7007533989531,10.84655242779762,0.21401327525228786,9.027183310757506
IPO_Synth_0111,,555.035308804921,4254.058900132842,98.93059204473916,59.70184046185784,12.258357157326,170.89078966392302,,,,15.900293364708856,2021,1,21.692866206009352,FMCG,bull,1.2,60.46992799153822,29.434448904069807,15.794275787073357,0.9027494230704737,7.1721384464534115
IPO_Synth_0112,,768.0634063049292,4970.072571971614,19.576330097030734,11.380706388377954,5.394144490479702,36.35118097588839,,,,19.598991644249335,2020,1,17.436003699817686,Retail,bull,1.2,77.59806263697787,15.82154066791855,19.655758597773797,2.5,9.900517409251119
IPO_Synth_0113,,162.89845655739472,5354.9130203975465,0.5,0.5,0.5,1.5,,,,-16.144077171131393,2019,0,-0.5682553266421444,Finance,bull,1.2,50.25986876319084,10.548421685562463,15.445096911760805,0.8898545207888775,7.9628692780999675
IPO_Synth_0114,,40.04,71.9742,8.35388252793075,3.9156937337952162,1.3049217872386252,13.57449804896459,,,,-8.319897087602959,2019,0,-11.559908198151144,FMCG,neutral,1.2,59.24236680529352,13.14478758872998,17.177264196238003,0.0,4.004412171093773
IPO_Synth_0115,,563.3796449358202,2778.764680345109,22.09745278365282,12.587784431371684,4.92036120096933,39.60559841599383,,,,29.425558478834823,2023,1,13.851838792646596,Finance,bear,1.2,48.03191200013462,16.19826208116486,11.402641482664919,0.0,13.040559435983043
IPO_Synth_0116,,85.89417010991528,2224.867722411064,0.5,0.5,0.5,1.5,,,,9.100364549477929,2019,1,0.8311028003051718,Tech,neutral,1.2,60.442037313781356,26.492043029501946,11.743484372340916,0.0,10.098229026883475
IPO_Synth_0117,,775.0583499913147,1388.4328668693036,33.411017638709446,12.34361768433105,10.83633264425709,56.59096796729759,,,,27.761179949120976,2025,1,17.326504761174984,Infra,bull,1.2,78.84020786059807,12.216544518665046,19.077256348475792,1.421963111767542,7.899092666831675
IPO_Synth_0118,,40.04,1695.0435426244887,35.277568562599484,17.969829716143842,4.501642739483092,57.74904101822642,,,,20.131078450812232,2017,1,12.763700354243817,Retail,neutral,1.2,61.906143072649385,13.017186827854838,11.795719948282983,0.40618064348009936,11.12881490983407
IPO_Synth_0119,,254.77550480941605,4868.555846275019,60.07246326198334,30.47454419030829,19.406306442862487,109.95331389515411,,,,73.2033764490713,2018,1,46.9575989014949,Auto,bear,1.2,53.565734497372425,22.4834372685688,6.0,1.5635179925415021,10.140797878189767
IPO_Synth_0120,,204.43192060807908,4225.15035508744,26.829048683142393,17.755771453267364,8.869783879515557,53.45460401592532,,,,7.749337254631861,2016,1,7.110455915314922,Tech,bear,1.2,59.410379458166396,25.09583655314561,13.621503415768817,1.1115567945368876,14.229372100444015
IPO_Synth_0121,,301.286940355709,3856.3770765388285,15.28836201051679,7.135759055716863,5.058956578867592,27.483077645101247,,,,-10.198085777173235,2025,0,-9.860500146333255,Finance,bear,1.2,45.58873994145727,10.704567563931285,16.413882175621684,1.1072404810979095,11.298450280328035
IPO_Synth_0122,,504.00982474718774,2060.3551453934415,76.64953168924703,35.87525513630493,7.757601222832191,120.28238804838415,,,,32.38584814046206,2020,1,16.170771499118242,FMCG,bull,1.2,42.100942725674656,9.36767163233191,19.76329770531588,0.0,9.529242155787779
IPO_Synth_0123,,550.1705920440787,7431.9690825369,6.810015817145814,5.054408964211734,1.057252866222114,12.921677647579664,,,,46.78935437443905,2016,1,17.05208540970027,Pharma,neutral,1.2,81.66152452801568,15.280780402992892,22.40599023937339,1.004894620386235,12.080284326900797
IPO_Synth_0124,,633.3473750973462,478.97632063128884,19.324339512115284,13.473546658252593,5.271898357983162,38.069784528351036,,,,69.19050994639818,2016,1,41.707265066356854,Pharma,neutral,1.2,89.47877296189307,23.944172796822077,15.381149737556816,1.8665899398934265,9.892107521916438
IPO_Synth_0125,,672.7147171924294,71.9742,121.404591408258,45.058463664667364,21.905630803491864,188.36868587641723,,,,18.984880146187024,2026,1,30.36483233417416,Infra,neutral,1.2,27.752795154387655,20.85936027744932,17.96377726095774,0.0,10.551498339089393
IPO_Synth_0126,,356.2313740762975,831.3584780116244,64.6404178434576,45.580967460562775,7.4511541560555345,117.67253946007591,,,,33.44794757736351,2025,1,20.014418005813,Retail,neutral,1.2,70.47833090157724,15.500156794325395,15.54281857676337,0.18285659156479855,13.678500358563197
IPO_Synth_0127,,1135.1255803665535,1672.0586820876692,90.41836266282262,28.84195025014196,26.287829698740357,145.54814261170495,,,,85.12300235279821,2019,1,43.96060279943524,FMCG,bull,1.2,75.4608024868323,24.436582149221387,16.593315664847026,0.8544188487742621,6.49428375134239
IPO_Synth_0128,,888.6324657836618,4913.873340474299,7.5821429113708785,5.130802211169112,0.8124118134920154,13.525356936032006,,,,-8.996391979221626,2023,0,-11.559908198151144,Retail,neutral,1.2,38.189667624918116,20.74583194239333,14.159132222478942,0.5980159282459462,7.410179159641328
IPO_Synth_0129,,308.2513374918869,191.72896752474514,15.521426892979617,5.303076918089467,3.2828645478500764,24.10736835891916,,,,-12.45057770575973,2018,0,-1.5551970968799027,Tech,neutral,1.2,51.50840740004572,19.354426790264597,16.73898664049186,1.936587109773423,8.741929883776134
IPO_Synth_0130,,368.0679744350612,2800.410604900686,14.46190486779701,6.692993788541233,4.872129306655918,26.02702796299416,,,,-8.2941549058368,2025,0,-7.762854987689576,Infra,neutral,1.2,49.61316734900025,10.313906433821941,11.715347275121651,1.2285074025227498,9.180913453476373
IPO_Synth_0131,,301.05768474056214,71.9742,19.689516062281314,14.60884939701233,4.135944432687919,38.43430989198156,,,,9.321602909744858,2023,1,3.8542196163912847,FMCG,bull,1.2,94.21704168747569,15.376888780581874,23.91038476466631,0.9060918892726456,13.469617323822485
IPO_Synth_0132,,538.9197383886865,4336.630571772574,20.82367566363289,6.216376705040289,6.829578834617959,33.86963120329114,,,,-27.339890481400666,2020,0,-11.559908198151144,Retail,bear,1.2,89.74410389488744,31.74156536208185,6.0,1.3176015459243355,5.755901852562772
IPO_Synth_0133,,82.82191166897636,1699.6020696783428,112.73105117837447,75.51784465048799,22.7999747628423,211.04887059170477,,,,15.985216073581821,2026,1,26.037149295010135,FMCG,bull,1.2,43.418817366550925,17.982241246665136,17.568989855294753,1.2642895421482332,9.911500346965665
IPO_Synth_0134,,145.12729014125438,791.5022051206223,53.301558098320896,26.510434701560378,9.949883256376818,89.76187605625809,,,,3.775774283868957,2018,1,7.481258982351139,Mfg,bear,1.2,33.7335340012073,14.259238307879148,16.437967578390623,0.5410691074390701,8.347665678845434
IPO_Synth_0135,,40.04,7070.321716006465,0.5,0.5,0.5,1.5,,,,-5.009357879104451,2026,0,-11.559908198151144,Retail,bear,1.2,73.9135853117869,17.70649178181444,16.67076798730909,0.1451798045113119,15.101447300689523
IPO_Synth_0136,,278.64544155826974,4306.668658370977,12.05544328311672,8.755213720008173,2.284780489305949,23.095437492430843,,,,-2.004318091519563,2019,0,-9.68912425357305,Auto,bear,1.2,69.79105536235222,20.71450747847111,9.677321644681466,1.490309653179353,12.65154251103899
IPO_Synth_0137,,778.5287177534534,71.9742,17.076078765399366,8.958378742736581,3.1462098381618953,29.18066734629784,,,,39.45217994910037,2025,1,19.076050387136025,Infra,neutral,1.2,82.39188302146738,25.300063352020462,7.44834470373017,0.0,10.716076831632124
IPO_Synth_0138,,362.8665352127016,1237.0315731664448,124.84593312264808,86.18370834477504,38.906711499610076,249.9363529670332,,,,68.89600481350915,2025,1,30.430092077474868,Pharma,neutral,1.2,40.93665770676186,23.726510240532917,17.72598782726228,0.42772138887056965,12.906528093808802
IPO_Synth_0139,,381.9745308973471,8644.230311355204,82.82297766689915,56.696756839882624,27.329826249072976,166.84956075585475,,,,61.20386691556546,2022,1,55.50543105107901,FMCG,bull,1.2,73.02373836868122,15.940423950682915,21.03450443321667,0.0,6.041680234625307
IPO_Synth_0140,,509.837303280078,6672.500638454068,10.0,2.5731729147034894,1.0548252143833248,13.627998129086814,,,,66.6510550936662,2017,1,75.25866115220047,Infra,bull,1.2,46.82833401650971,27.629461002401577,15.991031230636265,1.231675651010697,16.0
IPO_Synth_0141,,72.47199725326483,3924.1832564175256,123.736103062512,47.31920406141323,15.413076641750244,186.46838376567547,,,,17.6562117362395,2024,1,21.259704429812228,Tech,bull,1.2,71.21694294612051,24.888130164500666,18.623713919725496,1.732522886257083,7.474438447671021
IPO_Synth_0142,,423.4594974018191,71.9742,0.5,0.5,0.5,1.5,,,,-14.560221271796005,2023,0,-9.125527247014011,Finance,bull,1.2,59.33185199388773,17.329198539341444,12.938349341276695,0.0,13.77084981505475
IPO_Synth_0143,,718.9460107458544,4989.270380342608,7.010369652248855,3.6273897495338217,1.5505936731781516,12.18835307496083,,,,-32.536530897740356,2025,0,-11.559908198151144,Retail,neutral,1.2,94.21112405343976,19.230810470165228,16.492081766572444,0.3460706273155391,11.654953156288776
IPO_Synth_0144,,519.5397144953383,71.9742,18.82456678068663,5.382564945929111,3.2796096008694513,27.486741327485195,,,,42.23371002542597,2018,1,18.084762586157346,Infra,neutral,1.2,68.05308651900103,23.60401449897314,20.515469586568962,0.019934236977524333,10.792974449196649
IPO_Synth_0145,,748.9492811934081,4966.800974774064,6.796820773991322,3.021074340978934,1.1213175030958675,10.939212618066122,,,,-9.88106529480988,2018,0,-5.303488811917645,Mfg,bear,1.2,54.348102358755305,26.448220949883215,13.589036405345565,1.5753263094295618,13.645673822984286
IPO_Synth_0146,,846.6316112553262,71.9742,0.6667223489437415,0.5,0.5,1.6667223489437415,,,,0.1,2019,1,3.3013033777493774,Finance,bear,1.2,62.48280133249784,10.887992989401479,20.33573145833851,1.9169714868302488,12.989746078555982
IPO_Synth_0147,,641.1533485261969,2794.162189471158,0.5,0.5,0.5,1.5,,,,-9.566769989199035,2020,0,-0.9566736775755876,Mfg,bear,1.2,58.19066777595453,20.422699468591404,7.644424787690093,0.02090650600656091,10.322146507305307
IPO_Synth_0148,,171.14603072851438,71.9742,19.911883292630048,11.959838481973499,2.078202943086734,33.94992471769028,,,,15.945727590284793,2016,1,9.243664157400609,Retail,bear,1.2,39.22014592796388,19.813252169088532,12.241486412654293,0.0,8.735204090928566
IPO_Synth_0149,,297.2703278099395,576.1764758107779,202.27847126695949,97.12698242177991,57.5929476554913,356.9984013442307,,,,56.35508372557599,2017,1,35.361463138390185,Pharma,bull,1.2,94.6480587778316,16.57619624222565,17.456622562288036,1.6528011018445394,10.369086874517194
IPO_Synth_0150,,1074.59127667805,3141.3079223404197,62.69104419846868,17.889049916515926,10.977013889688813,91.55710800467341,,,,14.317517720186103,2021,1,15.689717492345649,FMCG,bear,1.2,88.77695500687068,16.545192883504665,23.5626480472078,0.5450949098696511,9.691580067647976
IPO_Synth_0151,,522.1375930391958,71.9742,11.909297029958278,4.033524473982837,2.4617453366189683,18.404566840560083,,,,11.47288838856577,2026,1,8.857472684356578,Mfg,neutral,1.2,56.8265376472728,26.326258459461176,15.064232617939641,0.5489534783953798,11.061973665774232
IPO_Synth_0152,,476.6342897853389,7697.018708539299,0.5,0.5,0.5,1.5,,,,-26.168763429054344,2017,0,-10.123594577282917,Auto,bear,1.2,72.59785317506682,23.208068681392632,10.347371034068244,1.4637137927095312,13.061768722323805
IPO_Synth_0153,,121.0721751727315,71.9742,0.5,0.5,0.5,1.5,,,,-30.402473691864476,2018,0,-11.559908198151144,Mfg,neutral,1.2,96.0,32.0,23.46035482378091,0.13598222606427168,11.40570546932015
IPO_Synth_0154,,383.5802526601335,71.9742,5.089210110446792,1.4945086344532703,1.6332581230190044,8.216976867919065,,,,3.3977581287609673,2025,1,1.7657389621306154,Tech,bull,1.2,82.26413374892516,16.581243142550004,14.432362441697832,0.0,10.554609123582223
IPO_Synth_0155,,659.5251399674237,3148.9530826220944,36.75407971976089,24.313683426834494,9.942835441259398,71.01059858785479,,,,30.1084054739782,2016,1,11.126760451655496,Finance,bear,1.2,54.466954660550144,20.822806845329012,17.991504932355625,0.14429158694523914,8.03809926167292
IPO_Synth_0156,,419.89316998404513,4884.608654766556,12.324122887734655,8.051713851023443,3.913822055876596,24.289658794634693,,,,86.3784533696013,2017,1,50.55355752030891,Tech,bull,1.2,58.416770045427754,21.85820150825586,13.4950884480641,0.9890864056039612,10.973970191018267
IPO_Synth_0157,,237.4098491095119,679.1942054764013,58.22076076237774,16.885825380858062,12.74235006209195,87.84893620532775,,,,7.1846620367536564,2025,1,15.11025454311911,Pharma,bull,1.2,29.084379949669465,25.37650443217764,15.640241555525508,1.3789672565013227,4.912200855666975
IPO_Synth_0158,,316.6550496778943,71.9742,146.44122314612525,101.64464780181578,30.476631922188194,278.5625028701292,,,,61.952226977161175,2018,1,33.5599082661776,Retail,bull,1.2,73.94589317780793,28.150476465693696,12.470472886016534,2.1331537156326057,7.607477601940107
IPO_Synth_0159,,821.9327064975818,71.9742,0.5,0.5,0.5,1.5,,,,8.405027308688265,2019,1,1.484650147640466,Mfg,bull,1.2,82.37121421330686,20.561669611261575,24.0,0.9033924398247961,11.818726970340503
IPO_Synth_0160,,642.9265379131243,71.9742,8.291835442499055,2.253174019183402,1.9586151986409048,12.503624660323363,,,,-3.21143422656107,2016,0,-11.559908198151144,FMCG,bull,1.2,82.49471099142077,13.431347411374718,20.36054297821844,0.3553742440215013,12.65556143371313
IPO_Synth_0161,,597.2426511360217,2323.942380741682,8.392039912327656,6.085611810916612,2.083667086688456,16.561318809932725,,,,-0.1,2020,0,-8.596982848861893,Infra,bear,1.2,72.61872482751676,15.734730459600192,22.95655316873049,1.3861908707293251,9.938009751293336
IPO_Synth_0162,,565.421169907312,1339.601891288931,0.5,0.5,0.5,1.5,,,,-14.848050012394136,2026,0,-3.4050977179300355,Mfg,bear,1.2,66.34223903689067,20.856365703681607,11.451921776637013,0.0,10.602971532944254
IPO_Synth_0163,,40.04,2630.1853193455854,137.25404263089885,79.93414253892479,18.713990295824928,235.90217546564855,,,,29.3574394564029,2026,1,58.35661675769086,FMCG,neutral,1.2,42.03937948806965,26.736570883330764,6.7873947443003075,1.9193882247244085,11.110783458997126
IPO_Synth_0164,,507.85267019791746,2471.502181931255,13.156754931253726,4.439192698495438,2.213967613389141,19.809915243138303,,,,-11.311698527606435,2023,0,-5.486274146932593,FMCG,neutral,1.2,65.75477176361127,11.32156419420049,13.681705548159094,0.7113769395668552,12.04430787625229
IPO_Synth_0165,,779.6382886472968,3667.4016256519276,104.34154350733382,68.73268842525508,10.805910475821259,183.88014240841017,,,,57.435940672351165,2023,1,30.43794050033542,Tech,bull,1.2,48.63008414099188,12.979983130462724,24.0,0.2713097318801283,9.395772560340562
IPO_Synth_0166,,325.6949890151794,454.7139149994398,18.075703078558703,12.128013559601376,3.249734709839296,33.453451347999376,,,,-13.722114392015458,2023,0,-7.251031628896745,Finance,bear,1.2,69.45322969476976,24.54292093208481,13.551570995282141,0.0,7.0511185782074115
IPO_Synth_0167,,748.6976455477405,71.9742,18.664827750026166,13.796493841862112,4.576424340745689,37.03774593263397,,,,52.82668577448242,2023,1,32.452526514857524,Auto,bull,1.2,46.250408528587435,12.238236881415085,19.733046335290833,1.1269399508790463,11.161523096981206
IPO_Synth_0168,,601.0637979877259,1928.5942875782496,101.91775466392859,76.05782961261544,34.54275776612929,212.5183420426733,,,,57.49892326883872,2021,1,20.62214332740515,Auto,bull,1.2,69.3386885212785,13.249862944180926,10.388201636520408,0.2193834855630329,15.874915691533182
IPO_Synth_0169,,697.5433869897593,1378.6357776704622,33.05877087766111,9.51857400975142,4.776139445693124,47.353484333105655,,,,5.029435275454094,2018,1,8.900691866997043,Infra,neutral,1.2,83.81622143853261,26.819224718606606,11.269468631449778,0.40571771855046795,7.232641468169641
IPO_Synth_0170,,432.2212670786085,2180.1885416754244,14.968150019808471,8.66628645070395,1.7043653554092377,25.338801825921657,,,,35.77088923674023,2025,1,11.40854908791572,Auto,bear,1.2,66.78872983325189,18.67206911473803,14.64093479282627,0.0,9.619260044752613
IPO_Synth_0171,,717.6671359092923,71.9742,11.324093690130304,4.377023668434814,1.9712735653379325,17.67239092390305,,,,-17.881838194231104,2025,0,-1.8806204258888366,Auto,neutral,1.2,65.91225732586159,18.213128115763233,24.0,0.06532072557729418,8.841260685776984
IPO_Synth_0172,,40.04,3193.4203616546865,52.13426772630889,16.307019879862796,7.257060066428622,75.6983476726003,,,,40.234131011975556,2017,1,21.94497258331607,Tech,bull,1.2,76.4344841429262,28.209762929529536,19.951047775676646,0.0,16.0
IPO_Synth_0173,,426.1441936735749,71.9742,0.5,0.5,0.5,1.5,,,,18.322365757335294,2017,1,2.4436845320632252,Retail,neutral,1.2,91.8660237688305,13.622140068238885,6.0,0.918562808987832,7.117823700647499
IPO_Synth_0174,,658.3778471308195,375.47893936297,13.364885301782568,9.598909470743688,1.3556977612982477,24.319492533824505,,,,-29.364399807360012,2024,0,-11.559908198151144,Auto,bull,1.2,58.068886123612785,12.41609277275034,18.0002885455829,0.2323536411226802,9.518626048090532
IPO_Synth_0175,,516.0338005531288,4460.5912178413255,15.514961299355381,9.182136062469752,5.35602487404178,30.053122235866912,,,,-33.471215755039864,2016,0,-11.559908198151144,Finance,neutral,1.2,69.37839615689164,29.775275097123227,9.830693167176266,0.0,8.905941393777583
IPO_Synth_0176,,789.071583534994,71.9742,44.70941888861409,12.30539461934986,14.035031842194451,71.0498453501584,,,,36.99718664389748,2024,1,16.026031165284984,Finance,neutral,1.2,87.20218642233482,21.399933833889822,11.932973090871148,0.08498792617613488,6.236959969284147
IPO_Synth_0177,,361.15935591094086,4255.484475802049,94.63631026119765,70.23102908721764,21.072444623042536,185.9397839714578,,,,66.61291282165836,2026,1,46.466576967427656,Mfg,bull,1.2,72.04719941518852,24.07822850130602,17.296756823676883,0.0,6.074022973251884
IPO_Synth_0178,,227.81913119549418,71.9742,18.450718346216323,12.06503761141342,6.093083212320753,36.6088391699505,,,,23.276350344435468,2016,1,15.753412990248696,Pharma,neutral,1.2,24.0,18.13349554809465,21.292960697359497,0.0,11.705150206929169
IPO_Synth_0179,,40.04,71.9742,2.0,0.809179305650725,0.5140296663286386,3.323208971979364,,,,11.797126358994086,2024,1,9.723105626251796,Tech,neutral,1.2,47.118866170804566,19.360409443855648,21.07169523687042,1.50388457866806,12.125958717569123
IPO_Synth_0180,,321.58060184643114,71.9742,25.25654711111329,12.260370192831584,8.800422067478753,46.31733937142363,,,,40.94811567083336,2017,1,18.47681331765362,Tech,bull,1.2,73.51875780810785,15.777405599906123,16.492049854608112,0.0,8.321499570765784
IPO_Synth_0181,,591.3792349916552,1825.8098871164384,64.2805490088977,39.42248867211677,10.900473755685125,114.60351143669959,,,,31.653057641248544,2019,1,40.556179422141525,Finance,bull,1.2,52.796892198632705,21.908720205888773,16.555278532487996,0.7948436336170601,14.226989207547923
IPO_Synth_0182,,674.7717980135716,3420.8607287288473,2.0,1.1760320858394464,0.6984530713087568,3.8744851571482033,,,,35.665112580111725,2022,1,17.038792832787962,Auto,bull,1.2,85.92638417444675,24.988237588837574,21.057954293271607,0.0,4.0
IPO_Synth_0183,,40.04,4886.3082854661325,11.383552267130383,5.4816408745633805,1.6513188444331204,18.516511986126886,,,,16.251037842626335,2023,1,3.3971812242505686,Infra,bull,1.2,93.4426322455296,21.17589146256137,7.910051772968783,0.0,6.22458317993497
IPO_Synth_0184,,816.2964750991492,4678.793675524672,61.559366495857105,31.16104046691912,11.594989354550522,104.31539631732674,,,,77.18346099381816,2016,1,36.233847921099475,Auto,bull,1.2,49.37558701049058,26.36544055613824,23.22309822976688,0.0,7.525838156063237
IPO_Synth_0185,,81.97375717322457,3767.3186222352833,63.69036270040644,17.298547093684526,21.26181874986182,102.25072854395279,,,,19.666417096895763,2017,1,21.57021252208853,Finance,neutral,1.2,41.41495193249889,23.974373983970306,11.688082490740179,0.8195233121573138,9.973140172731155
IPO_Synth_0186,,373.43959951138555,71.9742,104.66604358427541,52.36616138967294,20.16240310297322,177.19460807692158,,,,22.426893196371186,2019,1,45.528684347502534,Finance,neutral,1.2,53.498717711771064,13.709346328223054,16.17276141356783,0.9318049721150483,8.647278681332963
IPO_Synth_0187,,220.52247952269462,71.9742,4.101223507984702,1.7230201524248476,0.62526882141579,6.44951248182534,,,,21.59776569180545,2023,1,16.256450713928853,Infra,neutral,1.2,52.45948946637397,19.131535938185046,12.766861347772732,0.0,9.396858676762825
IPO_Synth_0188,,557.348726822474,3572.3425623304465,5.783639355513219,2.2702265095799277,0.6643769266414553,8.718242791734603,,,,-19.182775966838513,2020,0,-11.559908198151144,Retail,bear,1.2,87.64958918181075,17.309632050405817,9.797958154817922,1.650524134535555,11.45516735813075
IPO_Synth_0189,,446.95667479538076,5221.343207289128,11.135334326112641,4.285001502333612,1.52820829907998,16.948544127526233,,,,-27.520223062873114,2019,0,-11.559908198151144,FMCG,neutral,1.2,41.3639804709444,24.52060473536189,17.07715714666799,0.0,14.37120838405778
IPO_Synth_0190,,646.4065262912673,71.9742,96.3683652324115,55.36106711854611,18.194912082237593,169.9243444331952,,,,42.73104687513188,2017,1,48.021317408098426,Retail,bull,1.2,73.3637436949473,22.769524792079366,16.06441062264673,0.8886090982925567,12.407292088875735
IPO_Synth_0191,,1044.639584773076,4889.966020728692,159.19812830842795,73.96803696758847,32.68465141497679,265.8508166909932,,,,17.930292477657954,2026,1,49.595560371524364,Tech,bull,1.2,84.9810829262494,20.76429600041745,14.525731323452789,0.0,10.168460257394903
IPO_Synth_0192,,550.7228464690006,71.9742,24.124448155572043,11.1672361022116,5.684028382870282,40.975712640653924,,,,16.779995489977168,2023,1,8.405478157137846,Infra,bear,1.2,74.74596773909107,26.081532593259436,14.313004961623665,0.040937827402170446,9.759575326896117
IPO_Synth_0193,,217.83650249284247,2536.7204277358846,0.5,0.5,0.5,1.5,,,,17.774077707456318,2026,1,3.9975480833076786,Infra,neutral,1.2,67.85619487887506,8.805918179131284,21.86676176110135,0.0,13.304234681652087
IPO_Synth_0194,,572.3167246708043,1251.5676760040328,10.0,7.309317841218085,1.0335371245459604,18.342854965764047,,,,70.68758395395484,2021,1,43.92037767821307,Tech,bull,1.2,57.080198621161585,16.381218656361497,24.0,0.0,15.652704471276852
IPO_Synth_0195,,1079.2540575365742,990.2787133490359,8.913078898656302,3.2262056796231997,2.7655415000133,14.9048260782928,,,,-13.132303519638127,2025,0,-11.559908198151144,Pharma,neutral,1.2,93.28157937350909,16.89027797821276,20.638061572474218,0.29902531739569016,11.914878829136407
IPO_Synth_0196,,639.0186087342246,1603.1678322076064,0.5,0.5,0.5,1.5,,,,-11.137821822960625,2023,0,-7.073557951620627,Pharma,neutral,1.2,55.58539814931546,21.5104063317266,16.248338508876383,0.0,8.529686274530356
IPO_Synth_0197,,737.8576065062272,71.9742,186.16653396032297,64.24651433512204,53.824377927997524,304.2374262234425,,,,115.96429659713,2021,1,26.21409681077745,Infra,neutral,1.2,77.06911771450538,23.31686119306918,7.632299423677232,0.814441336672689,10.777684409371087
IPO_Synth_0198,,40.04,2682.8830005331047,0.5,0.5,0.5,1.5,,,,-5.3914013240543035,2021,0,3.750435896107882,Finance,bull,1.2,57.142766380919156,19.992153335415775,17.82220063657734,0.9454320870708444,11.74093663477409
IPO_Synth_0199,,546.974326776408,1679.687194306493,27.72842012985978,12.978685588752779,9.033937851547835,49.74104357016039,,,,33.58596128999536,2021,1,12.17990959272881,Pharma,bull,1.2,26.84934450475874,12.11024081062041,18.021256586795378,2.5,8.334562586633487
IPO_Synth_0200,,323.27102479294604,3956.3252018321405,33.09156423077863,15.117052820732242,4.081680717709202,52.290297769220075,,,,21.53154703012459,2020,1,8.753413197362937,Mfg,bull,1.2,55.1464312051826,22.440630725551742,18.47099818232302,1.4286958162205745,12.597263517074072
IPO_Synth_0201,,182.5010817090738,5661.452381320816,78.79911068366677,54.17812703715859,19.138635184517693,152.11587290534305,,,,20.06717085031432,2023,1,19.59678920182024,Finance,neutral,1.2,57.186891066439934,20.76837100102276,9.865585758604553,1.676420358065061,10.792124695079655
IPO_Synth_0202,,407.19880350636174,1852.127490257298,79.35805947871648,49.97493841607688,25.97051079343809,155.30350868823146,,,,69.02387951769424,2021,1,42.752484360728715,Retail,bull,1.2,57.41888730762803,11.187717740229582,18.82528784612507,0.0,13.493974281418497
IPO_Synth_0203,,451.9299127467979,71.9742,54.06679777883725,27.570689122120143,15.127975363475553,96.76546226443294,,,,40.79173155691761,2026,1,14.25126367051378,FMCG,neutral,1.2,48.114418523715756,18.227588671564888,22.02713786734346,0.0,7.069774517568731
IPO_Synth_0204,,201.5386702077307,71.9742,99.22542768613901,48.054398546836005,12.318462556431866,159.59828878940687,,,,66.46490797250983,2025,1,26.2273421195732,Tech,bull,1.2,71.26386633384557,22.24414729525001,10.578199653977215,0.20300942857201765,4.775567146326092
IPO_Synth_0205,,479.198632704679,5942.208542742042,10.0116412736815,7.308004544845158,2.5378617362109486,19.85750755473761,,,,-8.904747856649458,2021,0,-11.559908198151144,Infra,bull,1.2,73.26761068217486,29.91925294050504,18.080957839554525,2.286816300711365,8.821738418151961
IPO_Synth_0206,,355.5613544847746,5609.348394558133,30.276159908426273,22.048040699382284,9.081946569508926,61.40614717731748,,,,28.129625018272183,2020,1,11.236362364384663,FMCG,bear,1.2,54.4952596287301,13.465574757381049,11.347005120970334,2.5,10.071210669355358
IPO_Synth_0207,,654.7652401594204,3831.5408793772363,13.581392488335883,8.181233007798625,2.2913906987992885,24.054016194933794,,,,-11.883492444637511,2024,0,-5.95902868374272,Pharma,neutral,1.2,54.3441206706155,24.74072263572999,14.53078646285459,0.0,4.59729161622299
IPO_Synth_0208,,492.55842298589454,1677.5668997997511,14.720736097007316,9.275152534498877,3.799765108656599,27.79565374016279,,,,-7.28847600412481,2023,0,-11.559908198151144,Pharma,bull,1.2,41.08761127282401,13.541157483353299,10.73088958937401,0.0,8.174625073458468
IPO_Synth_0209,,543.2321721738077,3643.5932962678235,4.982241133934313,3.485309118599861,1.5450081981161852,10.01255845065036,,,,-9.542683163425783,2018,0,-6.714837541717227,Auto,bear,1.2,64.57852202166441,12.37634906322302,13.421794597567063,1.0438938956122739,13.850666500588694
IPO_Synth_0210,,749.367121744113,4917.20843644968,12.391979655978567,9.072842156410733,2.8621351306111746,24.326956943000475,,,,7.38591682196944,2025,1,5.0594234863271,Tech,bull,1.2,84.80254911356069,12.730452508792686,13.456686037745717,0.30284104435912873,11.599850630660413
IPO_Synth_0211,,604.3871346378829,71.9742,32.04484533161992,9.329452412826836,4.760159237279961,46.134456981726714,,,,82.20815497533891,2023,1,32.113375044377406,Mfg,bull,1.2,84.81510838049739,23.630083635509717,16.855237255808387,0.3280656022456121,10.414682940490556
IPO_Synth_0212,,412.74374369153054,1599.3263481438946,6.218485753018466,4.655590098579808,1.476396186569829,12.350472038168103,,,,-9.575149413013401,2022,0,-11.559908198151144,Pharma,bear,1.2,49.2153158088299,20.779358732672485,19.00661248906209,1.1348991204104601,6.832646690149754
IPO_Synth_0213,,40.04,71.9742,11.861746926119622,7.1349725302334415,2.9298631542737015,21.926582610626763,,,,21.125787641984093,2024,1,12.953709228930272,Infra,neutral,1.2,95.8414518064878,18.111864216297853,20.472799265513604,2.5,13.750845896279175
IPO_Synth_0214,,590.3042804830993,1185.8322492769323,0.5,0.5,0.5,1.5,,,,9.19735160763146,2018,1,1.8120213753408192,Finance,bull,1.2,53.48091478396975,22.74699190976859,12.066152854846475,1.8045733583354522,8.74796275171189
IPO_Synth_0215,,103.32202298877785,5541.413264017468,31.6034365536491,14.429609654073374,8.52989887388068,54.56294508160316,,,,6.495072125345464,2024,1,5.199026470384428,Mfg,bull,1.2,41.71308542754553,20.244928442418715,16.619408306658524,2.369126547656759,10.28498298106608
IPO_Synth_0216,,385.3644683990626,4329.159853137163,32.81421110128557,13.722737267197715,6.836290380987587,53.37323874947087,,,,52.28849131039296,2017,1,33.9931588643151,Finance,neutral,1.2,35.48676640887626,20.663113578000537,10.058260205420375,0.0,11.222205692471446
IPO_Synth_0217,,541.566472135106,1873.1849366242232,128.52511069278972,83.81188070860527,41.04465757258101,253.38164897397598,,,,39.63765384870094,2024,1,23.93703776340523,Retail,bull,1.2,40.62718008268166,18.178842892640695,14.50190383261259,1.5747814775024018,10.513753729181097
IPO_Synth_0218,,870.1658891807185,71.9742,66.08313057543197,38.14434129131299,19.686585341654418,123.91405720839938,,,,77.23410893621941,2022,1,41.235681903874955,Pharma,bull,1.2,66.00749669620218,13.834717633638558,15.192333839208908,0.0,14.47533443419781
IPO_Synth_0219,,1044.1334184489276,71.9742,38.175033155196665,13.374721525889106,11.498051480809862,63.047806161895636,,,,5.01131482963997,2022,1,8.946838854586286,Tech,neutral,1.2,55.365645754182246,30.147842697205515,10.848584144866107,2.1764484747541806,11.725341467665434
IPO_Synth_0220,,100.14698810933918,1788.3271107205778,16.94720844033211,9.404946848267596,3.923603739000593,30.275759027600298,,,,-0.3693381266524507,2024,0,-2.771324399613737,Infra,neutral,1.2,48.62385828723732,28.402589699670337,17.515975880722532,1.8573265325181894,11.015026966893362
IPO_Synth_0221,,40.04,959.7627614777792,42.49356139045548,13.622715552490057,6.335235681083498,62.451512624029036,,,,12.94833057699353,2019,1,7.4458489141462,FMCG,bear,1.2,44.74688891425055,29.540952221189006,14.299104227012498,1.1038148259520582,9.740711274141377
IPO_Synth_0222,,526.0824500434908,1607.0760089956586,54.77675709912367,27.302785114878628,15.398045215562963,97.47758742956526,,,,11.487480021122222,2024,1,17.53904873780795,Infra,bull,1.2,40.449885778426705,16.764110681534664,15.694661400515507,0.0,11.295718189533627
IPO_Synth_0223,,497.63196742763034,2153.216697180162,3.3996993803173465,1.841715129973275,0.5,5.741414510290621,,,,20.388028077693452,2016,1,16.11228690872664,Mfg,bull,1.2,43.982361516725526,15.908433724692856,20.51028836919565,0.016181787267815162,9.370011234860353
IPO_Synth_0224,,40.04,132.63534929155486,3.581269162441542,2.0335951704158406,0.8215207057684899,6.436385038625872,,,,-25.664611722328782,2023,0,-11.178337386102282,FMCG,bear,1.2,78.27708609335653,17.51333022669371,13.075454882423672,0.09709292423691279,10.568137119218493
IPO_Synth_0225,,409.1507359714771,1502.1685775331418,56.856421731235,18.3436495930679,6.438692423035155,81.63876374733806,,,,22.95389987875731,2024,1,14.249204901667257,Retail,neutral,1.2,92.46005727851774,26.44464166411699,18.825892229266476,1.2623335675799638,8.974856877195187
IPO_Synth_0226,,618.9335958435605,1132.7798691639346,10.469861891201692,3.11791716878825,2.4301038584596686,16.017882918449608,,,,21.5944487240895,2016,1,17.230240551807174,Pharma,bull,1.2,93.57288485674904,19.998847571792812,21.49295188228277,0.9038877664473235,8.501699857959272
IPO_Synth_0227,,40.04,71.9742,85.61585387710464,32.478723736756145,23.243038438512215,141.337616052373,,,,58.158555328280144,2023,1,66.77572465517554,Finance,bull,1.2,72.36756470749863,16.740849808111342,21.21721575801695,1.9200323343406476,7.2518224541496705
IPO_Synth_0228,,75.08582578722495,6327.666220804406,129.47580386774064,71.66678871189428,26.51658787054554,227.6591804501805,,,,46.22437753412728,2024,1,52.910766886772045,Infra,bull,1.2,51.13903140256829,22.183170068472954,14.15339161685494,2.1108198940356804,9.186425664225577
IPO_Synth_0229,,194.786190450906,281.5809675184012,10.638567805096077,7.615527345910207,2.172669931896458,20.42676508290274,,,,-5.100651937386118,2021,0,-6.175738889877321,FMCG,bear,1.2,47.979357234921686,15.581306400424976,10.623020196860567,0.0,8.989615936165846
IPO_Synth_0230,,342.3169960950065,71.9742,22.768542247008554,14.561889076223727,2.9758134666108713,40.306244789843156,,,,16.90222017015868,2022,1,6.071005528882381,Infra,neutral,1.2,73.61051688933186,11.867656719967083,11.805307538955873,0.9751965138855756,15.488128281673502
IPO_Synth_0231,,651.8729071213359,6163.494483040934,14.18537459725326,8.835435219655984,2.4889998905228943,25.509809707432137,,,,-27.458007726060956,2016,0,-11.559908198151144,Retail,bear,1.2,55.56555235936116,20.775409746101932,7.85992860032664,0.9630361816599284,12.976316376912722
IPO_Synth_0232,,303.3009194681425,71.9742,10.26552375536139,4.261384927763308,2.1667279836731823,16.69363666679788,,,,-5.620105720965383,2026,0,-0.49374073243961036,Mfg,bear,1.2,67.41449782682373,16.903560727244415,18.087084215016393,0.40497636261311565,9.597922599971383
IPO_Synth_0233,,433.71752889827263,3864.1731827003355,43.90097538992867,13.427275312673492,13.867902587912795,71.19615329051496,,,,15.62557517872498,2026,1,19.12130867590972,Tech,bear,1.2,94.74788374262069,19.91779942595617,18.366385893454527,1.4417646339536665,8.730065417296508
IPO_Synth_0234,,1182.08456692758,71.9742,136.82146397332485,95.22359365376661,44.39787761149641,276.4429352385879,,,,58.201811460006844,2024,1,38.388702548876594,Tech,bull,1.2,63.90291441400044,8.0,15.528293928094246,0.9909733899508025,11.845165421039635
IPO_Synth_0235,,88.16006017993611,3003.5645580634214,8.68502181801286,4.346217263852032,2.938968179590988,15.970207261455881,,,,-0.1,2016,0,-3.4885903900039703,Pharma,neutral,1.2,96.0,14.647529628569336,8.807388530321955,0.0,15.826838127424995
IPO_Synth_0236,,191.76880516989513,1396.4467424633654,9.907699891718291,2.9748406229567634,1.2391156444631508,14.121656159138206,,,,-17.321781966651002,2020,0,-1.8667419211824974,FMCG,neutral,1.2,39.71625330021618,19.7296564500767,13.356220578832902,0.3578828496810209,12.389680670746749
IPO_Synth_0237,,646.447625527782,4125.566291630195,11.604230815306469,6.005008015452188,2.0197477375189856,19.628986568277643,,,,-1.4522611483699934,2024,0,-11.559908198151144,Tech,bull,1.2,68.05360332664381,10.901656161440089,21.21116619072761,0.15077892295730477,4.839838909059256
IPO_Synth_0238,,752.3236229429604,965.5131147989856,38.7972650641386,22.80135137189371,8.369665309035785,69.9682817450681,,,,17.86471306029198,2023,1,8.770229107517459,Finance,bull,1.2,65.64725737008081,11.105668726187439,17.74348792618568,0.0,12.589493596112348
IPO_Synth_0239,,556.5121796860889,71.9742,10.311111916914388,4.227040482955566,2.6853842905100596,17.223536690380016,,,,-28.063553017162608,2025,0,-10.702767796858868,Infra,neutral,1.2,42.28653711622189,20.232616259640306,18.523716884507337,0.4146781260680821,13.120959330477163
IPO_Synth_0240,,1032.7397441632754,2190.776854310461,7.183187683795716,1.8290153270280094,1.9804021320498997,10.992605142873625,,,,14.452874556873693,2022,1,0.8322559607104916,Infra,bear,1.2,74.42979982020947,24.20949149274591,24.0,0.0,16.0
IPO_Synth_0241,,523.2605296009051,526.170409889495,16.183740433505797,9.075897971906173,4.79854494122961,30.05818334664158,,,,-6.228349976838047,2023,0,-6.686884058948841,Retail,bear,1.2,87.55457990132155,14.649703547752285,16.476335999207198,0.9738826467423704,9.254960791611767
IPO_Synth_0242,,40.04,71.9742,31.854178728016944,8.602149587126892,7.1343311158514116,47.590659430995245,,,,30.768067628567508,2019,1,10.250663421015005,FMCG,neutral,1.2,96.0,18.427240054871838,6.0,1.9041183774024586,10.415706260887614
IPO_Synth_0243,,447.9544366762834,71.9742,14.320566033344713,6.67906395869088,3.424707039172268,24.424337031207862,,,,-1.0996536234077186,2024,0,-11.559908198151144,Retail,neutral,1.2,67.40321742996483,18.565863938907043,10.04505021736747,0.550471213565249,11.350720600566127
IPO_Synth_0244,,219.78218025114302,8988.987451798523,8.649649014464721,5.729420373177329,2.9421147299160704,17.321184117558122,,,,-22.10974792288735,2021,0,-11.559908198151144,Retail,neutral,1.2,25.798077203744697,10.62611472665371,16.37500046023369,1.4464277964638559,7.708066884985755
IPO_Synth_0245,,887.5125476252184,71.9742,96.23020213727109,72.11720531664352,15.397512684433083,183.7449201383477,,,,54.30677047262115,2024,1,58.37344135985107,Infra,neutral,1.2,68.58581560790225,27.103316477290512,15.084325928933435,0.6553295515120663,7.436275053494777
IPO_Synth_0246,,744.3239814271661,2149.2079231527528,9.048350075186065,3.9374027185916463,2.7230098900079946,15.708762683785704,,,,-2.0911711295657547,2018,0,-11.559908198151144,Mfg,bull,1.2,73.3552724668875,18.90225529875068,14.226055352599998,0.0,11.198073042750748
IPO_Synth_0247,,40.04,889.5288121546772,7.1481473221866185,1.85897194842977,1.986859776262757,10.993979046879145,,,,-33.04156428711486,2018,0,-11.446653034974439,Retail,bull,1.2,55.76665204302618,18.966562427131667,14.305057313968916,2.5,5.370913122533292
IPO_Synth_0248,,876.0715799013325,6301.85092828499,93.97019075978592,46.65164694758479,12.688086246190442,153.30992395356114,,,,74.09989467505953,2016,1,52.0465499835136,Infra,bull,1.2,63.87214695780201,22.237900423778008,11.470040825558929,0.0,6.048929678649836
IPO_Synth_0249,,735.6967892155618,71.9742,100.7227043968017,39.094278693026155,33.40195766261469,173.21894075244256,,,,43.37909321031087,2023,1,75.16429093423632,Retail,bull,1.2,51.29832615811994,10.640030095992795,16.682164746908903,0.5103074024396689,12.447031587578744
IPO_Synth_0250,,303.9904256241939,1785.4573015772025,16.239246625941597,11.308808470062026,5.09650955568286,32.64456465168648,,,,-11.050506114766621,2024,0,-11.559908198151144,Pharma,neutral,1.2,57.593479057974,25.519605771752193,21.274623420023843,0.0,11.493517562506259
IPO_Synth_0251,,388.02744760310026,3307.8984256393305,5.99314445839541,3.6303566958574995,1.7672354435399038,11.390736597792813,,,,6.65425030023588,2019,1,4.320854791251339,Finance,bull,1.2,78.31476573562723,26.30366462572877,22.795523933674062,2.08169306131013,13.749224366331005
IPO_Synth_0252,,890.3700127927802,1055.0789510262055,2.0,0.9043232688059525,0.5,3.4043232688059524,,,,37.43439122383497,2020,1,19.682948882139296,Retail,bull,1.2,85.00242732362946,20.843190180927998,22.667925722126895,0.7159683580004861,11.389699484722335
IPO_Synth_0253,,40.04,71.9742,132.5306794784564,83.62872948228963,17.880725545058723,234.04013450580476,,,,79.47164910646914,2022,1,49.70446484212464,Retail,bull,1.2,37.12723940518346,22.77325068697186,10.698149981942064,2.5,10.031267633022141
IPO_Synth_0254,,566.9637256989301,1463.9959853038931,2.6257933299686833,1.1044163798741733,0.7110638216425446,4.441273531485401,,,,-1.8454049058782382,2024,0,-9.067502237412,Finance,bull,1.2,50.796197080236325,18.043523015293403,14.909211097382,0.5360067206045965,13.86720765848726
IPO_Synth_0255,,788.3153054122985,716.1728465011942,28.647716953857685,14.635596990049363,3.633031953507478,46.91634589741452,,,,12.703792414803775,2019,1,6.9822830503101265,Retail,neutral,1.2,31.407819146815775,25.17976429286948,13.587719651007356,0.0,8.731388551453657
IPO_Synth_0256,,384.51897314036967,708.8683453963364,138.84913653393156,98.7762537866515,17.81835716224993,255.44374748283298,,,,39.91838102605312,2021,1,29.11445347268267,FMCG,bull,1.2,93.0898366587277,15.062361757244124,17.6638790865793,0.0,8.999985516256228
IPO_Synth_0257,,636.1388863794658,3944.3539549292323,85.56131603112236,29.953188563996576,17.118241096319668,132.6327456914386,,,,46.904519793226484,2018,1,21.70027733959203,FMCG,bull,1.2,75.67403135080414,19.80561004619483,14.62786625955027,1.6066454051844992,9.806445349164115
IPO_Synth_0258,,450.0582121588902,2570.6223138795162,18.76806330791772,7.629762026397073,1.902039470042725,28.29986480435752,,,,-3.621504410707076,2024,0,4.149723395601011,Retail,neutral,1.2,24.0,20.1635809161301,13.984676304031554,0.0,11.35139632080056
IPO_Synth_0259,,147.00539425828933,2957.983908488521,24.801870019369847,17.182653858594374,6.9537213963807245,48.93824527434494,,,,4.771467715919617,2025,1,9.394468879948219,Finance,neutral,1.2,58.8383742757297,19.767893186748996,21.54560679880074,0.08019139225583277,9.800132970080062
IPO_Synth_0260,,138.46890937853252,2381.5103075800407,19.688444256771213,9.468944239383019,4.627803243737261,33.785191739891495,,,,-14.947140548900798,2024,0,-11.559908198151144,Infra,neutral,1.2,54.89773670129694,26.414756337740826,15.44270290513901,1.7281070389619504,5.544856904856395
IPO_Synth_0261,,658.0070237243967,4020.2764718999797,54.92369378160998,22.460737786733656,6.56577263643684,83.95020420478048,,,,5.516192622723657,2024,1,7.136035078744528,Pharma,bull,1.2,46.393099004444835,32.0,15.5588263104642,1.5533655177986434,9.200223903272011
IPO_Synth_0262,,197.67368700396483,4916.673063720143,15.895901579701347,4.270423390074167,3.749774625465372,23.916099595240883,,,,3.397484921712647,2024,1,6.525413116618391,FMCG,bull,1.2,78.65299170665514,19.34097771663829,16.85957180676816,0.0,9.905328834475416
IPO_Synth_0263,,40.04,775.4755144047357,65.09250489354264,29.908477548030614,7.389429271834951,102.39041171340821,,,,12.91141030022356,2025,1,17.315546586145114,Finance,bear,1.2,78.24096316452726,22.822145802962904,18.042871962208096,0.045991586439259824,10.344461205995414
IPO_Synth_0264,,456.6317425524232,3654.794620785117,2.3801998326327833,1.1908152989061083,0.5,4.071015131538892,,,,21.705194352771066,2020,1,0.27197396225144743,Tech,bull,1.2,64.85012897427055,15.185435368763265,18.068801421127805,0.0,8.651798726708657
IPO_Synth_0265,,239.5607514008612,71.9742,126.40342627158626,57.281789885968216,27.981490070697923,211.6667062282524,,,,28.77507588331866,2018,1,22.496132819775266,Auto,bull,1.2,48.45025605264382,26.19152888098875,21.984618040344614,0.0,11.516848019665625
IPO_Synth_0266,,40.04,71.9742,23.615586128071563,9.180077748086578,5.312463368148383,38.10812724430653,,,,70.58933324412004,2026,1,34.20867682216067,Tech,bull,1.2,48.60153547320076,16.895092062091223,9.214727894265916,1.2636980516416374,5.16842268833557
IPO_Synth_0267,,439.3299911687775,6275.782905458094,31.52494652070477,13.699641120408243,5.824192673634651,51.04878031474766,,,,5.877430990495484,2016,1,15.654672753213575,Infra,bull,1.2,60.79068151263421,32.0,16.46008060436881,1.3740416492432934,11.247278668768987
IPO_Synth_0268,,676.9129352053674,654.0611242262543,2.0,1.1424447985537198,0.5108857291559158,3.6533305277096355,,,,19.8698614516988,2020,1,19.90372309585861,Mfg,bull,1.2,51.77154556680683,9.9755612022159,14.539292414094662,0.8572098059635693,15.378579509869104
IPO_Synth_0269,,421.7050619551527,2178.9412823462285,25.918859239826144,18.030191612472898,5.101857902425971,49.05090875472501,,,,15.116611250349196,2023,1,13.441186521308364,Mfg,bull,1.2,59.89521382589259,32.0,13.64604565349562,0.6872247485429163,8.179575902554728
IPO_Synth_0270,,50.609335859132415,71.9742,2.0,1.149675822577502,0.5,3.649675822577502,,,,5.259449800625427,2024,1,12.292587171153315,Finance,neutral,1.2,70.04545973130529,25.947333128296744,18.410012827319207,0.0,10.172831143092143
IPO_Synth_0271,,579.3993476209843,71.9742,9.910279565199637,5.679395083815126,1.8576445858515211,17.447319234866285,,,,-20.21413810805217,2023,0,-3.325711581849223,Mfg,neutral,1.2,32.39648766179517,13.266549003940412,20.834443217822326,1.968132697338994,9.258924247399989
IPO_Synth_0272,,768.4168205902783,71.9742,64.8938258178664,42.728523958656965,18.08861799931369,125.71096777583705,,,,12.133648406950616,2021,1,19.140554631934073,Pharma,neutral,1.2,46.35268288466271,32.0,12.337082899120338,0.0,9.309488918953884
IPO_Synth_0273,,1170.763160497932,3195.191503027622,48.742643314022935,16.210408583975518,11.933248481426517,76.88630037942497,,,,21.553674471838985,2026,1,10.185214906065575,Finance,neutral,1.2,59.393526705262865,14.429537540345347,22.59121877006808,0.03150639015897905,6.91459355990558
IPO_Synth_0274,,907.3355516703759,177.24432412961474,127.17034206391317,50.93792978239071,17.805232355653313,195.91350420195718,,,,39.711711609076325,2018,1,57.59259823778188,FMCG,bull,1.2,88.17620815002623,18.1140148978237,8.557585574609746,0.6607013923866842,15.974675691168953
IPO_Synth_0275,,71.40592248018375,647.7307635707454,61.67790560016023,16.97964933611176,16.74969697651138,95.40725191278338,,,,66.72098704855549,2017,1,46.342426714884084,Infra,neutral,1.2,75.21600390013054,12.220444664779553,17.65617647322024,0.4995876117599572,11.157355792985955
IPO_Synth_0276,,707.930975890508,71.9742,34.19460036578313,14.526512459872443,10.121053932431597,58.842166758087174,,,,31.66696230282976,2022,1,20.641526246464437,Pharma,neutral,1.2,59.93548753949021,19.1212885688668,10.991913879053122,0.49795112868610486,7.987610253619619
IPO_Synth_0277,,502.4470179673301,4556.240598577623,2.2434484508018206,1.6812669461753587,0.5,4.424715396977179,,,,-5.2380813364366094,2019,0,-4.223866273456146,Infra,bear,1.2,67.24155672806869,19.683816321463485,12.112026207178241,0.0,7.64606051986291
IPO_Synth_0278,,40.04,3782.4974344607645,5.428397737478443,2.2509187653326603,1.3706169526180525,9.049933455429155,,,,-2.4384241274756135,2021,0,-11.559908198151144,Tech,bear,1.2,58.17293038112595,24.980184143658384,15.27035776336013,1.040907449547678,10.184503651740306
IPO_Synth_0279,,511.7625041404135,261.5652071940513,97.30478928661991,66.15621242796837,28.95862670972386,192.41962842431215,,,,57.957795199800806,2021,1,38.0703238116143,Pharma,bull,1.2,79.39002792928794,32.0,13.205296852509877,0.0,4.0
IPO_Synth_0280,,1070.2148262714588,3302.4806307339068,52.66364118667866,15.424593670792596,6.775873886074196,74.86410874354546,,,,31.641602809800037,2018,1,17.977366318752797,Finance,bull,1.2,67.80755672510276,16.922236169220326,6.0,0.3559945870156705,13.158466054650587
IPO_Synth_0281,,823.3123349465349,883.4354118226316,77.39086377626812,37.13648438766833,25.18400127494089,139.71134943887733,,,,34.1381644230303,2026,1,22.68236577232075,Mfg,bull,1.2,83.01840439889884,8.0,17.75161302669379,0.9319010016840548,8.458448217905818
IPO_Synth_0282,,68.64200955182821,643.1527350287489,17.353282591337226,7.387837859498633,3.5348583982306634,28.275978849066522,,,,-29.969804947639812,2020,0,-11.559908198151144,Infra,bull,1.2,35.60390371671397,23.890988869199635,18.508922631421633,0.16746993405490318,11.16638053728351
IPO_Synth_0283,,419.50769257590747,1392.3772771739827,120.29662538233984,42.199025436409485,34.21957267595527,196.7152234947046,,,,49.261725181824374,2023,1,32.363044046927946,FMCG,bull,1.2,45.4885702783597,16.698135684004694,14.275214645738677,0.5047869783288134,11.306793239473294
IPO_Synth_0284,,582.7710960620556,3196.066700681067,50.58210145633657,22.066600007869383,16.427167787289118,89.07586925149506,,,,24.01068958792276,2017,1,22.125648897101847,Infra,bull,1.2,64.942284059438,30.910720421337942,13.92162651527415,0.7155141574496015,12.895897600129986
IPO_Synth_0285,,40.04,71.9742,16.792887135356484,9.666641693190389,5.834004958415754,32.29353378696263,,,,-23.56304300607197,2026,0,-11.559908198151144,Mfg,bull,1.2,68.88320139603925,19.79249235017848,13.321994579482528,0.0,11.477876638585405
IPO_Synth_0286,,40.04,2829.471174839561,9.61550730077021,4.7611572620538825,2.3652346591509152,16.741899221975007,,,,10.341893781403911,2026,1,2.0856853637395556,Retail,bear,1.2,96.0,15.44545534596299,7.2984062868597706,0.0,12.229525275983251
IPO_Synth_0287,,467.640763783696,8023.434282438339,30.6133829130003,20.57730623018097,8.451390153527544,59.642079296708815,,,,20.041914992358823,2016,1,17.99831601339495,Auto,neutral,1.2,27.460560557677518,13.922188304826491,6.822202841611203,0.6339287622590593,13.057196447242582
IPO_Synth_0288,,472.09750419730244,1998.4234895216957,43.67460099322717,30.68024123544477,7.115680808623623,81.47052303729556,,,,20.053062168104887,2023,1,13.426284449239759,Pharma,neutral,1.2,59.404645457451316,23.737320317985724,18.61634270157411,0.0,9.009260537952613
IPO_Synth_0289,,40.04,1614.7429788296924,27.02405875554249,13.26736478058452,4.661963426496708,44.953386962623725,,,,17.851889388660396,2022,1,5.967384030447867,Pharma,bull,1.2,58.597404195034756,18.34858002183395,19.791153163165653,0.0,16.0
IPO_Synth_0290,,547.3483382209348,1302.6882512766767,26.021605387728467,19.27844871972691,8.136757114473653,53.436811221929034,,,,28.94341203438145,2017,1,10.050993959756362,Mfg,neutral,1.2,64.28109502356726,28.806243518781514,17.685732817308665,1.06900731424646,11.05862158518653
IPO_Synth_0291,,786.1131250291045,2766.524536728367,8.78940314159691,2.513860548043557,1.7540218686306137,13.057285558271081,,,,16.65983424721413,2024,1,6.837287007180201,Mfg,bear,1.2,91.19869118319316,18.736463006469183,16.706641563867393,0.0,9.916052840794153
IPO_Synth_0292,,340.2533327814707,71.9742,7.961747648015429,3.0905084847680016,2.4331776653804074,13.485433798163838,,,,21.274614282467525,2024,1,15.592627091363653,Pharma,neutral,1.2,75.77296105809242,28.487720961174034,18.522238043991177,0.0,7.476686645361533
IPO_Synth_0293,,435.2529435227152,5949.581322216809,10.0,4.58355635204288,1.126492036346132,15.710048388389012,,,,27.05698620573088,2025,1,44.137836732657966,Pharma,bull,1.2,31.127742212417463,11.71919476351419,18.2224960456441,2.157028783667903,9.378853224561482
IPO_Synth_0294,,610.0082218824215,4075.7360276316426,11.21746032505541,6.072580618161052,1.7338083074479356,19.023849250664398,,,,-28.76718249643563,2022,0,-11.559908198151144,Pharma,bear,1.2,87.60767005098374,9.568281968975848,11.466803556338819,1.7098434796892652,11.205568154215095
IPO_Synth_0295,,564.7882583104393,71.9742,29.941763112585722,15.658490273404105,4.267405540957422,49.86765892694725,,,,8.137706368538474,2023,1,7.1646787628110875,Retail,bull,1.2,87.105534439395,24.97512572243609,16.001073337953382,1.697169480970366,10.285831013684199
IPO_Synth_0296,,40.04,1603.8865007782179,36.193519312044394,19.326918812380583,8.388458592061005,63.908896716485984,,,,28.49416024419013,2023,1,16.11096806506503,Mfg,neutral,1.2,64.73534220957964,17.21344642686125,13.6676728494235,0.0,15.482343335225549
IPO_Synth_0297,,105.64552731451488,71.9742,8.421122745185587,5.8789993590706775,1.0116516809464045,15.311773785202668,,,,41.71107067348138,2024,1,18.69687316230135,Mfg,bear,1.2,30.880225538193006,18.41869482773797,13.727117559539433,0.42258111750759986,8.83004457398705
IPO_Synth_0298,,279.6041679275509,2300.6601608597834,4.2186863107519255,1.6401518155053025,0.7845390078305798,6.6433771340878085,,,,2.6061801169833885,2022,1,4.241520737482082,Retail,neutral,1.2,57.270858438234534,13.926836184188023,20.130920946203183,0.0,12.037928947411457
IPO_Synth_0299,,120.77577760583031,1681.4633914266444,15.18390552861868,9.997491434012698,5.2621536968702705,30.44355065950165,,,,-12.767215358883847,2024,0,-11.559908198151144,Pharma,neutral,1.2,68.43710378238102,13.486991705351883,22.085976298699638,0.44004046876000885,6.623355064000804
IPO_Synth_0300,,915.9177134082056,2116.889199518224,2.0,1.0580005541276591,0.597108568350186,3.655109122477845,,,,22.18012330885931,2016,1,19.389472260981535,Pharma,bull,1.2,77.93791824127446,23.814002635261357,6.0,0.15198904536073404,16.0
IPO_Synth_0301,,631.5500653042483,71.9742,146.99859930314622,72.80035680636624,42.65132801562343,262.4502841251359,,,,99.53432737364825,2022,1,49.67530279831676,Mfg,bull,1.2,28.131939757519923,19.886916231164648,13.852165843307077,0.0,6.419088079540495
IPO_Synth_0302,,40.04,268.34517807569586,5.8951145058948615,2.356316840805903,0.7886406067473782,9.040071953448143,,,,-5.246603499909931,2018,0,-11.559908198151144,Infra,bear,1.2,46.156118141982006,13.63879310360797,13.61653479573232,1.0032861480745563,16.0
IPO_Synth_0303,,341.60803173651834,4504.884251552314,153.86297786060234,61.85821019873167,29.409335222287556,245.13052328162155,,,,8.829219046229344,2020,1,30.986341050834366,Finance,neutral,1.2,79.76429540594472,24.743263276890435,20.226622245097523,0.24125712777372105,9.592481939540873
IPO_Synth_0304,,800.948003411621,132.34746503943114,66.14198869266632,29.38291280538467,17.868059344578196,113.39296084262918,,,,24.6121845458216,2024,1,5.180584093560285,Retail,bull,1.2,87.03177127219595,27.049480834395172,8.473310206422365,2.2227002636522846,4.0
IPO_Synth_0305,,194.07587777293736,71.9742,74.79240066776535,47.25049133693794,7.883590918887429,129.92648292359073,,,,46.911043462544676,2017,1,10.963535559020393,Infra,bull,1.2,67.7494937879365,19.347007297560857,6.0,0.5857799827607055,14.056113327991465
IPO_Synth_0306,,705.7110493988777,1129.6901916710792,0.5,0.5,0.5,1.5,,,,-32.74400467180024,2024,0,-10.496817894709134,Tech,bear,1.2,80.6732198451649,26.019199508047713,18.69420795339286,0.0,10.246974526549328
IPO_Synth_0307,,887.2966454784613,7798.723347581674,44.809820787439875,14.649085130561966,14.883467588773758,74.3423735067756,,,,17.38506677183745,2018,1,5.0522222711524085,Mfg,bull,1.2,68.19506287811376,13.989170653928134,19.33320271134251,0.0,8.639677794309407
IPO_Synth_0308,,830.2385864286218,3731.343674069112,103.78907059629199,65.3800141274503,12.515400067426313,181.6844847911686,,,,42.11612012579234,2024,1,40.42725060885328,Pharma,bull,1.2,77.33552564605118,23.46325339860603,6.971979777442289,2.5,11.925044827088099
IPO_Synth_0309,,476.44558234627874,71.9742,192.70001442359214,112.09167022575315,62.929048352399555,367.7207330017448,,,,30.691472793003093,2024,1,24.900999907207677,Pharma,neutral,1.2,62.612200952384285,20.97050126721649,14.440192280075165,0.14096300920208404,11.99322461391502
IPO_Synth_0310,,842.1544771001793,1390.058056716523,112.91177386429307,81.81806004653957,16.782122806337846,211.51195671717048,,,,29.995046567725886,2016,1,49.78268075704931,FMCG,bull,1.2,68.6390737779279,15.250633450129405,21.885816323154298,0.7400081467305066,11.243750183404154
IPO_Synth_0311,,236.43298823971583,3291.400212964966,124.33736770808397,63.997319838478035,18.3120103621069,206.6466979086689,,,,43.82197317258024,2018,1,37.77314635423402,Pharma,bull,1.2,38.007985319103845,32.0,10.14880254063527,0.509729152791641,13.40511575761716
IPO_Synth_0312,,1263.9638845666814,71.9742,69.34843374927725,40.02868373246686,10.323137784562737,119.70025526630684,,,,19.885039631636616,2024,1,21.79378693493381,Retail,neutral,1.2,72.99847078750629,21.396649950539537,15.454732219626262,1.916319531713021,10.757648215475704
IPO_Synth_0313,,497.0928723918973,71.9742,77.78333043631646,38.087785106236616,25.887382936286702,141.75849847883978,,,,77.76821616313755,2019,1,50.03423227630408,Auto,neutral,1.2,37.45764873806583,16.45507863618545,17.285830277561622,0.0,11.949172830461018
IPO_Synth_0314,,806.5507024819377,2558.641768877094,139.2320744166631,82.20123891434024,34.93837443869288,256.3716877696962,,,,37.608629460035864,2020,1,21.791762904426594,FMCG,bull,1.2,72.97828918765057,20.117744296058344,8.57565794017087,1.829252087140757,8.434706915458138
IPO_Synth_0315,,291.1649953483453,5672.114460095799,190.43468201449102,89.13457762943305,54.78753171585037,334.35679135977443,,,,64.09003404527806,2016,1,30.210669805185148,Finance,bull,1.2,52.09830533433051,14.781833682028775,12.46271168827316,1.7603717922886162,12.296691889527352
IPO_Synth_0316,,585.4150054217004,378.2418958148163,11.466232991524505,3.6569055001691795,2.1969520444608444,17.320090536154527,,,,8.81852396235196,2023,1,5.872161127341312,Infra,neutral,1.2,66.65978947135025,13.058729629185475,7.391236344197194,0.5061592280622321,8.447794152167797
IPO_Synth_0317,,600.4615009492646,5600.613942275105,36.897870795324714,27.427722983270268,11.745062131390533,76.0706559099855,,,,19.04660220468729,2017,1,13.730992561449247,Pharma,neutral,1.2,42.84965902907423,17.30348236662365,14.259607137986109,0.913286130977672,6.626377108512019
IPO_Synth_0318,,97.54567981263293,71.9742,5.686209568519734,3.469621881955983,1.395875084481095,10.55170653495681,,,,7.534554558451553,2018,1,-2.8033818353925657,Mfg,bull,1.2,50.93505262667488,17.709725418274683,11.44052982307036,0.12940320264997413,9.381213174056898
IPO_Synth_0319,,87.4314278425334,71.9742,100.48594571336618,55.700657245241324,25.117339705129897,181.3039426637374,,,,81.24048289267942,2021,1,33.70804015004558,Retail,bull,1.2,66.6234765488479,15.174957138760586,15.934585670638004,0.0,9.172658367077632
IPO_Synth_0320,,344.966913824849,3457.8616693158833,6.805948643654246,3.3397496117896344,1.9606594753613582,12.10635773080524,,,,-14.800736443659614,2024,0,-11.559908198151144,Tech,bear,1.2,73.57796939851826,27.506679810914015,17.8567134570023,1.0802863304783323,12.783251321809159
IPO_Synth_0321,,792.3880018850682,2928.3939257677876,17.591623934867147,10.655501715147174,5.161569915928366,33.408695565942686,,,,0.1,2021,1,29.222943328096054,FMCG,bull,1.2,79.6882411888614,15.40534056889539,21.24882960095199,0.7465795579735035,5.640397926237616
IPO_Synth_0322,,40.04,3438.0102453568265,64.20052794248723,20.11964045109497,17.364053114396157,101.68422150797835,,,,20.95138884657546,2026,1,8.164554865597612,Retail,bull,1.2,39.2986740508818,14.406625751930717,24.0,0.7673593926062754,13.280899849238143
IPO_Synth_0323,,290.87794006279853,3336.2891166956647,92.49000172609688,38.20361481003852,11.998495163492832,142.69211169962824,,,,49.172391334963876,2021,1,37.63972346433928,FMCG,neutral,1.2,32.97960924561461,12.885678563527403,15.934649327972705,0.9822937789173556,8.13107604186228
IPO_Synth_0324,,862.2559911368265,2020.8838792370466,75.40038692866614,23.55128638080406,23.877918806229008,122.8295921156992,,,,41.48405839816753,2018,1,28.541601476680288,Finance,bull,1.2,42.44448602568355,12.308101659503738,13.575434309134291,0.0,4.0
IPO_Synth_0325,,40.04,848.092302605578,16.52791476401577,5.173444714222949,2.7308210645676505,24.432180542806368,,,,94.13852645559714,2018,1,51.69447997523354,Finance,bull,1.2,40.81905199148588,26.164710107229,13.314006845788569,1.99326656917386,6.377831968840635
IPO_Synth_0326,,843.1367637893317,947.3338618610255,88.1338310475132,22.97417821862151,30.76298501522994,141.87099428136463,,,,85.83351880074319,2024,1,28.106706393672287,Auto,bear,1.2,88.20292071622018,21.549003010961602,10.65810156571965,0.5081315781512304,9.07739459496848
IPO_Synth_0327,,40.04,323.3766803027069,2.8774141716972483,1.8068627554347763,0.5650579137128864,5.249334840844911,,,,-9.471564663160276,2021,0,-11.559908198151144,FMCG,bear,1.2,84.12374574564488,24.141965267265938,17.01669609087895,1.0417108379778988,11.332677674484769
IPO_Synth_0328,,101.7444731869941,479.5804105460411,54.49057821295465,19.8157337475474,7.083738353834856,81.39005031433692,,,,24.479162907232315,2022,1,10.841712479398847,FMCG,neutral,1.2,42.06089880268278,26.11043048676977,12.773065851156886,0.22787469126649718,9.600101522513375
IPO_Synth_0329,,364.5332151531483,71.9742,14.768998707620423,9.836210140740318,2.6439701578210655,27.249179006181805,,,,-4.763737073914742,2020,0,-11.559908198151144,Pharma,bear,1.2,90.78556354950317,18.00020143939673,17.331235098477194,1.5502224960448023,6.371384115319053
IPO_Synth_0330,,1054.7691255126774,71.9742,6.315068488684233,4.434550072407967,1.5369838561044507,12.28660241719665,,,,22.200330969237257,2019,1,1.0737796378857558,Pharma,bull,1.2,83.04897558328531,28.833438571252415,10.801380643644004,0.6039928430227323,7.664396055275412
IPO_Synth_0331,,196.20470716268895,1096.3962894644724,59.16814300377666,19.77890611247733,11.707101050440468,90.65415016669446,,,,67.29428333321898,2022,1,44.99784147349628,Infra,bull,1.2,30.667148555741075,16.23865893044055,12.902654717777034,0.41488099621607305,6.421419840083221
IPO_Synth_0332,,40.04,71.9742,136.33350823879698,82.40433793769623,41.877621291486065,260.6154674679793,,,,73.9726387268611,2019,1,26.088720934602094,FMCG,bull,1.2,41.455818059152556,13.425643845211692,16.94559037718009,1.7073570254841373,10.776268829912235
IPO_Synth_0333,,40.04,71.9742,15.020085776357986,7.211937206724329,4.063707846232541,26.295730829314856,,,,0.4909719969267432,2026,1,-2.8359888585851087,Infra,neutral,1.2,30.133322658719013,22.24169996031139,14.437926278577228,0.0,9.72821952501914
IPO_Synth_0334,,733.1623664500733,651.6567075985301,13.095497891854396,9.291001422717105,2.0083601471562917,24.394859461727794,,,,-10.472843773308057,2024,0,-9.648831698211906,Mfg,neutral,1.2,58.441530382733156,20.867287267690983,6.358553525111646,0.2199828537293796,11.841315843881143
IPO_Synth_0335,,40.04,1187.734237417014,18.216603864299913,8.966369028345229,4.275679685801277,31.45865257844642,,,,0.1,2025,1,13.000254050105461,Finance,bull,1.2,60.31341823302417,20.857758533214227,14.931632316490816,0.0,4.689405236226563
IPO_Synth_0336,,820.6139316187097,706.1278478405848,3.6044778612186175,1.5839407332430775,1.0701082010507996,6.258526795512494,,,,-18.875752231536858,2019,0,-11.559908198151144,Infra,bear,1.2,60.279717247802424,26.09192805011508,11.3920182114528,0.8738798132489033,8.39805072097905
IPO_Synth_0337,,438.6616402785522,71.9742,15.144789179834918,6.016760608681105,4.888865737287732,26.050415525803757,,,,-6.343883857037093,2016,0,-2.234534637581917,Finance,bull,1.2,24.0,20.63726578701352,20.316432824315957,0.8158022484422658,16.0
IPO_Synth_0338,,403.79869269898046,5562.553452631727,9.727379023016772,6.826778876965983,1.9331812119626257,18.48733911194538,,,,29.36559478408356,2016,1,19.043491613760928,Tech,neutral,1.2,34.309699185558806,21.8783108540861,19.370000120556963,0.48820223816830427,11.923103065272665
IPO_Synth_0339,,516.3769985536401,71.9742,44.103809745383415,16.013636919282394,14.603485008007889,74.7209316726737,,,,62.05606755786461,2025,1,37.2948456171966,Infra,bull,1.2,64.68278776485275,28.15761547114828,6.0,0.0,9.111678154162568
IPO_Synth_0340,,141.23906153557084,71.9742,89.63419336525263,59.504322182515416,9.7694427112191,158.90795825898715,,,,100.92075661910722,2025,1,25.46600951321662,Tech,bull,1.2,71.20000475070238,21.600085852337934,18.606745029761928,0.4759688292968029,7.037937701481734
IPO_Synth_0341,,461.91717832959245,71.9742,12.24798924129681,4.251200194688937,3.2968255651241827,19.796015001109932,,,,-14.517823286784045,2023,0,-11.559908198151144,Pharma,neutral,1.2,24.0,22.96555420555611,16.751848138164945,0.8233686095489909,13.323242815795254
IPO_Synth_0342,,40.04,4903.0627447415945,13.669375412055144,7.814760422876937,4.039248302142531,25.523384137074615,,,,27.670799749795318,2022,1,18.87808194329334,Auto,bull,1.2,36.93962367901027,11.493713898317656,8.3218073901922,0.32156557636080124,14.59801337160189
IPO_Synth_0343,,875.5840911959274,2618.6999072558224,61.51595209386424,29.252854165697002,12.68983941056042,103.45864567012167,,,,31.65322627376579,2018,1,13.849762510357436,Infra,neutral,1.2,78.40343651855264,32.0,18.952455536840443,1.6075469095369368,6.553996797584918
IPO_Synth_0344,,63.91260924516381,289.9505320421989,87.3407424141461,26.403485272994985,8.973703960003718,122.71793164714481,,,,19.164722601539975,2024,1,21.248468661581967,Auto,bull,1.2,37.961642089713536,10.454946190819326,9.240519322917526,1.1120146176143428,6.837793680496541
IPO_Synth_0345,,564.73748452705,106.67072644075722,213.77090697989712,66.90313302075407,58.09412303246098,338.76816303311216,,,,58.6231883918247,2021,1,47.2699203314746,Pharma,bull,1.2,59.73541501552975,16.764023890313165,20.15420151625432,0.5190321709258431,10.836402784620198
IPO_Synth_0346,,61.36606229303602,1989.240478202208,2.2647799689322072,0.8849731341331231,0.5,3.64975310306533,,,,-27.176492762050465,2022,0,-11.559908198151144,Infra,bear,1.2,36.24821914070133,16.582596303186403,12.092152359618025,0.0,11.116850525963681
IPO_Synth_0347,,232.68696353884394,71.9742,5.064915746887121,3.207742032472488,0.698721530889606,8.971379310249215,,,,1.9551563424086986,2016,1,-0.5023201462233539,Mfg,neutral,1.2,74.96667516947977,32.0,8.168787150838536,0.28169145844749416,11.448335447517445
IPO_Synth_0348,,287.1263664503398,2512.8106782546865,122.31547166931765,75.15918801520775,17.035755692661954,214.51041537718734,,,,102.69080362512706,2021,1,25.07957566758641,Finance,bull,1.2,24.0,16.396403760337673,24.0,1.13009650513121,15.530109531467238
IPO_Synth_0349,,1433.2082607878442,93.6848410670833,24.444236488345602,8.618063089061696,7.144830668603528,40.20713024601083,,,,-34.83051117998792,2023,0,-11.559908198151144,FMCG,bear,1.2,54.51973789581779,22.65127662729499,8.04152174572085,0.22063986603506508,7.085536357314053
IPO_Synth_0350,,409.8875076026106,2874.3576378399266,104.47436327056262,50.99405135035137,15.341784021614288,170.8101986425283,,,,80.61717843878203,2024,1,44.23429992174983,Auto,bull,1.2,76.92551570721042,16.623405250931942,11.372891450601088,0.8032548691368702,10.119574995670357
IPO_Synth_0351,,134.19916198849074,2786.0747830959413,99.69203972052549,29.75742399791544,22.034390663809464,151.4838543822504,,,,27.360365572106147,2017,1,20.262996526261283,Pharma,bull,1.2,70.9805148895595,13.759417635381006,12.25535816535399,0.2754233997572477,12.163581903991005
IPO_Synth_0352,,262.9681956690636,71.9742,95.01671449185581,57.76761055585088,32.55247363229108,185.33679867999777,,,,57.32363569026835,2016,1,30.613133533092874,Pharma,bull,1.2,51.645977329049344,23.42213211791364,12.94949237313203,0.7324932257168377,12.131258467032206
IPO_Synth_0353,,40.04,71.9742,3.537147108509498,2.2872997767956242,1.0247280516129365,6.849174936918058,,,,4.357371788098833,2025,1,-0.0660081998128047,Auto,neutral,1.2,47.423721430340514,15.686201881269334,18.144516189643774,1.9010084616449763,8.056555294847998
IPO_Synth_0354,,359.21672450982464,879.3013373894344,106.27594014196342,74.0483989515214,25.16597387841373,205.49031297189853,,,,64.99597127710905,2019,1,29.902813342298803,Tech,bull,1.2,55.80786255451965,21.245539416754617,15.26060370984472,1.2867449160534477,8.175027458991627
IPO_Synth_0355,,1047.1270297056149,71.9742,191.4322918712296,132.63826314869144,44.42546956010609,368.4960245800271,,,,40.74631280386604,2021,1,35.415382170656265,Pharma,bull,1.2,36.79168050971617,23.76015513181586,19.519362948897996,0.0,8.622333640619473
IPO_Synth_0356,,529.6084223921617,1726.4520404332782,54.416276769280685,22.7974898442541,7.717961769502156,84.93172838303694,,,,26.49946700968139,2022,1,17.330872450406073,Infra,bull,1.2,58.199866563010644,31.440529386548544,16.673627297033914,0.0,15.110371740878776
IPO_Synth_0357,,723.4110340698095,853.9315068345362,35.98267457449396,13.575072692058885,7.614146012988595,57.17189327954145,,,,20.678813607314634,2021,1,17.363831541710642,Finance,bear,1.2,58.508232635221404,12.426950230579573,7.4715002249765,0.9425579327878386,7.064586548003892
IPO_Synth_0358,,103.99824759755234,71.9742,2.0,1.3965893747463687,0.5,3.8965893747463687,,,,55.595968835378066,2026,1,18.141721374818008,FMCG,neutral,1.2,52.476913384109245,19.08310882083927,17.474357485962916,1.6678532922640452,9.027071023969267
IPO_Synth_0359,,345.36328562379833,71.9742,8.640640636353078,2.7909570589964883,1.0446148189697329,12.476212514319299,,,,-1.2738392415172037,2025,0,-6.394371702785876,FMCG,bear,1.2,78.0062570604224,19.331183614574066,16.052129351086265,0.0,12.32635597167605
IPO_Synth_0360,,484.4723333947396,4610.905049074488,33.65246311972601,9.41165287193675,4.2834305139993445,47.3475465056621,,,,12.815013490744356,2020,1,9.097840030388472,Mfg,bull,1.2,40.731294770786825,20.00556856625156,12.189170982777384,0.2901924610980794,6.733562755925559
IPO_Synth_0361,,167.06756230084395,340.8660717003384,54.730738668990504,22.282059821667257,13.773143038999683,90.78594152965744,,,,7.870491856924947,2018,1,8.989759528332597,FMCG,bull,1.2,29.321026489376983,32.0,24.0,2.5,10.774054456301469
IPO_Synth_0362,,551.4587123954171,7647.388122666953,164.3583596729096,103.57042395675495,24.38884865642537,292.31763228608986,,,,30.52641604947096,2026,1,20.588443423602747,FMCG,bull,1.2,50.54425128314701,18.96000461831684,17.737566510690982,0.23136173539896987,4.301405641505897
IPO_Synth_0363,,625.0437016414181,1612.6906109559511,51.4566913952311,30.7247850845964,7.066875658562625,89.24835213839012,,,,92.89208428111706,2023,1,33.929668273841685,Auto,bull,1.2,62.23195755513045,8.0,19.237770343850126,2.5,10.577803984588165
IPO_Synth_0364,,600.2512788519977,2436.935046804696,9.411887442672306,6.9979984536162165,2.9815234975954783,19.391409393884,,,,-25.823422305484375,2024,0,-10.618830222637978,Finance,bear,1.2,58.07889137856354,18.80941482845737,19.394578331534653,0.0,10.157124212979625
IPO_Synth_0365,,363.2141817186042,1623.8378968667685,46.792801861054855,20.109992042889267,6.106612289382967,73.00940619332708,,,,15.485103771420441,2021,1,9.585226313808798,Infra,neutral,1.2,57.279083712996155,19.289736723181058,13.109759191073998,0.0,10.490828879923248
IPO_Synth_0366,,787.4619097995358,2410.8598122920303,94.81306248844862,36.78022997251019,26.20716278611449,157.8004552470733,,,,93.80282946822308,2021,1,44.353475503377624,Retail,bull,1.2,39.72543876572001,18.553750222439,17.850233143972602,0.0,7.393202610714868
IPO_Synth_0367,,326.8236236239051,4365.964154632787,21.687111980241745,9.522893381797553,4.429594043269362,35.63959940530866,,,,-0.1,2017,0,-3.8025047395272993,Finance,neutral,1.2,42.31428031418823,15.688134812902401,16.422121066771215,0.0,10.6831729955337
IPO_Synth_0368,,295.6698533884438,4395.999404042765,8.381391815872849,5.373546067702462,2.0515127252975414,15.806450608872852,,,,-12.832309170988346,2020,0,-5.5049591235095505,Pharma,neutral,1.2,51.20976874379209,12.072190183115795,12.493385619170093,0.0,9.882854944529225
IPO_Synth_0369,,907.2313600843966,71.9742,28.624137693395504,10.223110077638568,3.0295459194517234,41.87679369048579,,,,13.47936580373159,2021,1,16.669215194283844,Finance,bull,1.2,49.79044813194502,32.0,9.5028769512391,0.27875772204925625,13.897361381551823
IPO_Synth_0370,,40.04,3748.5744121475286,74.72545561700512,54.09181387070848,7.472904982111063,136.29017446982465,,,,109.28254277427754,2017,1,30.56554563979309,Mfg,neutral,1.2,79.76554017877187,21.909760831627356,15.10904218924954,0.6448649047002146,11.91352351129326
IPO_Synth_0371,,40.04,2815.7922387815456,36.678193196189454,18.569240019598418,11.16161931632661,66.40905253211449,,,,37.83337087141477,2022,1,12.538051498447034,Pharma,bull,1.2,64.75048536269932,18.846558345404965,17.641182069854402,0.0,5.653052732250328
IPO_Synth_0372,,118.38834368182485,1615.1961686685581,157.8888775152,101.29716153603852,34.55560546192832,293.7416445131668,,,,50.64934386563321,2022,1,41.05307115862813,Pharma,bull,1.2,50.413857133481976,32.0,15.073093200136107,0.02378084341565201,7.502244730814531
IPO_Synth_0373,,547.0984343713784,5979.428170153816,38.24988849295665,25.383808393734007,4.506859441284657,68.14055632797532,,,,85.4784993312169,2025,1,30.83410554527437,Retail,neutral,1.2,79.71023503745235,14.788053890999633,14.179598938658303,1.946075257271749,8.150928548430764
IPO_Synth_0374,,853.2785665554154,6084.107490329219,72.37747238897816,35.42208206451371,13.452368395272803,121.25192284876468,,,,73.1292280725912,2016,1,30.510029410188945,Mfg,bear,1.2,68.03301459416701,23.614450461150067,15.123110954520419,1.4717435702440642,10.541157306471014
IPO_Synth_0375,,189.19833404940098,3876.375531002109,135.75392621871103,84.26051939259611,30.76029331669764,250.77473892800478,,,,51.59352965650709,2018,1,24.283344180121826,Tech,bull,1.2,35.564215142486766,12.50563168946973,13.70859337675327,0.2413237617412749,9.49264823650067
IPO_Synth_0376,,1034.74483632921,106.98804545553263,83.52256811078361,36.11074528295376,11.181447598208466,130.81476099194583,,,,23.94767767972195,2020,1,62.66748489937043,Mfg,bull,1.2,24.0,24.504550778156045,21.971936768125968,0.9298754296966671,9.48023399918846
IPO_Synth_0377,,424.1123162706105,71.9742,53.46986457786856,35.04757169726119,12.65014050487568,101.16757678000543,,,,7.762350312400222,2025,1,7.850505459237188,Auto,neutral,1.2,36.12777745323761,13.193028244293842,16.216083718166452,0.0,16.0
IPO_Synth_0378,,375.3588315456295,3485.424897293703,11.901150682859303,7.877984597523408,2.763300565899331,22.542435846282043,,,,-14.227404933832247,2018,0,-11.559908198151144,Retail,neutral,1.2,70.7088231311122,22.822778336560933,12.810918022572357,0.7696268996073019,8.46131036549196
IPO_Synth_0379,,124.49527477311446,5060.547268018835,145.17266023562556,77.39196758329017,36.396062219006836,258.9606900379225,,,,81.32719850515328,2026,1,47.01117478846031,Tech,bull,1.2,76.0467309824781,31.71941467340989,6.863882355651888,0.4375906797965648,14.172597917411432
IPO_Synth_0380,,1081.3773282738184,71.9742,0.5,0.5,0.5,1.5,,,,16.177418434905935,2026,1,2.384903996781172,Tech,neutral,1.2,30.115848935495386,20.560697566319654,14.112561430447004,0.12583427629212812,9.557916612475402
IPO_Synth_0381,,363.4855372562203,4349.324631809476,63.93460107057131,46.99906609493265,12.991172298125335,123.9248394636293,,,,56.31726321195534,2017,1,14.62558599536882,Pharma,bear,1.2,71.85559588386985,8.0,12.404292376092497,0.532809999887435,4.0
IPO_Synth_0382,,40.04,858.372969979947,29.576260204788348,21.398126575696992,9.527696672806135,60.502083453291476,,,,50.22863877979262,2019,1,40.63298817449061,Retail,neutral,1.2,71.17331719488563,20.21462888392794,12.237175736077821,0.3711582275892928,10.573976288768979
IPO_Synth_0383,,1254.32683704046,71.9742,0.5,0.5,0.5,1.5,,,,-8.448754304953484,2018,0,-11.559908198151144,Infra,bear,1.2,85.1107517793506,22.882712118679475,19.241750844168134,0.0,13.357692407548704
IPO_Synth_0384,,549.2942050838687,2743.578355281667,2.2898733761826175,1.6989497985558393,0.5,4.488823174738457,,,,-9.12759869642187,2021,0,-11.559908198151144,Auto,neutral,1.2,77.10709462815863,25.405903884755432,15.358810472359163,2.1797731173948764,11.900341316026958
IPO_Synth_0385,,687.6912350761575,3888.8445833130213,16.079283459017546,8.062122950663793,4.243667397067123,28.38507380674846,,,,-24.246637175710873,2026,0,-11.559908198151144,Finance,bear,1.2,84.3338844240434,28.84154896089833,7.428996456329074,1.4508175301203192,10.76845116206287
IPO_Synth_0386,,989.2192015975664,607.2337761011838,0.7703517623562028,0.5,0.5,1.7703517623562028,,,,-12.154807985660653,2020,0,-4.896501838741117,Pharma,bull,1.2,68.79058640900534,29.14742385745139,17.784743310576516,0.11220425709597498,10.07117769449325
IPO_Synth_0387,,624.7137868813178,71.9742,54.20130376372123,26.030257861850906,5.575077523670148,85.80663914924229,,,,40.68627124289639,2023,1,21.8056888481621,Mfg,neutral,1.2,68.18859401640735,19.21436097183958,7.8808350364038455,0.0,8.51602447487763
IPO_Synth_0388,,747.8304598274304,5978.230829411591,36.74778150222203,10.030435912405336,12.700314317886638,59.47853173251401,,,,32.54367188605643,2017,1,23.635606862228062,Infra,bull,1.2,53.92887742930239,16.04336871338651,18.11993919119695,0.0,12.688706573028007
IPO_Synth_0389,,433.3787599052427,71.9742,46.43198958976981,24.356407366810693,15.585983653527656,86.37438061010815,,,,3.4632608439421517,2022,1,18.270082998412587,Retail,bull,1.2,74.76461454091206,13.288936756123856,12.862161418869743,2.5,8.697389929139508
IPO_Synth_0390,,665.4546260634273,4539.801061176956,0.7189482179626419,0.5,0.5,1.7189482179626419,,,,-2.204239049165418,2019,0,-11.559908198151144,Auto,bear,1.2,36.01667903008769,16.760301523928014,15.39108245353045,0.3263387230772166,8.078987910121642
IPO_Synth_0391,,403.1542610224923,71.9742,22.88977253810591,6.975886778063423,5.485438653802966,35.3510979699723,,,,-19.173000096252046,2026,0,-11.559908198151144,Finance,bear,1.2,57.503806282231274,22.85918309362855,14.887920202789696,1.262982390573796,11.231896066280644
IPO_Synth_0392,,407.9186072799765,2604.6048260161906,36.165121192410325,13.663138876541463,10.582684539197277,60.410944608149066,,,,32.82313939694575,2024,1,13.467119636438923,Mfg,neutral,1.2,69.71790368984412,11.908113114624989,14.333429251591474,0.0,9.099776738679923
IPO_Synth_0393,,455.7156315400707,2530.426699188477,7.908679859344639,4.828977087064422,2.6107893213390403,15.348446267748102,,,,9.807132399355124,2018,1,2.080248147855363,Mfg,bull,1.2,85.347867502726,14.438838407429094,15.942857783553803,0.19262857747664702,13.842593814806744
IPO_Synth_0394,,279.27566148365935,3795.215363287081,10.0,6.4679508917943265,2.4647666003112483,18.932717492105574,,,,28.15884007362004,2022,1,22.2331143412249,Retail,neutral,1.2,51.3971128052234,23.37379452856739,15.368479039139789,0.24366718270914056,11.401840854605815
IPO_Synth_0395,,587.1103990010375,5407.908380154587,91.58645992677701,68.04265148565172,9.59231092426537,169.2214223366941,,,,74.1861339261636,2019,1,27.482940404249145,Infra,bull,1.2,77.39845894206569,16.121077268172122,23.413782134497435,0.7414613747335506,7.6660905720169055
IPO_Synth_0396,,586.2452782337683,71.9742,56.86242372835862,21.415062194677994,15.362491841688936,93.63997776472554,,,,11.700839261694526,2020,1,15.28268008944925,Infra,bull,1.2,56.45078524144516,22.219917401643144,16.007767854064998,0.5898684649806327,6.565818282509497
IPO_Synth_0397,,694.5523787182601,2877.31350350181,173.67169906354508,116.485036117446,21.408426499166957,311.56516168015804,,,,39.499118949249926,2021,1,28.742101646475994,Pharma,bull,1.2,77.76706085413016,15.11413882516777,16.112338960965058,0.0,8.279224387057672
IPO_Synth_0398,,633.3025975424548,71.9742,20.967681895643157,7.046220586816197,5.615028702304919,33.62893118476427,,,,31.275469058360667,2025,1,17.25151628884867,Auto,bull,1.2,45.57566209673841,21.726789818615064,11.807155212752741,0.0,16.0
IPO_Synth_0399,,1098.0084183812448,71.9742,104.92048008154778,33.09603205915104,25.900344512706397,163.9168566534052,,,,26.801985034054596,2019,1,23.76279810733313,Pharma,bull,1.2,73.06748828417597,15.368738046861429,16.714027606813715,0.4184533029546814,9.287281827318523
IPO_Synth_0400,,774.3854716441465,71.9742,11.397446556408145,7.004891061697318,2.9652441167590484,21.367581734864512,,,,-15.14753698679799,2016,0,-2.9602793636019498,Finance,bull,1.2,58.28392012248597,8.588141647287864,10.393840227879048,0.0,12.274835032271069
IPO_Synth_0401,,344.0277803370438,2587.223018293337,2.0,0.945872371441154,0.5,3.445872371441154,,,,18.641085335642305,2018,1,8.40348268727063,Tech,bull,1.2,38.66817865090097,25.735741229744644,20.175574783319487,0.0,6.083059933883792
IPO_Synth_0402,,569.584884022947,5886.547407230388,18.134517524084217,11.732339177799021,4.051295929214478,33.91815263109771,,,,33.841822565791404,2025,1,16.54952894057147,Infra,neutral,1.2,57.24064295204663,15.824633049052188,8.320431933349857,0.34586181220443923,6.750756120778821
IPO_Synth_0403,,897.3797202120218,6360.483824794376,151.41455784665627,59.2458512359583,38.53336948529482,249.1937785679094,,,,61.06045827475502,2019,1,30.049221641308755,Retail,bull,1.2,83.79080197836137,18.50821875740804,11.203535882564598,0.8974995599272666,9.434704990154698
IPO_Synth_0404,,90.32472147306734,598.0124357176622,14.485717165711948,5.165562393991881,2.5360612619746337,22.187340821678465,,,,5.156041930599487,2016,1,3.769134130340704,Retail,bear,1.2,41.65431144631382,15.853147410149926,7.668902327841677,2.0034352160895237,15.103294417499
IPO_Synth_0405,,1102.8585070449083,2317.0571736301267,54.242953575855964,28.44497078580488,7.887240892008181,90.57516525366903,,,,27.136016890722537,2020,1,23.570233167869194,Retail,neutral,1.2,33.28228611821036,23.266866621490372,16.888396839782768,0.023535301893894356,6.127796574052816
IPO_Synth_0406,,150.21624487061973,3976.3521316664583,70.4666288882857,21.6794274348557,10.969553135746093,103.11560945888749,,,,10.166800453799123,2025,1,6.5372884310876955,FMCG,bull,1.2,67.17736541877777,21.99901346875174,13.092569281901978,0.5361144936835475,8.110796431708653
IPO_Synth_0407,,722.3433883143621,3514.011766528718,63.274635826616866,24.63753645778803,19.900136650433716,107.81230893483863,,,,7.554270378642296,2025,1,9.746829474382485,Retail,neutral,1.2,29.79963415898903,23.252560898016135,18.086672887121676,0.0,12.705082553751158
IPO_Synth_0408,,417.0767026320235,1080.6864232990943,52.35271007833798,17.43965655216706,11.31529906702747,81.10766569753251,,,,62.41870654007047,2026,1,30.243801879441925,Retail,bull,1.2,88.14038929615755,16.702741786589282,10.609841465809064,0.834813647003054,14.777765861906259
IPO_Synth_0409,,397.42430063968266,1719.867533804305,0.5,0.5,0.5,1.5,,,,-25.72357679300045,2023,0,-11.559908198151144,Retail,neutral,1.2,87.68688656816049,19.70162990436226,17.3916397388849,0.0,11.312209902117209
IPO_Synth_0410,,40.04,1234.9774755055735,0.5,0.5,0.5,1.5,,,,-29.485882211911324,2025,0,-11.559908198151144,FMCG,bull,1.2,78.68904589889615,22.502193780392414,17.60926479834129,0.19176514502288794,12.027605274782163
IPO_Synth_0411,,724.8112439148119,979.3875134168337,3.8459871585328553,1.193683528829524,1.1866093906757906,6.226280078038171,,,,-23.699177408770403,2024,0,-11.559908198151144,Tech,bear,1.2,59.797824202978255,29.2712238351942,15.95309004743679,0.9758815510529721,7.3092334843473035
IPO_Synth_0412,,40.04,633.1023345481447,0.5,0.5,0.5,1.5,,,,-23.737463949414845,2016,0,-11.559908198151144,Infra,bear,1.2,89.96391002024585,21.839187630433194,15.13893074485073,1.0176835176946453,6.031238481410341
IPO_Synth_0413,,40.04,1210.307990687764,13.51304452346597,7.329246103992532,1.6665817295156946,22.508872356974198,,,,-4.020706378138196,2020,0,-2.388720835929084,Retail,neutral,1.2,84.21805450776878,13.979902068840012,15.617396324699888,0.0,6.562528773023628
IPO_Synth_0414,,810.9601846592665,465.4638718087066,91.12036204945436,47.29741939217547,13.62214544369323,152.03992688532304,,,,37.44674058874488,2021,1,28.510542259584845,Auto,bear,1.2,50.411060764101556,21.60736340347716,10.90188369825873,1.301950130013577,7.379924813139806
IPO_Synth_0415,,1026.1259688777734,71.9742,27.334139629726845,13.451780711785176,2.8240636406122657,43.60998398212429,,,,10.46959966478123,2021,1,6.125097052805072,Tech,bull,1.2,85.8990484861649,19.010013403850458,10.161287086824208,0.4611257142438273,10.676807016699422
IPO_Synth_0416,,186.90039813708847,3767.010690263569,47.310969276529754,27.53168664345721,14.566151879784774,89.40880779977174,,,,22.585895713127027,2025,1,16.5714743314273,Tech,bear,1.2,43.58987697256423,8.007596232718996,17.447426705689864,1.767178729445521,6.341085352288584
IPO_Synth_0417,,757.4699659158846,2865.5559517767488,75.78240916977208,51.22173410590295,20.14434422820645,147.14848750388148,,,,32.95681200685926,2026,1,35.864380577825386,Auto,neutral,1.2,56.45340720964129,8.929059139704533,13.340890411272113,1.9616305026859986,10.751203804854462
IPO_Synth_0418,,686.904188157837,6406.420803165607,110.08741399023911,36.44095074130753,31.903385364634765,178.43175009618142,,,,48.282780528194124,2021,1,41.02548842831509,Mfg,neutral,1.2,27.71764864642182,19.601062294862146,17.04026383063103,2.106130812987251,9.054440187606708
IPO_Synth_0419,,383.5605979845399,2483.602161828041,29.295712786405222,19.24920689190854,8.166328136672876,56.711247814986635,,,,22.30584479657153,2017,1,10.794428309741516,Auto,bear,1.2,62.626627760648844,20.10679359661783,21.979448070040515,0.0,8.312446020992075
IPO_Synth_0420,,871.1181818592393,436.45139469488777,62.198705463868535,17.461529113845746,19.04026287655581,98.70049745427009,,,,43.21934972525347,2019,1,41.58602940018524,Mfg,bear,1.2,54.69884706116765,18.23150155859654,12.942791068243396,0.9022851819841936,12.655113104766604
IPO_Synth_0421,,358.93107036012185,71.9742,11.133516553461636,5.467249409941584,3.860461980525599,20.46122794392882,,,,24.210526166139932,2018,1,14.284631353935142,Tech,bull,1.2,51.86040104548477,25.305090717461404,12.299593356301743,0.0,7.1229084915660685
IPO_Synth_0422,,591.6044078471069,1645.0618900587003,13.801720416931843,6.9799821653509895,3.634929190669774,24.416631772952606,,,,-8.003809793753804,2021,0,-5.832807385387275,Mfg,bear,1.2,57.01822519874205,14.389125384973743,13.540725559851333,1.8014505212159744,14.307113329181957
IPO_Synth_0423,,40.04,2960.8687039603897,6.732479097043646,2.348241014868079,1.0978411344129309,10.178561246324655,,,,-8.147459069901753,2018,0,-0.5736745858620577,Finance,bear,1.2,49.56818551970374,11.682829263608646,15.175370063895064,1.9437709513464585,12.492529245367463
IPO_Synth_0424,,40.04,884.8055907855888,0.5,0.5,0.5,1.5,,,,-8.585160131467765,2016,0,-11.559908198151144,Mfg,bear,1.2,60.750134560887936,15.045846225667862,17.763624638722934,1.4780511282592577,7.029694927225968
IPO_Synth_0425,,814.1512610123656,71.9742,5.1460729068349655,1.4792668973334608,1.2733287497269385,7.898668553895365,,,,-7.7175401077823,2017,0,-6.930863979693158,Mfg,neutral,1.2,83.10424364819026,16.341343625202562,14.872258924726141,0.07540081923173209,13.606708661518027
IPO_Synth_0426,,603.1059663994749,71.9742,6.8403548437427775,1.837435545907045,2.0020984337445666,10.67988882339439,,,,25.536979281013167,2021,1,4.542308829694427,FMCG,bear,1.2,40.886649259119615,19.6510805308836,24.0,1.0442469731862207,6.67528826589395
IPO_Synth_0427,,366.1608380571248,1568.6890693839152,42.490500156199396,22.808752279511108,10.214415768116597,75.5136682038271,,,,39.40294977049349,2017,1,29.682519312626617,FMCG,bull,1.2,75.52549343107275,15.21415926320132,16.89382281737001,0.0,13.879239343778693
IPO_Synth_0428,,1066.5149405786776,3448.6806514454233,199.39634984346884,65.34962237982884,35.07156316628132,299.817535389579,,,,76.89901327991018,2016,1,49.532885468373415,Infra,bull,1.2,63.87435984757385,8.0,18.513709752635904,0.5137699080516422,10.998801368888861
IPO_Synth_0429,,1062.9182028059492,71.9742,16.127208947268905,10.55287747216993,4.514549464428542,31.194635883867377,,,,-13.257189193322064,2019,0,-11.559908198151144,FMCG,bear,1.2,66.73427579901589,8.0,14.834128116956899,0.40779144914991794,5.262631183210081
IPO_Synth_0430,,564.8356442784284,2211.7658696040166,64.95794217357336,45.43654497822509,13.770637091118484,124.16512424291693,,,,9.146827089152588,2023,1,20.792612190141597,Retail,bull,1.2,59.44724047221592,20.738954952494236,19.55324053287958,0.0,6.113865012011088
IPO_Synth_0431,,40.04,2097.330686467817,0.5,0.5,0.5,1.5,,,,-10.801617922658922,2022,0,-10.229431468612763,Pharma,bear,1.2,47.08679807366398,13.225870779673723,14.076271741138868,0.0,8.785076059460662
IPO_Synth_0432,,376.7014548060906,346.34732916767797,94.78014039469751,31.489110760472723,29.40754050415874,155.67679165932898,,,,43.21148272964686,2020,1,22.564492750287446,Pharma,bull,1.2,68.00754655347906,8.0,12.100993355718092,2.5,12.603386810583418
IPO_Synth_0433,,130.42394432235773,71.9742,38.630167250740215,17.569229444231652,9.430770959521327,65.63016765449319,,,,10.937462924756206,2023,1,9.453690130356003,Mfg,neutral,1.2,69.33910735362335,23.749647804074318,19.074051693121902,0.4133083569561383,9.487930635906384
IPO_Synth_0434,,445.3986586119696,71.9742,12.315023143571986,8.507034501644377,2.1041694778494,22.92622712306576,,,,-14.65003137252895,2018,0,-11.559908198151144,Retail,bear,1.2,45.59155182216668,29.27108621089131,14.74220154083677,0.6602274479431018,9.413138231788253
IPO_Synth_0435,,94.99625672074093,1888.2806574532142,10.0,4.499095916706161,1.8215108357972971,16.32060675250346,,,,30.306257886944596,2023,1,32.381624531290406,FMCG,bull,1.2,35.9067381231749,19.43324876738246,16.103691134364105,0.4913293408922547,10.120508166003624
IPO_Synth_0436,,40.04,4454.8057531753475,0.5,0.5,0.5,1.5,,,,-11.332082530037173,2016,0,-0.8030951309769621,Finance,bear,1.2,61.53554328316328,21.610640788510185,19.41847228870387,0.08947600904586045,4.014747925416617
IPO_Synth_0437,,40.04,4639.525116519977,1.4893624625295931,1.10560446333794,0.5,3.094966925867533,,,,12.606222551209008,2017,1,0.7357119155932161,Mfg,bull,1.2,73.5849751911964,21.661495382501048,15.625425719834894,0.536107200074024,12.472675851309788
IPO_Synth_0438,,471.95481135805977,71.9742,1.5486215529500411,0.7740594903428263,0.5,2.8226810432928673,,,,-33.06495112763267,2026,0,-10.861582000568605,Mfg,bear,1.2,78.09162090256547,8.0,14.328380626191661,0.092990364022431,14.018974603391161
IPO_Synth_0439,,40.04,1035.079278933887,8.475149900708976,3.569612245211865,2.140971036795535,14.185733182716376,,,,6.21797807702471,2021,1,-1.8697034366489782,Pharma,bear,1.2,81.65981801988634,25.331915643169527,12.590716629750164,0.0,12.368083749385958
IPO_Synth_0440,,305.43242000707346,71.9742,80.61459693041013,56.1730891235652,21.949542246913527,158.73722830088886,,,,14.05919969278784,2022,1,21.551469982375643,FMCG,bull,1.2,66.68503501417761,27.43929061066333,19.77756381981761,1.2862275352375057,8.7295411054121
IPO_Synth_0441,,652.0182407795553,1805.970698398692,2.0,1.427403493872693,0.5,3.927403493872693,,,,12.07855994504208,2020,1,8.19500002627652,Infra,neutral,1.2,55.262171763086045,31.020795077560148,13.462231217727238,2.1128696352169225,7.344875663077479
IPO_Synth_0442,,168.16444327013227,3077.409234841501,22.35011830612259,11.139348877269937,5.234785013015815,38.724252196408344,,,,39.632917488978464,2023,1,19.403897529980476,Retail,neutral,1.2,59.961219153596254,17.374281135826816,14.770047833454523,0.0,6.754188954049316
IPO_Synth_0443,,44.26005594743125,5610.879427113274,128.36711713480523,51.77792890832303,31.358850536926266,211.50389658005452,,,,42.8579236178782,2024,1,20.12373089941831,Auto,bull,1.2,37.62281805007873,13.189276915506039,16.29108448292889,0.08715095402716372,6.600577323220335
IPO_Synth_0444,,391.6465277095622,71.9742,61.37621004327116,30.15516985253437,11.232829289371448,102.76420918517698,,,,43.368642152044295,2024,1,40.873459705706445,Infra,neutral,1.2,47.71238189212774,28.151345120370248,16.272533409730848,1.9999542459664426,16.0
IPO_Synth_0445,,131.78219251120697,71.9742,15.90572467066998,5.720350337947642,2.9375140029694853,24.56358901158711,,,,5.511003945707138,2018,1,4.871938950562915,Mfg,neutral,1.2,59.041578554614475,22.993462355163512,19.561648099782843,0.0,9.76353113041578
IPO_Synth_0446,,478.2401985170432,1896.9497252662109,0.5,0.5,0.5,1.5,,,,-32.39428551067003,2022,0,-11.559908198151144,FMCG,bear,1.2,55.200499549224126,25.247982244757644,14.685813935509154,0.8877170914094958,12.714057926119201
IPO_Synth_0447,,62.02205624184791,71.9742,160.02362235988895,58.363103896134604,33.818114894083,252.20484115010657,,,,33.057037440765974,2024,1,35.3883474067903,Infra,bull,1.2,61.65616728092826,16.117541849413247,21.193730630809597,2.5,12.548913905546016
IPO_Synth_0448,,379.12844312575385,1970.0280057071993,21.91008767553681,12.293780442479832,6.638427250821681,40.84229536883832,,,,6.404597252268933,2020,1,5.116457844100007,Mfg,bull,1.2,35.25292965004798,21.629374500354853,13.880594538565353,1.1322698439434074,10.427831353319483
IPO_Synth_0449,,296.48968186370104,3143.4056501807145,164.824407383919,103.83024381961052,35.809176627442454,304.463827830972,,,,102.29142200548121,2020,1,36.41356325056621,Infra,neutral,1.2,39.27355256896927,13.679600483493033,16.668427355879878,0.5688253235449557,7.205034712436185
IPO_Synth_0450,,410.88646548410657,71.9742,52.563364309209796,38.6190340806022,18.313716172083915,109.49611456189591,,,,35.09584874622981,2022,1,20.588080882843126,Infra,bull,1.2,73.96068646801459,19.96856107576087,14.17301670376699,1.381710439798971,11.556080911423336
IPO_Synth_0451,,973.3666730582785,1866.8821106021433,67.30698247380369,45.18218352365827,13.06022457985548,125.54939057731744,,,,7.344330643202452,2022,1,9.452588959684759,Infra,neutral,1.2,44.999795876843734,17.91267393725744,24.0,1.2767468715704893,6.752428805707761
IPO_Synth_0452,,483.0746461113664,71.9742,18.321220635500662,5.3693529069279045,5.034956582879861,28.725530125308428,,,,37.3741744626849,2018,1,19.839216683980297,Finance,bull,1.2,47.828723615331846,32.0,13.422134711922228,0.0,11.80691494803478
IPO_Synth_0453,,587.1330416735808,5101.913903082278,101.26643357446015,36.02669222916029,24.02459228158393,161.31771808520438,,,,81.15817718754235,2026,1,54.51596239662518,Pharma,neutral,1.2,61.71064307940113,23.29177826133706,13.829106417681887,0.0,6.889371529429656
IPO_Synth_0454,,201.4016321769227,2059.657283112191,100.83414143297075,52.014881356292875,29.29959380205104,182.1486165913147,,,,56.44425698206182,2022,1,57.242250790163624,Tech,bull,1.2,43.2386301931042,8.0,15.5163344526025,1.0939134966400113,8.69151976171683
IPO_Synth_0455,,491.08331131955816,71.9742,32.268112715215686,12.223015796261466,10.393273282774329,54.88440179425148,,,,28.535899371561598,2022,1,13.792356558132976,Auto,bull,1.2,79.91393869645368,19.990667446288278,13.799519554247075,1.2438574042936887,8.68649781273926
IPO_Synth_0456,,320.95312925883275,71.9742,2.0,0.5143652070833006,0.5,3.0143652070833005,,,,37.100236391728785,2018,1,15.75771945140899,FMCG,bull,1.2,37.377057722568345,22.209025925359025,16.415196629166292,0.20249033418143625,14.19685501639091
IPO_Synth_0457,,424.95216867523646,2534.702111657064,53.04077310890913,33.277541036671494,11.860967196170261,98.17928134175088,,,,60.89956539423804,2023,1,35.58351577018993,Mfg,bull,1.2,60.027431803533965,17.15623818735605,20.53089713532734,2.1451959498959625,4.0
IPO_Synth_0458,,636.4926865239527,5056.387632553776,6.906635893366652,2.9621594679647445,2.318417861642259,12.187213222973657,,,,-13.064870123200903,2026,0,-6.011636974390237,FMCG,bear,1.2,46.52546946009081,13.383444899394599,15.662869811108258,1.9447359381061253,16.0
IPO_Synth_0459,,243.94930271103178,71.9742,53.63071722515033,15.180175379929022,17.881279853583777,86.69217245866312,,,,30.82143931781998,2023,1,19.49930661677588,Tech,neutral,1.2,62.81137491848467,23.963096458154414,15.829214101883263,1.2745178640753303,7.582284423137903
IPO_Synth_0460,,278.85541188627985,377.4050931449022,18.81527947793027,9.490769562193538,6.571220974262789,34.877270014386596,,,,42.58578899797232,2021,1,11.73101852232636,FMCG,neutral,1.2,51.045641452967615,14.231675538463183,13.968825537727593,0.2213785546311004,9.629914525421336
IPO_Synth_0461,,248.6697354647468,71.9742,38.73246721612355,28.607969026696047,5.388421286361716,72.72885752918133,,,,47.391789089944574,2023,1,19.08458549352255,Finance,neutral,1.2,59.57426642728035,23.45266231266247,12.727168602527186,0.0,11.239920828616295
IPO_Synth_0462,,242.07543017681022,5570.615644476825,15.153726655804794,8.92962609905908,1.5288925312002557,25.61224528606413,,,,-7.563546194818182,2018,0,-5.74559985725774,Tech,neutral,1.2,81.98305648450533,13.72473723350016,15.434383953181003,0.32564527878928556,10.982846466766356
IPO_Synth_0463,,473.9967830233695,71.9742,10.191701200853066,3.3569736937083574,2.1334041027812747,15.682078997342696,,,,-25.197168694444063,2016,0,-11.559908198151144,Auto,bear,1.2,47.62596394053527,16.796592138486094,15.034196578340811,0.0,12.530889820966728
IPO_Synth_0464,,290.4910238889306,4868.085454042446,3.935091088999529,1.9956727609017542,1.1149491944108487,7.045713044312132,,,,-28.36899810007587,2023,0,-11.559908198151144,Tech,neutral,1.2,47.47613311343494,25.736900484345067,20.279677674625248,0.0,11.831118453131987
IPO_Synth_0465,,926.5027286831955,539.9494132955662,0.5,0.5,0.5,1.5,,,,-34.08690358450145,2017,0,-11.559908198151144,Infra,neutral,1.2,54.3137839609924,22.935044685894038,10.684149333526975,1.1471585753802782,16.0
IPO_Synth_0466,,1329.9860596501678,1335.3617123658478,20.011938616656952,5.545745120858026,3.870317094199857,29.428000831714833,,,,2.2588017250460193,2016,1,2.363783870697133,Mfg,bear,1.2,86.53234885410612,20.18852696177817,21.545406129522657,1.672307254235824,12.194787039780099
IPO_Synth_0467,,220.8210584764106,635.1216311621699,50.50783629929944,28.736261755160648,12.392848646996072,91.63694670145617,,,,12.298593146093205,2024,1,5.945299789471922,Pharma,bear,1.2,58.384631709736674,19.820576899034187,14.339332034416104,0.0,9.647914881351
IPO_Synth_0468,,515.2492913322943,2145.43642395587,84.99402415317068,51.900452995526294,13.015717659940323,149.9101948086373,,,,73.12835465919828,2020,1,54.21769558397922,Auto,neutral,1.2,82.2156469691278,20.543319038478483,15.668406083681552,0.24345443219330293,8.340959994823459
IPO_Synth_0469,,769.3907480044975,71.9742,163.4876968992508,98.42054988034118,46.231950020695315,308.1401968002873,,,,70.01446027963384,2025,1,36.227455959420574,Infra,neutral,1.2,56.815594393530006,15.250749770832817,10.208235693762266,0.4825071109668547,8.263439186116651
IPO_Synth_0470,,324.04597639504357,4276.67259525139,0.5,0.5,0.5,1.5,,,,-6.216916671612228,2025,0,-8.531499668136444,Tech,bear,1.2,81.41346641916765,10.899816433431123,17.528715760744607,0.20759536173551313,13.879731304842487
IPO_Synth_0471,,75.1521797965062,4382.387912632786,55.63476040565795,39.14680196800234,17.2561225771064,112.03768495076669,,,,27.48780284527028,2017,1,19.816114353626567,Finance,bull,1.2,67.33304799591062,23.41503795939696,10.67785627922667,0.0,15.265606015205348
IPO_Synth_0472,,1008.5574302037967,71.9742,24.063288490282638,9.893276148181922,4.501479298532839,38.4580439369974,,,,5.916989181195483,2024,1,3.4804839009251696,Tech,neutral,1.2,69.98219597773678,29.180600263420313,16.680256333222633,1.831036956389644,13.012303090909992
IPO_Synth_0473,,649.2036831699,3259.143602043686,24.633699331745156,6.795723556451361,6.150101397823634,37.57952428602015,,,,15.678923797002065,2019,1,6.13635620466858,Finance,bear,1.2,34.15617332719505,23.625397573161948,16.24064733410988,0.0,4.0
IPO_Synth_0474,,523.6822234705356,593.8411528799326,2.0,0.5832209344825486,0.5,3.0832209344825485,,,,19.96382286313356,2023,1,16.30171021584861,Finance,neutral,1.2,31.485345172483083,21.525034493574662,13.534705005977699,0.0,4.0
IPO_Synth_0475,,910.2999596992225,1656.169709732479,11.884825653791962,5.690320116351999,2.069286950623051,19.644432720767014,,,,59.140306177842625,2016,1,25.69130245004032,Mfg,bull,1.2,79.2636272165076,12.748855537520601,6.0,0.0,9.977313791183857
IPO_Synth_0476,,677.9228110279031,5491.6382703502695,7.801664298528576,2.1063791537340424,1.6365387828454634,11.54458223510808,,,,7.314453124387196,2021,1,4.948287228833353,Retail,bear,1.2,79.03988545227548,25.263045625359165,24.0,0.9813422671228305,9.499923154953045
IPO_Synth_0477,,398.4481576437182,71.9742,124.22492014343223,79.4761546695451,38.695226960293255,242.39630177327058,,,,33.251554187752596,2022,1,35.31539234082607,Pharma,neutral,1.2,96.0,22.888366324720327,10.256138718629977,0.23279619657154765,10.059725919281984
IPO_Synth_0478,,81.21883728289333,3933.518183471621,16.59789908514184,11.33490036010498,3.935130687697392,31.867930132944213,,,,-23.042118711091042,2020,0,-11.559908198151144,Auto,bear,1.2,33.25284579342832,24.56087900499696,16.227360781047654,0.0,13.755227491415184
IPO_Synth_0479,,246.30696072631798,2711.6378139020776,17.52382259393861,4.498130221780172,1.995906269412482,24.017859085131267,,,,40.788222096640574,2022,1,12.427955172905982,Finance,neutral,1.2,68.74438953912224,26.203346063907222,11.715872765760066,1.0276492294395427,13.605669931763344
IPO_Synth_0480,,826.3726004102488,1016.7287015140648,99.40608220977504,65.1116550038317,27.660544853364843,192.17828206697158,,,,69.82354479300142,2016,1,68.51146337761858,Auto,bull,1.2,41.571222509669546,29.51604180226193,19.716015243677614,0.8326280405272805,10.524740035634096
IPO_Synth_0481,,647.8128690520989,2478.0983808961764,48.052208685969454,35.58762118008612,6.997032243441716,90.63686210949729,,,,51.666351423325764,2016,1,17.118811158279282,Finance,bull,1.2,46.66917971702932,13.311668896124326,13.292311490938966,0.0,5.428358044867659
IPO_Synth_0482,,351.0594168869158,2168.370984332463,120.23749519698997,31.885069611794478,26.634491817846566,178.757056626631,,,,53.836594675495384,2022,1,43.309408575615976,Auto,bull,1.2,50.95956898623392,12.266138396666602,11.616113519110321,1.017567467913754,6.312387244535801
IPO_Synth_0483,,1018.2550114893254,71.9742,13.534884483163559,8.289895075792833,2.9388933548767366,24.76367291383313,,,,64.38114898132761,2020,1,14.271505476696008,Pharma,bull,1.2,66.88239073658579,20.888924303431473,17.678205242834476,1.681232988795302,10.20228684557426
IPO_Synth_0484,,361.1175249041588,71.9742,77.97505207588028,58.44596943044476,17.280966104573785,153.70198761089884,,,,25.269647015641354,2022,1,24.860351721177363,Retail,neutral,1.2,48.047530684374635,14.464890986694716,9.276193019069048,0.37681822857395203,11.250467623102018
IPO_Synth_0485,,752.1442116890405,71.9742,43.863375227423006,28.447999632538092,4.726432271937987,77.03780713189907,,,,31.0623202210722,2019,1,11.061818388846934,Retail,neutral,1.2,60.60581145726733,13.425774917315724,13.14024624694126,0.26508519342514786,6.348074042195763
IPO_Synth_0486,,489.9843028225122,801.750737212119,61.26723085027373,30.797719795946556,10.298845656746852,102.36379630296713,,,,13.606278920422135,2016,1,8.60267858119868,Pharma,neutral,1.2,74.97661627493225,27.320574506466496,18.106103178125107,2.3938747891939762,11.981565149883515
IPO_Synth_0487,,1075.0914213163649,5022.809247646415,1.0020580745016359,0.693836520460614,0.5,2.1958945949622497,,,,-9.569581965265419,2023,0,-4.579351855581823,Tech,neutral,1.2,80.30351970073275,13.945624429345521,21.78079175123383,0.0,4.742870814540082
IPO_Synth_0488,,672.0517410658153,3034.148163283643,127.53499908390387,77.02683035168134,25.983875580544183,230.54570501612938,,,,49.320638165411445,2017,1,21.603648790473912,Pharma,bull,1.2,72.46660775003943,19.93359720078812,10.669148008710863,0.3343393815623719,4.0
IPO_Synth_0489,,430.5895098228651,71.9742,3.411828857142306,1.3518547044654141,0.8711565297535979,5.634840091361317,,,,-7.647573069449004,2024,0,-6.138812931727322,Pharma,bear,1.2,68.13362546782592,10.211445623012231,12.247985126235573,0.8309799583403554,7.374617831119062
IPO_Synth_0490,,353.74603733946316,810.2130953616588,165.39597086174334,59.899786785518195,43.584903345482594,268.88066099274414,,,,38.002050720698215,2016,1,26.69582983843118,Infra,bull,1.2,57.450593771934614,20.37823437504876,16.584619539724773,0.5484403230589943,14.11919026181817
IPO_Synth_0491,,409.5710576112495,2129.881236841691,146.34931261405606,74.09258793176902,16.99657025295089,237.438470798776,,,,67.20697964010846,2026,1,35.77931406818901,FMCG,neutral,1.2,49.75922592698862,27.096905337577713,6.011596047428368,0.2277156935811026,14.566855434600868
IPO_Synth_0492,,167.0366690352797,3458.5843480584617,84.0717923514283,36.6969390301547,10.905984271507709,131.67471565309071,,,,26.39167335028761,2018,1,20.223494131222797,Mfg,bull,1.2,69.70220755798196,27.278559593873844,21.10930864652991,0.5892241711036147,5.215181881021195
IPO_Synth_0493,,40.04,71.9742,27.934452870452816,11.585367248387657,7.413152770056034,46.93297288889651,,,,5.564679142961452,2025,1,6.095561955059273,Tech,bull,1.2,41.08363698556542,26.269953148319487,10.502263043381195,2.068946094173902,5.444537741639404
IPO_Synth_0494,,520.2817152253743,71.9742,10.0,3.3896240836344242,2.3279691238834936,15.717593207517917,,,,60.06116055708022,2016,1,22.115806681362926,FMCG,bull,1.2,62.14431700400647,19.529768186410546,13.03165532568113,1.307657645538434,12.282805186042031
IPO_Synth_0495,,232.5797305726138,1375.1142829031103,17.597927830056257,11.837122997300185,5.4263738763828,34.86142470373924,,,,0.8011020545311254,2020,1,5.610238826514749,Finance,neutral,1.2,40.63780862198169,26.669027113446397,16.173799733135816,0.42528219501911874,8.677930200792224
IPO_Synth_0496,,231.6722380799934,3002.917821208423,22.336555364473675,13.457936554323943,3.3791978803401834,39.173689799137804,,,,42.639127885883404,2020,1,32.53853708661993,FMCG,neutral,1.2,59.25699263954724,22.580487483407854,15.230564918007289,0.0,14.099122791525208
IPO_Synth_0497,,384.4755214316512,2133.061047948977,0.5,0.5,0.5,1.5,,,,-30.49342531465807,2017,0,-11.559908198151144,Auto,bear,1.2,41.033215383147805,17.36632219990824,10.66372794321935,0.0,12.233983709727855
IPO_Synth_0498,,432.66087156966205,71.9742,2.0,0.7376670815851868,0.5,3.2376670815851867,,,,14.883575652077194,2021,1,5.027307273526808,Retail,bull,1.2,52.78985631240123,22.29020911716726,22.74656503394686,1.4502170838481896,12.749180491278846
IPO_Synth_0499,,417.3416268059704,6088.928085371146,0.5,0.5,0.5,1.5,,,,-22.923052997735738,2018,0,-11.559908198151144,FMCG,bear,1.2,47.83284574824946,25.314041083133944,6.0,0.0,7.534359265267365
IPO_Synth_0500,,1008.5991174538564,1264.5608142331716,17.647470066651827,5.4046520165084075,3.9087700929631737,26.96089217612341,,,,-24.049259385934775,2020,0,-11.559908198151144,Finance,bear,1.2,45.66195547127772,12.033692652947611,9.950965694126037,2.5,11.331434418194739
IPO_Synth_0501,,641.0815151726235,2025.986199853842,88.68652851640158,49.90737658392167,11.05462647796928,149.64853157829253,,,,65.489689757034,2020,1,41.80843726605152,Mfg,bull,1.2,58.4275736746007,13.637496790230625,12.134513235193264,0.46821531591952903,16.0
IPO_Synth_0502,,1134.8219845741266,71.9742,204.0208155961598,62.10568860908328,24.038349091696738,290.1648532969398,,,,38.726691789567276,2018,1,31.664990864659845,Infra,bull,1.2,24.0,19.13832450921326,10.726329407787137,0.0,10.426745075840849
IPO_Synth_0503,,264.8692033530799,4401.93843426769,23.83706078890379,17.40358854123184,6.422262125599971,47.6629114557356,,,,1.2468730764992215,2024,1,-3.2807423505766726,Infra,neutral,1.2,27.555381661239146,12.669451250994335,20.48799101813166,0.6819758919134008,9.864994337632181
IPO_Synth_0504,,682.5299392001176,3010.2508628905325,1.125954745788352,0.5,0.5,2.125954745788352,,,,-31.095621069313736,2021,0,-11.559908198151144,Auto,bear,1.2,74.46682750184908,12.583823482630816,7.53745337539987,0.0,8.692920583683794
IPO_Synth_0505,,283.85380135560615,2340.819281515756,9.739196783607408,2.560458503491858,2.6039750604637932,14.903630347563059,,,,-16.088572607378065,2025,0,-11.559908198151144,Pharma,neutral,1.2,62.654618265161275,17.476477569632753,22.008583644551653,0.08101303822926864,5.1941916899394025
IPO_Synth_0506,,223.147403812005,71.9742,15.510493413004054,10.51091637705916,2.694618179139739,28.716027969202955,,,,17.836657589846908,2024,1,0.5280442659952611,Mfg,neutral,1.2,46.979401017481806,25.951934177248045,13.748398335215455,0.0,6.703162601647313
IPO_Synth_0507,,1147.70900897593,4369.45961793158,119.60635755766893,51.88448414029893,21.373483020477725,192.86432471844557,,,,58.86488745253452,2018,1,64.67510418490994,Tech,neutral,1.2,77.53026053531852,25.83890588684401,8.875757997601625,0.26139720032084,7.324531867044811
IPO_Synth_0508,,152.4335345261455,3491.9396267377283,42.637504988534964,17.97098102025481,6.500244663179692,67.10873067196947,,,,37.321692386381756,2019,1,21.702835443083693,Finance,neutral,1.2,48.49480554080423,21.926481043727428,6.0,0.0,5.067098394834575
IPO_Synth_0509,,40.04,4163.575792144026,1.29318041838801,0.5,0.5,2.29318041838801,,,,17.041612626317487,2026,1,0.18009919743011885,Mfg,bear,1.2,49.56552032114155,21.081685938017742,14.031912350509657,0.0,5.369553339433006
IPO_Synth_0510,,172.99664531840122,1618.1561170270124,81.94798596019567,47.547125267412234,8.524030572760415,138.01914180036832,,,,30.125437960060363,2019,1,22.3563574145998,Infra,neutral,1.2,45.89906504821204,32.0,11.841134517969921,0.0,4.0
IPO_Synth_0511,,40.04,1326.9124740942518,22.432139659066337,9.632286424887312,2.9568500579917076,35.02127614194536,,,,-18.374832478294667,2017,0,-11.559908198151144,Mfg,neutral,1.2,94.31913787304383,16.763894165211838,16.064226709052175,0.0,7.652467458232173
IPO_Synth_0512,,89.86313244524497,1047.795389602814,31.334011746986175,20.72736306532107,9.684482763078003,61.74585757538525,,,,-6.96116546361066,2021,0,5.855876952994884,Mfg,bear,1.2,64.23183122229894,21.446444809898587,12.9724247506457,0.0,12.025743678480408
IPO_Synth_0513,,121.51402309137976,7453.852380496325,36.745211215288094,20.772404185379912,4.943716646509888,62.46133204717789,,,,10.023522695307442,2026,1,14.443722912270028,Mfg,bull,1.2,63.52279573527929,16.466072264757493,19.301112018336703,0.5339641337709743,9.050443309748571
IPO_Synth_0514,,426.8738362322886,109.81930832323236,2.0,1.3799123525939663,0.5,3.8799123525939665,,,,19.45535000580444,2018,1,10.427309119581677,Auto,bull,1.2,68.39521774117958,12.27547198203262,14.358789619626501,1.388005254989031,9.06404226698883
IPO_Synth_0515,,40.04,71.9742,73.44874094444002,41.22535184367841,12.17018035922367,126.8442731473421,,,,70.42818018800406,2023,1,29.405949318309297,Auto,bear,1.2,26.651229159937152,27.109286388760857,13.092412012229698,0.8606121337222119,12.300334605865444
IPO_Synth_0516,,823.3423997455361,550.2099774922347,46.80904807614444,29.940898078858336,12.83721271468662,89.58715886968939,,,,36.28109698210474,2019,1,19.74981783279208,FMCG,bull,1.2,49.30784757140357,18.168767403305196,19.379644312952784,1.7992619867419029,15.06689549496186
IPO_Synth_0517,,40.04,134.076759436091,21.80014570114771,13.042365374035048,4.421075968552707,39.26358704373546,,,,27.90526989759902,2020,1,26.755147787743,Auto,bull,1.2,68.18976350776613,24.16893181831961,16.026762810480367,0.0014710094721811506,16.0
IPO_Synth_0518,,371.1842172291036,4801.069309665281,2.7436149045247564,1.3204914616133776,0.8509238101355743,4.915030176273708,,,,-12.616178429704197,2020,0,-2.6074819445586197,Pharma,neutral,1.2,59.92604728731679,18.523226061066843,18.48584251608103,0.824714855432649,10.43353240413237
IPO_Synth_0519,,304.0954011318375,71.9742,29.309915695439337,17.419967246862544,8.407748593441658,55.137631535743544,,,,50.13928867413006,2017,1,31.72192042485984,Retail,bull,1.2,96.0,27.479822987190165,20.168973226934856,0.8641145893782477,9.154596327569026
IPO_Synth_0520,,696.7500598629531,71.9742,90.46058463160448,52.630737847805854,21.05699269308106,164.1483151724914,,,,28.03488172124165,2020,1,47.54537287547062,Finance,bull,1.2,50.36655164886717,14.016579991871152,13.677898100456918,1.6516517147535377,8.760762968219053
IPO_Synth_0521,,534.9042813690484,2017.6903650479162,5.0921273430525815,1.2900996789247705,0.8262763037400369,7.2085033257173885,,,,-13.10917648203777,2019,0,-8.705905365084469,Infra,bear,1.2,76.97729484438884,26.98347627702735,15.172115452503325,0.0,11.77360432056976
IPO_Synth_0522,,820.241038023952,4823.05373751345,6.821584799329445,4.088305171362745,2.0335465063913762,12.943436477083567,,,,-14.902971698767454,2025,0,-6.921380186442417,Pharma,bear,1.2,74.50807722739404,25.36523221794467,18.797117744329995,1.2888322892082429,9.531082190171354
IPO_Synth_0523,,291.3547691665712,3378.007470967779,66.16532975177815,25.214267380779777,20.94117061857484,112.32076775113276,,,,55.452322780621145,2018,1,41.200755521250954,Retail,neutral,1.2,62.570776220951174,9.23217491087042,6.0,0.0,9.541812155227623
IPO_Synth_0524,,256.0711962410298,5735.966453113547,68.62482646511096,35.74745518357215,21.209918196669904,125.582199845353,,,,1.8875418381054296,2025,1,8.14955799913977,Pharma,bull,1.2,65.83926195493726,16.898852445758617,14.542046902995752,0.0,9.740591559326647
IPO_Synth_0525,,555.8256302563998,2421.8472416500067,118.64140616938273,36.26466709897554,13.397989143874595,168.30406241223287,,,,53.458193314968135,2016,1,42.67326188132854,Finance,bull,1.2,54.77639281301794,26.124971854463453,13.988096909905662,0.14134380126566365,7.173590362675572
IPO_Synth_0526,,766.3828469941918,991.763074879712,15.622038236453935,4.0853387590444425,4.28808813140357,23.995465126901948,,,,8.072121267453335,2020,1,2.71308799181422,Retail,bear,1.2,24.482968876093018,29.82396574712375,16.683235816398458,0.9531734810192654,4.0
IPO_Synth_0527,,696.6539841324969,3748.7283198828945,63.32915210417493,16.31104719445319,17.477874452695772,97.11807375132389,,,,45.37926680111478,2018,1,43.78189211529452,Infra,bull,1.2,66.28530483197848,24.292977911839984,11.39500566965308,0.0,7.99229035825438
IPO_Synth_0528,,524.7492557397261,71.9742,22.872197174314216,7.527177333022694,7.679772142125937,38.07914664946284,,,,41.96194977167769,2020,1,15.136470258387368,Auto,bull,1.2,67.71171083545853,17.620651471649403,19.929513140641365,0.0,14.372437933733815
IPO_Synth_0529,,494.2962959593195,71.9742,56.93365118721164,14.799689313093747,9.44356147540292,81.1769019757083,,,,24.325575052341428,2024,1,17.879532566783617,Mfg,bull,1.2,70.54162087529242,14.189963320392971,11.680066420365517,0.0,14.231428314583258
IPO_Synth_0530,,402.4262360209653,4062.9208472099085,148.87308764676663,47.07347833097142,44.15377888227371,240.10034486001177,,,,82.29889055452249,2026,1,46.15550119646496,Retail,bull,1.2,61.13573393580427,23.399926875788026,12.934422220737677,0.5484432350101781,12.819347693137042
IPO_Synth_0531,,554.8484145347651,2069.862693684157,17.015241694687674,9.011047445908344,4.632810044775053,30.659099185371073,,,,8.600087429631143,2024,1,4.461066649816067,Infra,bull,1.2,77.46721941166142,17.44387375135085,12.010155162494693,0.0,8.518814264344382
IPO_Synth_0532,,1109.926823190813,4031.0094408371738,7.624465714099361,3.4320496688317284,2.437402487380908,13.493917870311996,,,,-7.397752430769811,2021,0,-8.07767321151747,Finance,bear,1.2,44.41218002766213,17.69863306047152,20.534468308081244,0.7639717089552074,7.628459201873421
IPO_Synth_0533,,331.9624600569945,71.9742,8.651424983892946,6.405290651316677,2.364668102137598,17.42138373734722,,,,7.161581234944871,2021,1,2.582614989935478,Mfg,bear,1.2,86.43097694952287,18.655058285092313,6.0,0.14216787156192268,14.873789364234584
IPO_Synth_0534,,290.3174176498059,4865.978590606745,60.73932489699064,39.744605968045974,19.01831075634066,119.50224162137727,,,,28.494472801379437,2026,1,22.080493813088964,Pharma,bull,1.2,42.21752863379783,25.290542722180305,23.0409599107625,1.1579057152280112,6.750610390346472
IPO_Synth_0535,,264.16365919169453,3266.6710572807156,0.5,0.5,0.5,1.5,,,,-13.631794573032781,2026,0,-11.559908198151144,Retail,bear,1.2,58.05889448425842,30.83867046254726,21.630167439454357,0.5629415948450088,10.118193770430858
IPO_Synth_0536,,547.8262961633852,1440.766843683467,160.18034889500504,73.42582245391596,22.330118566310812,255.9362899152318,,,,73.49125911607527,2024,1,26.0873594295786,Retail,bull,1.2,72.25572756645178,26.161275999060894,12.458105981674674,2.2521344949006865,15.068480712903439
IPO_Synth_0537,,40.04,2061.48408552844,20.921150166731493,9.738489917871433,3.992550636726851,34.65219072132978,,,,18.11883933766499,2017,1,0.6302885534440212,Infra,bull,1.2,50.73084429392734,20.057308556321598,19.621156987513114,0.6211463402722438,10.371839231766659
IPO_Synth_0538,,368.68692417399103,2424.8015539081953,15.072523631415622,6.497137761891586,4.578473823377853,26.14813521668506,,,,68.25923298774916,2018,1,37.1325388005301,Finance,neutral,1.2,73.48209188234573,14.604835347345107,15.585404261215185,0.0,9.119565884224931
IPO_Synth_0539,,715.6385568348761,71.9742,12.371866306904444,6.158651831519025,1.6443756114771633,20.17489374990063,,,,-10.504388802897708,2018,0,-11.559908198151144,Infra,bear,1.2,53.82986206975199,24.005663681794918,22.438101051755865,0.28723265637439166,13.47951644867916
IPO_Synth_0540,,235.06911216611658,519.6036761468646,8.52019946145284,4.98378223603592,2.2108749894118733,15.714856686900635,,,,-0.1,2018,0,-4.732655369367509,Finance,bear,1.2,62.12639448102675,29.992657091276183,19.277941683967157,0.5211400940530436,10.216036112277367
IPO_Synth_0541,,478.59773871798086,2383.6607595397636,6.035768479378195,3.4430730921126425,2.093741775313436,11.572583346804274,,,,-18.442609201630162,2026,0,-11.559908198151144,Pharma,bear,1.2,56.739686010421615,26.021229918736918,24.0,0.0,10.58851307239172
IPO_Synth_0542,,1135.3411557198867,415.1756176742025,21.815672161426555,9.349097187285166,7.0629049936315305,38.22767434234325,,,,4.256114144807764,2017,1,-5.591085191227361,Infra,neutral,1.2,49.61731334468278,21.246386315300818,7.97033980515636,2.0170987471282684,14.544138520513256
IPO_Synth_0543,,528.091898886035,71.9742,23.34081489709205,14.063373416230304,6.250572946844251,43.6547612601666,,,,8.061940963137879,2025,1,17.650922290072824,FMCG,bull,1.2,96.0,17.065918486498546,15.861054095925855,0.19006220904320242,4.0
IPO_Synth_0544,,40.04,2289.3471346120537,17.876200227938416,7.056499531770652,5.329924630072964,30.26262438978203,,,,12.78557430707431,2024,1,8.411810551154911,Finance,bull,1.2,44.88454316534813,22.071033763207705,7.241534280769727,0.0,11.076520081260067
IPO_Synth_0545,,40.04,3697.9129202376957,8.090377630761063,5.402219586764904,1.0446223876968248,14.537219605222791,,,,4.597966051708541,2021,1,6.806983083105026,Retail,bear,1.2,24.0,26.927459593446002,12.665788357753422,0.6815411177274202,7.701039538914059
IPO_Synth_0546,,329.08293610264195,4303.0962598147735,2.0,1.4643720432640257,0.5,3.9643720432640257,,,,15.309097015029018,2019,1,8.845568449861895,Tech,neutral,1.2,45.534547337308176,21.39385343432449,24.0,0.0,9.378330051986891
IPO_Synth_0547,,140.2465592529586,2907.340407825826,33.184435037683066,13.186443440812468,7.731246817728097,54.10212529622363,,,,10.566909438854234,2018,1,16.69263366390853,Mfg,bull,1.2,62.36332599438904,19.379403344310816,17.10690203067615,1.4663468114361986,10.338869216260836
IPO_Synth_0548,,450.1363223281827,3651.7709094425377,9.321075987384223,5.987339810247928,2.7559992613575837,18.064415058989734,,,,-1.4506465843984238,2023,0,-9.536693787595466,Pharma,bear,1.2,53.216644184154184,15.87653215978779,19.430435264801662,1.265352455827645,7.973588155645654
IPO_Synth_0549,,314.1990957294057,4092.1920772750073,88.85273151864062,58.35073515991268,15.162570820730103,162.3660374992834,,,,34.34365563512976,2023,1,27.588903436790492,Infra,bull,1.2,78.3343618535106,32.0,17.312723821337748,0.6306245259958447,10.685566527603875
IPO_Synth_0550,,813.1355788387727,1729.1099783122322,104.0504627743406,51.54469381011075,13.175007110664037,168.7701636951154,,,,77.13474611762904,2021,1,26.632649008536298,Mfg,neutral,1.2,77.67930840315123,14.65441170575467,17.027077844364314,1.0915529711041438,11.156094113140195
IPO_Synth_0551,,42.038745887490414,71.9742,82.68251380797649,24.298212605676945,22.69870323811089,129.6794296517643,,,,22.183230861412074,2022,1,20.62402562756447,Auto,bull,1.2,54.268959896927825,14.099855766435251,12.64943433696407,0.0003293740849948934,10.6103667906912
IPO_Synth_0552,,343.9432406621444,4540.605105555078,77.45055897058194,49.80775316301457,17.282978567289895,144.5412907008864,,,,34.54952511819943,2025,1,24.335653345831645,Tech,bull,1.2,29.71989756934112,20.984584590850567,11.811109199444273,0.0,10.334243213595157
IPO_Synth_0553,,489.03450296944027,71.9742,2.0,0.9074782382325198,0.6211470298593582,3.528625268091878,,,,41.16793008643441,2024,1,18.706049912623538,FMCG,bull,1.2,36.9033173834211,18.788434137951054,12.52879049403568,0.17439229598531975,9.647197938773228
IPO_Synth_0554,,531.3487722298397,71.9742,129.5215107342117,45.855230655243574,28.542969200941936,203.91971059039722,,,,74.30819887367048,2024,1,56.33526478648577,FMCG,bull,1.2,59.42035714784889,26.13977576269709,6.0,0.0,9.70620127329872
IPO_Synth_0555,,464.9686795428224,71.9742,2.872877117599137,1.6183638363308048,0.8950957009656493,5.386336654895591,,,,38.90991522656652,2019,1,10.405806669613222,Mfg,neutral,1.2,31.838827534339142,26.342672673268627,14.630826417248791,0.0,10.238177974405293
IPO_Synth_0556,,40.04,7988.963520617864,31.391945606507313,14.706155025097274,7.124676749191819,53.22277738079641,,,,18.79561794718909,2016,1,5.6446472144180255,FMCG,bull,1.2,53.37981269191379,12.714222381739647,16.07932510132723,0.0,7.172752748039306
IPO_Synth_0557,,443.27347810033416,2668.4876947400844,11.878237071781427,3.4896624211351646,3.512093321029798,18.87999281394639,,,,-7.702291172142308,2021,0,-4.017619256230589,Mfg,neutral,1.2,85.58345016185447,15.466615639938535,12.213509883220102,0.0,13.810350021115177
IPO_Synth_0558,,363.32653081713835,71.9742,9.084454980036224,6.739187686389221,2.545339780497316,18.36898244692276,,,,-34.57616756551201,2019,0,-10.05020236295332,FMCG,bear,1.2,66.17099654674381,14.74752932390603,14.411932037975745,0.0,9.726660657013358
IPO_Synth_0559,,709.9897186491867,71.9742,12.42245933861745,4.62526590206336,2.0685958185087974,19.11632105918961,,,,-20.242789064285255,2019,0,-11.559908198151144,Finance,neutral,1.2,60.822022751368394,24.707164072300976,17.362718998980153,1.8333095911657804,8.789871458826147
IPO_Synth_0560,,661.7784867594502,1519.8840787173208,4.856305537960058,2.4547775988049496,0.8612637536849465,8.172346890449953,,,,-13.219049892623616,2021,0,-6.945223042099102,FMCG,bear,1.2,41.266092854353545,22.57003807895025,18.98161066096864,1.011938871380694,11.187531708127784
IPO_Synth_0561,,497.0911540645404,2933.6123781634565,54.86087881836834,32.019229936464754,17.818752030573545,104.69886078540664,,,,11.801591052451407,2026,1,10.761045576117871,Mfg,neutral,1.2,63.27127786717894,17.771046826970757,9.609856362275888,1.4649725056450547,9.655930599709864
IPO_Synth_0562,,521.7945093984599,2248.7506655019856,37.26848088167461,11.461723108807012,5.879169268069807,54.609373258551436,,,,38.468184159541224,2024,1,19.525813654775444,Tech,bull,1.2,55.34656560282674,21.298396594954813,11.423509164412806,1.0095883497780966,13.72787253756056
IPO_Synth_0563,,876.776966780714,71.9742,38.71515885549717,23.99197933546297,10.622477094909716,73.32961528586985,,,,30.230014930226986,2023,1,13.397613488017809,Infra,neutral,1.2,64.29546111569542,13.242432261529832,18.38831746187047,1.5830106566325353,12.684049503851988
IPO_Synth_0564,,807.7469172081658,2347.282664722433,10.94964186965491,6.286675724831765,1.4922175553273747,18.72853514981405,,,,-9.223664670939339,2023,0,-4.27749837820235,Tech,neutral,1.2,73.08776089952947,15.544683319556507,17.650532476169268,0.52692832426681,10.278820280286798
IPO_Synth_0565,,508.87159181915825,71.9742,108.38516145898568,53.85403411246626,31.300506644636997,193.53970221608893,,,,27.08638406510687,2020,1,31.773195375908347,Retail,neutral,1.2,76.16622585097888,12.19987720838482,21.049794376682524,2.015671813839595,12.81674515616781
IPO_Synth_0566,,1147.66653661251,4246.821846515892,88.50194758004392,45.5046035088243,13.790591398660752,147.79714248752896,,,,79.25485298209034,2022,1,28.293655726799603,FMCG,bull,1.2,62.32003100619587,20.872937881001313,20.86316383764873,0.0,10.705805153839512
IPO_Synth_0567,,200.23913343158716,1668.3074830894682,56.920626047743454,41.403921866523774,14.145705837347089,112.47025375161432,,,,13.394024201947149,2020,1,8.835538437366733,Auto,neutral,1.2,69.21461272149365,20.850166055575503,24.0,0.432261007929422,6.53766402953674
IPO_Synth_0568,,40.04,71.9742,14.922483046586368,10.527049528555745,3.5972267746343136,29.04675934977643,,,,-0.7784914488315473,2024,0,-1.8401149928719782,Mfg,bear,1.2,50.784348133803476,14.093795001596572,13.68255359614719,0.0,12.669602897938224
IPO_Synth_0569,,411.11997649169973,3315.073263276167,89.88293059065208,27.503427311079733,13.561407428970194,130.947765330702,,,,17.481222109801635,2026,1,24.160227874370847,Retail,neutral,1.2,80.38624664156944,22.52725469474045,22.10353801717911,1.7417015621845586,4.298662410824536
IPO_Synth_0570,,287.1339401025475,2519.3325054536313,34.966661547864554,15.188679504301389,7.792349558111105,57.94769061027705,,,,23.950842950725903,2020,1,16.359018775242596,Infra,neutral,1.2,44.031772160869586,26.34269179370839,10.859933832211784,0.9197932825253275,4.0
IPO_Synth_0571,,40.04,285.7270676752067,15.781822488375724,8.023253123719876,5.047216314036331,28.85229192613193,,,,-4.973686010778602,2023,0,-11.559908198151144,Mfg,neutral,1.2,56.26556971485235,13.817099375255331,24.0,1.6866951268771933,12.093988087358351
IPO_Synth_0572,,191.97805630438683,3422.152574709839,27.057630189265062,19.210590658049618,7.309140877736292,53.57736172505097,,,,14.893812074956502,2016,1,10.819483616609686,Infra,bull,1.2,82.25911885200473,18.042075602015792,17.046136046377967,0.0,11.33068708700314
IPO_Synth_0573,,532.1859001018736,3159.321459954857,48.21131287124923,31.736623295561287,16.785424239122868,96.73336040593338,,,,31.96623434305114,2020,1,17.961926125530525,Mfg,neutral,1.2,51.330076374466245,23.081727055246784,17.439089832422138,0.0,11.130257464808015
IPO_Synth_0574,,395.0006311597209,4650.035006350507,0.5,0.5,0.5,1.5,,,,-11.452310803468553,2025,0,-7.181073910474348,Mfg,bear,1.2,35.865857985423425,19.961789099677734,19.454665293429112,0.0,14.16867025202301
IPO_Synth_0575,,149.5938830526017,3370.2148736838194,2.0,1.3862104055106454,0.5217277171515023,3.907938122662148,,,,32.7417138283807,2023,1,16.399486432782318,Finance,neutral,1.2,52.60649552331634,11.767774521541682,8.90086516646487,0.8612770799303513,9.925851780787793
IPO_Synth_0576,,429.27988291196647,964.8815334330776,1.4300213644377129,0.6278922045507317,0.5,2.5579135689884445,,,,-31.48065087745801,2021,0,-11.559908198151144,Retail,bear,1.2,85.05121701682613,17.355267852022802,10.163601970639577,0.0718641937749484,8.865249228765459
IPO_Synth_0577,,456.86189881101706,71.9742,55.49475459739334,21.398581359851736,18.55506862572208,95.44840458296716,,,,57.143557589333504,2018,1,41.20945077687507,Auto,bull,1.2,24.0,17.156123596299302,15.52053125577091,1.2555868624128972,12.389919496921564
IPO_Synth_0578,,659.0813508960134,2007.5999107695195,160.90352770623818,89.29281949413009,37.289933075276934,287.4862802756452,,,,51.11306970962348,2024,1,39.29978200841921,Retail,bull,1.2,61.84307722262776,18.977494215884356,16.555738065352138,0.5316546980135526,7.858618918691214
IPO_Synth_0579,,195.6945661316305,2411.4649820820446,49.73020662578421,21.282085559155735,9.979270684152501,80.99156286909245,,,,18.570153287399723,2026,1,6.8256008932395265,Finance,neutral,1.2,48.58793650679881,19.23299272456582,24.0,0.0,9.285672382734152
IPO_Synth_0580,,713.3191684166213,1655.0334035621381,144.56025452930814,81.12776127401432,44.61467651209856,270.30269231542104,,,,24.085075820514064,2020,1,20.15689800636872,FMCG,bull,1.2,56.98258617043977,29.39604016303718,10.728600471535517,0.0,10.757718887324236
IPO_Synth_0581,,42.273918468871386,71.9742,1.2885483306752672,0.5860859481706993,0.5,2.3746342788459662,,,,-21.64785800892859,2024,0,-11.559908198151144,Finance,bear,1.2,53.72620769900895,18.74897349991442,21.93086843189532,0.582413933780733,10.997624735810007
IPO_Synth_0582,,242.87567153058185,3288.720722408926,4.55378417143937,2.9503264989362528,1.0005994575864219,8.504710127962044,,,,-33.882499210940054,2022,0,-11.559908198151144,Mfg,bear,1.2,77.28869853094903,9.691505958394746,13.804848350200011,0.9657219908344035,9.000925530262185
IPO_Synth_0583,,995.1740605093237,71.9742,61.761384664848435,44.9101297244282,8.295148778403302,114.96666316767994,,,,3.076094919461273,2020,1,5.932588299979775,Retail,neutral,1.2,60.968544968400444,20.546787060357303,13.742141924437863,0.0,8.528562086599958
IPO_Synth_0584,,65.07996588905806,3306.662364342159,0.9907530503915636,0.5,0.5,1.9907530503915636,,,,-23.81591588379925,2019,0,-10.91310485865519,FMCG,bear,1.2,78.1896258177369,30.48650650751184,14.262707163713706,0.416522148812941,6.640243408354229
IPO_Synth_0585,,189.79651760593325,5948.541239092226,96.58146557145874,48.77412708913261,27.547020225397485,172.90261288598884,,,,11.58108576864062,2021,1,27.75223755415333,Finance,bull,1.2,83.1143664842157,18.997305179898024,13.626252873011124,0.0,7.638475242680919
IPO_Synth_0586,,40.04,863.7557239926246,64.72625090017492,39.626460508853775,12.518640806389989,116.87135221541868,,,,41.14106230845448,2020,1,55.5176730139129,Auto,neutral,1.2,60.53814610064473,17.371478155672346,17.189422466936247,0.0,15.457265450250178
IPO_Synth_0587,,132.23962550110414,2663.116139935705,0.5,0.5,0.5,1.5,,,,-15.939617847742666,2022,0,-11.559908198151144,Infra,neutral,1.2,53.529038838608656,18.16925658271239,13.222756133628943,0.0,9.203269658902862
IPO_Synth_0588,,462.0849777604544,1607.0895572845652,0.5,0.5,0.5,1.5,,,,-5.156981172518155,2017,0,-5.834218062892452,Retail,bear,1.2,66.7893101760891,23.50486942188944,8.652942613808314,0.6235190585073391,10.567754447083269
IPO_Synth_0589,,656.1669096460461,2889.8305132671458,21.39928632938951,11.587413546975569,3.7521301633779696,36.73883003974305,,,,21.313953675362804,2021,1,17.38650175403317,Tech,neutral,1.2,70.26336515191647,18.143748313959442,13.79485762692245,0.0,5.526165991032297
IPO_Synth_0590,,408.4555638925448,1791.0319230089053,79.84714164656688,25.939961823161273,20.551081838905496,126.33818530863365,,,,86.69930133654212,2024,1,47.15968246361416,Infra,bull,1.2,39.240766312959245,10.906341648844545,17.054875480439023,0.0,16.0
IPO_Synth_0591,,303.9126396618461,176.10551302843524,12.84173409568987,8.785220267796856,2.5328637129508187,24.159818076437542,,,,-23.22870851772289,2025,0,-11.559908198151144,Pharma,bear,1.2,64.24914855199582,15.969338369394869,8.689523982729359,0.6156328942774107,7.41560503274103
IPO_Synth_0592,,40.04,71.9742,26.14979398382452,12.116523510575307,7.758810605794631,46.02512810019446,,,,40.10919764480806,2019,1,17.68057759197609,Mfg,bear,1.2,55.435926742403836,19.611853550812814,17.618234982722036,0.14930306346025057,6.474777058399823
IPO_Synth_0593,,166.4446379554522,5661.6484434085905,10.0,3.3830967296232437,1.0077000697921465,14.39079679941539,,,,28.104700589693657,2022,1,51.70860602504601,Pharma,bull,1.2,52.43372764727463,23.21374747045219,20.31233838459,0.0,9.816452276230377
IPO_Synth_0594,,40.04,2663.2956180682468,14.976543095450106,5.20731680946856,4.561024262877246,24.744884167795913,,,,-24.300202936337474,2019,0,-11.559908198151144,Mfg,bear,1.2,47.56299040222204,16.503832340476386,21.659688689195075,0.1921724397484897,7.3225623417263135
IPO_Synth_0595,,666.4204044256252,3683.546662912439,28.438625571324607,18.27901758624802,5.023507438913015,51.74115059648564,,,,-23.769191883635543,2024,0,-11.559908198151144,Mfg,bear,1.2,48.73703719920308,18.22271645692354,16.519487971394554,0.1521451754055882,11.094943900232524
IPO_Synth_0596,,690.1652550571843,2560.5055411832595,31.805177574663556,22.831603717109708,10.810791071677588,65.44757236345085,,,,9.479994708465801,2019,1,3.122765157183647,FMCG,bear,1.2,82.60153532179393,20.26955388703529,6.879072096187761,0.5440128215753758,5.465069411607209
IPO_Synth_0597,,401.00575977444794,4061.631144086667,0.5,0.5,0.5,1.5,,,,7.536760986320015,2023,1,1.0238159131088445,Finance,neutral,1.2,53.44813446773251,15.335460246201723,17.914290009564297,0.2521101100198387,13.411147395644964
IPO_Synth_0598,,565.6154792674166,71.9742,86.76457025451114,25.110884602638933,13.904896205883285,125.78035106303336,,,,70.18697713189712,2020,1,29.877655806714763,Finance,bull,1.2,80.58765315424768,19.449519533744404,19.352270970538374,0.6654092607619404,12.819577658012287
IPO_Synth_0599,,714.1307021271784,1738.28695292615,2.0,0.6008230794538574,0.6893995793657405,3.290222658819598,,,,21.004073396031192,2018,1,17.52093224201006,Tech,bear,1.2,62.35847846766312,22.803270699853883,11.865596226513484,0.4513928663257095,9.643957985469834
IPO_Synth_0600,,449.39360610536175,2837.518137689487,11.033859439042574,6.369176797920186,2.4814614515456337,19.884497688508397,,,,-5.924425819536735,2022,0,-11.559908198151144,Retail,bear,1.2,39.611136793832856,12.88102076039343,14.672926732251305,1.319694086426901,5.033440818086475
IPO_Synth_0601,,890.8597248537467,4886.504785894739,10.0,4.353758552948378,2.307309493161494,16.66106804610987,,,,33.306664744439196,2022,1,23.445639263633698,Auto,bull,1.2,63.4338251940405,21.83873342589091,17.176197529701895,2.084738194077696,7.5632402075433856
IPO_Synth_0602,,65.10902505721323,8479.61180972269,12.628643568462081,5.847892288753057,4.1343594404772395,22.61089529769238,,,,-11.206911561829749,2023,0,-0.20874676896415498,Pharma,bull,1.2,38.61744792702299,13.4581571617479,23.042672037710158,0.484865673215464,10.187576818267718
IPO_Synth_0603,,295.72128245530195,2582.515220244804,111.25515670317155,46.56291861194173,36.669784967657016,194.4878602827703,,,,61.333897506835854,2024,1,39.87325395017824,Auto,neutral,1.2,70.92862139028573,13.578254748982372,13.848676407573514,0.0,6.368466766578719
IPO_Synth_0604,,255.04799698585822,71.9742,1.4483938926870126,0.6992400810665405,0.5,2.6476339737535532,,,,10.185397458194824,2023,1,-1.2919352355585827,FMCG,neutral,1.2,56.26007966503835,16.023224105125138,19.01065151600243,0.0,6.856530641101597
IPO_Synth_0605,,635.9094366601645,71.9742,2.6568731211916443,1.5191329020552273,0.9155914490673155,5.091597472314188,,,,6.927969849447524,2025,1,-1.4873201509701428,Retail,bull,1.2,75.39327313973817,28.19251004442601,16.42333930676148,1.1463483247356054,13.147897289663131
IPO_Synth_0606,,40.04,71.9742,21.842474320737168,11.370527725952027,3.9800827550777216,37.19308480176692,,,,65.0621463383234,2020,1,24.002315942417713,Tech,bull,1.2,85.80382529999184,9.708924237290983,15.89742388659239,0.0,10.464751101325648
IPO_Synth_0607,,909.4296697495103,71.9742,72.51373503436135,24.083313314883537,11.463271883463706,108.06032023270859,,,,69.35108648889258,2021,1,28.80255833065046,Finance,neutral,1.2,28.763787610152026,17.216311871716865,20.987112649408978,2.5,10.369992209412402
IPO_Synth_0608,,606.7162445618508,71.9742,11.694259314600107,5.7961932757256065,1.254959853284672,18.745412443610384,,,,33.81572213574043,2021,1,21.988845875213595,Retail,bull,1.2,51.69937972468619,19.841296220514618,11.258599708635563,2.5,11.582378277753401
IPO_Synth_0609,,1012.6978468948842,71.9742,4.688250376666358,2.251797268092964,0.8747629847353792,7.8148106294947,,,,-28.108955212497605,2022,0,-11.559908198151144,Pharma,bear,1.2,38.22971997588625,27.003063809266894,16.036828801330323,0.286970734358383,9.5085314387673
IPO_Synth_0610,,400.9635349675556,3387.3998843284403,140.64281040742753,73.53771275699663,35.25329280290169,249.43381596732584,,,,15.892408268940962,2017,1,23.935284767074467,Mfg,neutral,1.2,96.0,31.68765234735789,15.122333752389165,0.0,9.821482585197923
IPO_Synth_0611,,226.8408205521474,1718.031687662526,5.409628819638483,1.6517490996027937,0.9539597092995543,8.01533762854083,,,,-16.334745737998354,2025,0,-10.094469955670732,Mfg,bear,1.2,52.07437690638538,17.467849678500365,8.218860190780783,1.1537840261344292,11.367956783485512
IPO_Synth_0612,,639.2802040080816,848.5883772103052,2.6191754810080528,0.8558511084236324,0.6414493395447964,4.116475928976482,,,,21.925968799691994,2021,1,17.38277365152435,Tech,bear,1.2,36.327979434965286,23.23615842336315,20.546625009569663,2.5,12.426949248498472
IPO_Synth_0613,,766.8484962237709,71.9742,0.5,0.5,0.5,1.5,,,,-20.064749898443278,2022,0,-11.559908198151144,Infra,neutral,1.2,96.0,19.432693817338812,18.730577294257515,0.0,11.494309089968777
IPO_Synth_0614,,170.7860620334818,4255.918993793939,150.56625973800695,58.377177013240285,28.385167776408654,237.3286045276559,,,,25.909905253345617,2025,1,21.950382093772348,Auto,bull,1.2,46.93068888036739,19.394171534573086,15.15245732055677,2.3980522355329246,14.381164352620068
IPO_Synth_0615,,40.04,2853.9873599987222,9.437032272146741,5.327354241322658,2.7084398377602787,17.472826351229678,,,,-3.5627268992576777,2021,0,-5.16622660257843,Finance,bull,1.2,30.806508032540656,21.639617252914746,13.823794525400286,0.0,10.07389109979508
IPO_Synth_0616,,40.04,1488.110925428922,10.234307698118371,4.466003097148391,1.2903590669050704,15.990669862171833,,,,-1.880272954660204,2021,0,-11.559908198151144,Retail,bear,1.2,39.148813717296,10.487213856577952,15.000998592940721,0.0,5.958485221404908
IPO_Synth_0617,,504.10746837857215,71.9742,72.53858502429188,26.14053938674538,20.217182891333206,118.89630730237047,,,,54.44213793309257,2022,1,27.73976386081653,Tech,bull,1.2,62.5774413463603,19.712697111814663,18.18317208975426,0.8089636352426564,13.264811685855113
IPO_Synth_0618,,940.9289306362144,244.32270639449987,40.03623802311477,23.148848497081172,11.643650153845615,74.82873667404155,,,,19.960058837461332,2026,1,17.52060331296421,Tech,neutral,1.2,60.82345371715657,22.704550335645322,15.238028088905091,1.516708641158832,9.264741425675387
IPO_Synth_0619,,40.04,2650.7114741307096,22.399494478161806,10.011539955071996,5.424942018529777,37.83597645176358,,,,6.321673542729597,2018,1,-0.9973620254481937,FMCG,bear,1.2,44.951953240219495,14.841406742944276,11.996248455898643,0.43356058547271437,7.693929922822702
IPO_Synth_0620,,321.78560701343866,1447.4121451591836,80.46812652040201,26.458421739185326,25.872263984207255,132.7988122437946,,,,22.66234999750159,2017,1,43.69820565347848,Finance,bull,1.2,51.26914038566754,22.74444874253199,12.673141918808478,0.9494194634168343,12.137048270212821
IPO_Synth_0621,,295.796662184137,2021.3732665994205,18.89840538184953,12.367201328827319,6.399772592375561,37.66537930305241,,,,12.158608234117336,2017,1,2.7538475006913723,Auto,bear,1.2,60.9554584611155,9.629270689378938,14.945440324846558,1.604412790622376,11.112315090381898
IPO_Synth_0622,,1070.8485941089027,3305.942262713107,2.0,0.9317587119406144,0.5,3.4317587119406143,,,,37.34595660545238,2024,1,12.98565779639407,Infra,bull,1.2,83.83042893602729,20.561399159588962,10.803330812027106,1.7201857384367065,6.16375658403938
IPO_Synth_0623,,1186.3605117846946,1924.546483100742,27.143784421383742,19.205182121262844,7.3225992445364,53.671565787182985,,,,38.921217939277255,2016,1,18.110776807830323,Pharma,bull,1.2,65.99902092848691,28.053073609498917,16.499956794460054,0.0,12.011890852047387
IPO_Synth_0624,,559.8091026388939,3212.8323758852503,0.5,0.5,0.5,1.5,,,,-6.07376234320572,2023,0,-1.1204902832008927,Retail,neutral,1.2,49.86301464131934,18.688459427300973,11.431426804408053,0.0,15.622950619989727
IPO_Synth_0625,,721.5662715997528,71.9742,76.83116622760129,52.87329683122399,15.523416539130691,145.22787959795596,,,,28.769641628537844,2025,1,22.48742749048033,Finance,bull,1.2,55.88834837464708,14.130939179452232,10.705478597420147,1.5535759956657134,10.970853922061599
IPO_Synth_0626,,712.069717126655,71.9742,0.5,0.5,0.5,1.5,,,,9.171149262711221,2023,1,0.745405495751715,Infra,neutral,1.2,73.85477875866998,11.449174094069726,24.0,0.9542137161956711,9.231448785788839
IPO_Synth_0627,,40.04,2764.309493525264,6.452099722985638,1.9482625606531587,1.7941229018129032,10.1944851854517,,,,10.757245249869872,2017,1,3.3817912787010354,Finance,bear,1.2,90.24120396392162,22.343146367032503,23.729331343076158,1.0887331075604854,4.992233451341082
IPO_Synth_0628,,653.4276382505867,3298.0353300198317,63.881682037935285,32.95276888542616,19.806370660015883,116.64082158337733,,,,16.517396102243648,2023,1,41.78204203146135,Finance,bull,1.2,40.11704500491928,25.568098459485366,15.647752684589625,0.0,16.0
IPO_Synth_0629,,66.53898010869628,2872.6256816866057,5.288954417743353,3.0508880299231684,1.4615852561929297,9.801427703859451,,,,-12.599230951903511,2020,0,-10.230342915797717,Finance,bear,1.2,80.05397175182365,19.66343352775666,18.829573202893663,1.1380565425397493,8.449119362976608
IPO_Synth_0630,,356.22788023246534,1864.281281524,21.63939223144356,10.770814835560673,6.369549660278798,38.77975672728303,,,,-30.44477454621374,2016,0,-11.559908198151144,Pharma,bear,1.2,54.36998992648805,17.217854866969855,19.59426616884394,0.0,5.776034512529897
IPO_Synth_0631,,804.1400914225487,678.3139675082667,116.56917042352764,51.88861459112284,29.115225225841346,197.57301024049184,,,,51.80986017807458,2018,1,47.155805096388114,Infra,neutral,1.2,30.763917041263372,8.414554875167532,14.660502849659341,0.7472414388155286,10.332534751947184
IPO_Synth_0632,,442.467761811228,2070.9537947986146,177.9442040755877,128.46166908226877,23.001916778224302,329.4077899360808,,,,52.56987649874512,2024,1,67.46512974515137,Infra,bull,1.2,27.199775139707203,20.744176170510098,16.27240088860468,0.6117708281895886,13.024746904823044
IPO_Synth_0633,,791.4192294083405,2509.0638498173175,3.9134995112573097,2.349705923854379,0.5,6.763205435111688,,,,3.447299690659563,2022,1,3.5196349360146293,Finance,bear,1.2,84.01514327336766,15.864399578645113,13.820233033128385,0.6186787787727883,13.707744323860346
IPO_Synth_0634,,858.6320454579254,2665.233405861222,18.934117630454416,13.877476346372942,4.401155404770697,37.21274938159806,,,,-13.918927547803204,2021,0,-11.559908198151144,Tech,bull,1.2,86.1604321507071,16.209398538453407,20.65051684380727,1.281197599088773,7.983341157495745
IPO_Synth_0635,,40.04,8307.983340367726,18.766325043333712,12.631897798329588,5.23365147626115,36.63187431792445,,,,16.348800838512528,2024,1,5.571045593580437,Tech,neutral,1.2,49.75651468859118,29.698495620211304,20.712448621856037,0.0,9.704422797134988
IPO_Synth_0636,,40.04,71.9742,31.80805574549064,20.94769446929776,4.046506251026144,56.802256465814544,,,,16.47489767366318,2021,1,6.09611998456159,Auto,neutral,1.2,56.181396318340184,9.190347863723186,22.028634954114786,1.1769261333226684,10.001238388567272
IPO_Synth_0637,,811.776382243756,9918.818332953524,15.517633406225706,9.509456285854176,3.217177626100565,28.244267318180448,,,,9.373429324362602,2026,1,8.180293802041593,Mfg,neutral,1.2,27.91753881967058,9.993454025846544,16.19699356391438,0.5206509496360334,12.929673928026942
IPO_Synth_0638,,825.5473853197133,71.9742,19.301644806377134,11.060607225924915,3.166325760537665,33.52857779283971,,,,-21.311156922082716,2016,0,-11.559908198151144,Tech,neutral,1.2,73.71673702290204,21.387954373387245,24.0,0.0,11.778502389491479
IPO_Synth_0639,,502.47116659688476,2525.641383984695,110.9998375034996,76.97073337661791,26.83679285399014,214.80736373410767,,,,30.131093403083106,2019,1,24.83403520453174,Tech,bull,1.2,59.48915129693472,17.688134016283147,14.65642000609047,0.0,10.811873912783087
IPO_Synth_0640,,548.7975130381328,71.9742,76.14653464807299,42.39114791579551,15.048511306709521,133.586193870578,,,,34.471654635314486,2018,1,23.642522411321814,Retail,neutral,1.2,32.05900952576496,16.887195977867584,24.0,2.3886756152278137,12.74447935499029
IPO_Synth_0641,,719.8745101862966,2318.9034836639626,0.5,0.5,0.5,1.5,,,,-32.06377106694571,2020,0,-11.559908198151144,Auto,neutral,1.2,63.68533363952617,21.635907493667254,12.915151292862554,0.4305495060371884,5.913796583722673
IPO_Synth_0642,,713.5077650612409,4078.1720369061522,128.07332075944953,69.32375240525377,12.947979434884036,210.34505259958735,,,,59.42874792611634,2026,1,27.423273731733257,Auto,bull,1.2,34.99015639087721,21.535454293108714,9.161518602438852,0.14503243705809388,11.262623695799888
IPO_Synth_0643,,310.91715279232216,1606.5817080668658,33.2101956555051,10.010136666106433,5.990497396989421,49.210829718600955,,,,67.24710225507484,2020,1,56.7164292764979,Finance,neutral,1.2,70.03494024130292,14.158176127146602,24.0,0.0,10.664788998909518
IPO_Synth_0644,,741.3269659546701,4054.635277196644,8.444649216046868,6.119419572812618,1.9341669884465957,16.498235777306082,,,,37.90805143964391,2019,1,16.0124485180995,Retail,neutral,1.2,40.50948708508256,16.44980987799428,17.971697051202163,1.5886541381221144,9.849979941737816
IPO_Synth_0645,,296.47177380139027,418.9543091452183,4.596804536311042,2.6355065754947655,1.5275285856140355,8.759839697419844,,,,8.583901929299714,2016,1,4.9901295548744535,FMCG,bull,1.2,66.06724503116135,20.29734689693933,17.33605126614671,1.5110845063231662,9.250976779042182
IPO_Synth_0646,,498.0156867558139,71.9742,25.410822043265963,13.412419924225956,3.9861703376735527,42.809412305165466,,,,6.649766226955581,2020,1,9.217426092600983,Finance,bull,1.2,48.24541547183204,21.00245415509733,13.377819318264901,1.3185001785344097,10.402448841624988
IPO_Synth_0647,,483.14691904184593,3153.0536527312,124.24690028510096,43.35105634776208,28.33621605384043,195.93417268670345,,,,46.46287235463706,2018,1,25.606585302635814,Tech,bear,1.2,24.0,22.899522128868522,11.196829106251576,0.43896685091744136,8.28943571614844
IPO_Synth_0648,,121.24988237411203,1601.5206794738122,0.5,0.5,0.5,1.5,,,,-23.821289674456487,2018,0,-11.559908198151144,FMCG,bear,1.2,77.93090350682947,16.501016502030215,11.623867464247732,1.2512579397250794,16.0
IPO_Synth_0649,,161.02816943215933,273.3676540867665,29.36079800304008,12.368691307365953,7.701540323059935,49.431029633465975,,,,29.987345802791822,2017,1,15.848621212513512,Retail,bull,1.2,78.91681900398206,22.082295214546022,15.623462779107085,0.0,14.076922690303562
IPO_Synth_0650,,1177.961983644367,453.10657052841617,9.980143974961864,5.865261591452475,1.8177992692599034,17.663204835674243,,,,-10.777641632732834,2022,0,3.840062116673304,Retail,bull,1.2,50.60789939856444,25.702086442565363,14.324097009977711,0.7176145769854623,13.278729898740114
IPO_Synth_0651,,110.16656562610291,2580.076565571852,161.56232896450075,89.21550950437316,20.17436150805678,270.9521999769307,,,,62.74117532463864,2023,1,52.282704096096566,FMCG,bull,1.2,64.93965081724106,20.281155624463747,6.267390099621399,0.4456762198989412,8.410968020736671
IPO_Synth_0652,,541.194922890996,71.9742,38.154099739944506,19.06383119148151,12.603789444977833,69.82172037640385,,,,14.399822714333606,2024,1,8.521190469325585,FMCG,bear,1.2,67.88720312664196,19.383029273907848,22.62191645969577,0.7670470690061715,7.128421642897981
IPO_Synth_0653,,612.8732591539954,2498.508616394406,10.0,3.763705007221754,3.3818885721339864,17.14559357935574,,,,29.79927254996936,2016,1,48.3883708432289,Auto,bull,1.2,68.46881013839831,18.586739926232166,13.111298386096543,0.0,9.364143454881702
IPO_Synth_0654,,396.3025699360248,4615.714854443108,10.979355958052322,5.6309994751003964,2.3008095104840773,18.9111649436368,,,,-5.115058338860449,2026,0,-11.559908198151144,Finance,bull,1.2,91.06077299162312,16.295675622604353,20.57284269104575,2.369688333577255,10.34247893956275
IPO_Synth_0655,,644.1935216069944,6883.997766881188,69.31485099895886,33.32993817079651,16.99210184466142,119.63689101441679,,,,51.77040676449687,2021,1,25.000641323156195,Pharma,bull,1.2,67.50236652216415,14.372124611499043,11.824583705224578,2.1185311353370655,5.654829897463293
IPO_Synth_0656,,527.198102404678,5177.6610234183445,41.81827121159589,28.253801471347316,4.485285517771821,74.55735820071502,,,,31.637222619403964,2022,1,19.203448397016913,Tech,bull,1.2,53.56217170519791,18.21117007436144,15.696791296031423,0.0,11.439930434325964
IPO_Synth_0657,,117.55650301968059,1942.7838298453942,15.212810636018178,10.605894968440541,1.7008517154376552,27.519557319896375,,,,-10.275820875107271,2025,0,-6.517778077813522,Retail,neutral,1.2,67.70249094551515,22.70479353259239,19.375400893044944,1.0773616654772868,13.246448834931998
IPO_Synth_0658,,598.1912579202992,2192.4563922910584,23.67928158851758,14.909057655117795,2.8217854908571582,41.410124734492534,,,,9.564732231469064,2019,1,16.130093583329312,FMCG,bear,1.2,52.26093586727269,14.665071704834372,18.75455665221067,0.0,4.0
IPO_Synth_0659,,228.75809944753456,479.9506426686774,38.18795137084375,15.650185402355705,10.871597223794529,64.70973399699398,,,,25.501424803857304,2021,1,38.53295589376694,Retail,neutral,1.2,40.82002801949037,19.547597016435077,13.794177049041327,0.583863875828613,7.298895649042227
IPO_Synth_0660,,1009.4099846265141,309.73190519215245,9.07823938494526,2.4424526930519974,1.423546215150858,12.944238293148114,,,,10.942040812492891,2016,1,5.283030275505268,Infra,bull,1.2,81.95532612467416,18.851380324639408,17.291822604201858,0.0,13.683502205055511
IPO_Synth_0661,,561.4051927304612,3791.6123610931963,14.130660530104347,10.070469290712946,2.064656326403286,26.26578614722058,,,,-33.80691395862452,2021,0,-11.559908198151144,Mfg,bear,1.2,69.614888779952,30.666834866688767,18.041760010475617,0.2078355952969424,11.12189593910942
IPO_Synth_0662,,175.65957422223164,721.342756370662,4.597025402891529,3.429409111150146,0.5,8.526434514041675,,,,35.502543166953586,2018,1,11.91065349151674,Mfg,bull,1.2,26.490848397819278,24.33666831477048,14.334317058423073,0.012241062864014718,7.401031377947056
IPO_Synth_0663,,531.7433415712607,2474.7043464328467,0.5,0.5,0.5,1.5,,,,-13.82506362389755,2018,0,-7.240121899646438,FMCG,neutral,1.2,47.69402156546991,24.23938579003315,9.98826768447719,1.656741720036867,12.206085587000905
IPO_Synth_0664,,98.9049301579584,71.9742,13.561729239066082,8.039501748022962,2.730599095677557,24.331830082766604,,,,12.581018854215866,2022,1,4.881574549717296,Retail,neutral,1.2,73.63753774059732,25.520268937057466,12.18944868248433,2.1684772389746962,8.21735591683974
IPO_Synth_0665,,502.8757625899811,5088.604529845115,18.771966588744995,8.683409926953109,4.419286663007692,31.8746631787058,,,,31.898616625895013,2017,1,10.524980125102706,Auto,neutral,1.2,31.8511574596564,16.72583399783788,13.293469841821615,2.190987836147629,9.291635341593699
IPO_Synth_0666,,337.7269228383788,682.4377291669243,9.262237954307064,3.003375153921552,2.2670697782209106,14.532682886449528,,,,-19.661044703620743,2026,0,-11.559908198151144,Auto,bear,1.2,46.44720253494745,28.26055222320617,15.117264506649695,1.658258779050844,6.583367965452605
IPO_Synth_0667,,132.37462531046464,4353.70911864828,3.926217199624165,2.9409355669462593,0.8420864088255979,7.709239175396021,,,,-8.155021063977706,2018,0,-11.559908198151144,Finance,bear,1.2,96.0,20.95503215865848,22.165712016485617,0.5824176359043316,10.050744187519443
IPO_Synth_0668,,128.08081438942293,71.9742,151.6895203906784,108.70289877169398,32.59660927943713,292.9890284418095,,,,27.118256060915197,2016,1,22.72399405883754,Mfg,bull,1.2,54.04049004830855,19.732008403718257,19.08367095715468,0.8882975575607459,13.054570798827868
IPO_Synth_0669,,1246.561084881948,71.9742,8.375909999409641,6.2090992560349365,2.4146537900782237,16.9996630455228,,,,10.836039285594293,2020,1,0.9777108061988021,Finance,bear,1.2,79.48848818548247,12.711623404175576,11.327713092137966,0.8834372743169733,8.567486126590019
IPO_Synth_0670,,446.04039276720124,4978.55022106898,1.3256944734560463,0.5,0.5,2.3256944734560463,,,,-8.037293187545949,2020,0,-11.559908198151144,Auto,bear,1.2,87.00840596860982,17.59031714858652,23.264350327860523,0.0,11.936371663046282
IPO_Synth_0671,,267.3461121910467,71.9742,63.73464981857925,31.60998113396075,10.161180453467054,105.50581140600706,,,,23.91634212042664,2023,1,29.276913631709018,FMCG,bull,1.2,43.64704627007829,9.404366638390432,14.645266461814076,1.645925988574339,9.85027036301635
IPO_Synth_0672,,208.19047399516145,71.9742,2.0,1.395774163321364,0.6271620940159154,4.022936257337279,,,,21.869985291363815,2023,1,18.185580675533515,Tech,neutral,1.2,64.7945751803451,18.510895581561254,18.02528548200084,1.1900575972165595,13.237021346290456
IPO_Synth_0673,,575.7657423655261,71.9742,2.061648388702416,1.2113817581051973,0.5614197435124312,3.8344498903200446,,,,-17.633033405618892,2022,0,-3.159426096096996,Retail,bull,1.2,96.0,16.54219505114871,10.774559198812737,1.2365025695227247,8.610887608340086
IPO_Synth_0674,,196.72089861539567,3751.727297648325,17.70543656037055,8.273766468693525,3.8813258215385393,29.860528850602613,,,,-20.066785906037047,2022,0,-11.559908198151144,Tech,bear,1.2,68.27144525654249,17.609891932242824,12.96493498818986,0.0,14.665059497279255
IPO_Synth_0675,,40.91611737684725,3501.616216807685,137.12757755826422,69.70840918462744,23.154156899160117,229.99014364205178,,,,34.963982143138,2024,1,30.37990973770291,FMCG,neutral,1.2,96.0,11.684266284554385,19.670723028066078,0.9527489768798605,12.04476651296976
IPO_Synth_0676,,403.74978775926763,71.9742,18.976251668634294,5.110319799968764,2.5455779122843962,26.632149380887455,,,,35.005438543515375,2023,1,19.851655367328625,Retail,bull,1.2,48.53595089740942,24.22162094211707,11.045074218361673,1.5056411971371948,10.732039002870799
IPO_Synth_0677,,401.16921206354505,71.9742,30.912243889768906,17.179745028675395,3.380417679122466,51.47240659756677,,,,71.22402042311447,2017,1,63.85673419280598,Finance,neutral,1.2,92.34774739540562,23.555195796086505,15.248270800403217,0.4847567444071345,10.841522178796472
IPO_Synth_0678,,272.36885366286856,3273.58692037949,166.39855893615078,113.12735127102364,52.0979477078248,331.62385791499923,,,,17.153448525029503,2021,1,21.38478123959123,Pharma,bull,1.2,60.300131789523185,30.13867447546293,17.119098365873178,0.0,8.605040644002637
IPO_Synth_0679,,110.36928769779163,4947.025472659645,113.05279890725699,28.421113376611007,28.07625283171033,169.55016511557832,,,,24.877256433242547,2023,1,20.68170785995328,FMCG,neutral,1.2,54.10535879385619,29.968807020015127,10.39678439848668,0.0,8.411984533596234
IPO_Synth_0680,,281.2717336381441,1342.6904823073962,2.0,0.659964677647724,0.5,3.159964677647724,,,,7.539620348721141,2018,1,8.677987664669072,Mfg,bull,1.2,71.52073244795028,20.937234167384194,7.001108146365705,0.0,10.786577240391477
IPO_Synth_0681,,254.4006248273194,2964.4171591026084,32.71125820502423,16.649868865540096,4.56802415065198,53.9291512212163,,,,66.7776018154516,2025,1,29.968005024786333,Infra,bull,1.2,57.993747670414365,26.140416602155653,19.08323002401051,0.6543326924573588,6.403799682707387
IPO_Synth_0682,,207.01351411784958,3795.2597694428678,192.3703281929969,102.04902779884785,32.68200032321737,327.10135631506216,,,,76.14863357151026,2021,1,25.819299268981815,Tech,bull,1.2,58.47776216934781,21.56783496585071,24.0,0.26524636379172906,8.194924304362543
IPO_Synth_0683,,509.27058658612407,7125.896459466593,88.77740906266962,37.43531806540077,14.716444395075772,140.92917152314615,,,,42.31296420279109,2019,1,39.381483752574695,Finance,neutral,1.2,68.7334671442984,17.435881959592386,17.064897805681895,0.2512249942899173,7.188234510493613
IPO_Synth_0684,,1175.269982123405,71.9742,9.834518555146282,2.5959907197039076,2.3317421952575264,14.762251470107715,,,,0.39015654940569844,2020,1,1.0079192164711264,Finance,bull,1.2,27.46078722048376,18.331280129012015,17.928361672249057,2.028924006660309,11.715463448990024
IPO_Synth_0685,,869.7341747707497,71.9742,0.5,0.5,0.5,1.5,,,,15.967633059465134,2022,1,2.867362409956956,Retail,bear,1.2,45.62418866239553,23.833523203318805,11.021675067239832,0.0,11.76108194653944
IPO_Synth_0686,,1078.1542272379463,203.45448084923973,13.960497238611737,5.185802030878308,4.475095340775325,23.62139461026537,,,,8.433195179311989,2023,1,1.921669030663246,Retail,bull,1.2,73.00757508887972,32.0,21.613536251226606,0.15429803295623673,13.80346666512646
IPO_Synth_0687,,220.9067883698537,3675.76188626191,64.35294425051094,36.82845964981124,18.00934360241013,119.19074750273231,,,,94.76466702839144,2018,1,29.405854079317862,Infra,bull,1.2,77.84754758836593,27.001243008952425,13.304552615307514,2.1941091743623033,8.996040503022293
IPO_Synth_0688,,986.8718295690587,866.0459386554294,162.31574489669597,85.95809611646315,53.18813333698144,301.46197435014057,,,,68.8555037400413,2017,1,44.71964621346036,Retail,bull,1.2,66.43009875119985,21.47844388694987,20.23672794684142,0.18790777539346215,7.576695734975873
IPO_Synth_0689,,492.45628047545387,2334.5264531687612,14.906893402028178,6.937952034889212,4.706175657836933,26.551021094754322,,,,0.18016810593841637,2017,1,2.3602083170926176,Mfg,bull,1.2,64.96566990334226,22.902749350337405,17.732839475443814,0.5662877144001484,5.592110717584982
IPO_Synth_0690,,751.7498614528128,1838.9203084677872,12.023723315147011,6.554669660414065,3.971944214575216,22.550337190136293,,,,-10.585551239566627,2021,0,3.0975054870542906,Retail,bear,1.2,67.24215821043,22.8492106559726,17.84263618041296,0.32490714055505937,10.812850555006042
IPO_Synth_0691,,571.1672646661895,1526.2927669021565,39.90426739085153,23.843572790916326,13.767086478689917,77.51492666045777,,,,3.7306353274782484,2026,1,19.088243380378966,Tech,bull,1.2,77.24037154532633,19.458265509004487,17.66987779021482,1.2057845358677048,14.190382727901731
IPO_Synth_0692,,297.56687464911755,1801.3173379269763,2.0,1.072244317945962,0.5,3.572244317945962,,,,8.493561313001779,2026,1,6.971815464852379,Tech,neutral,1.2,34.327895930528825,24.53882013043034,17.52645807956244,0.0,9.776162752380895
IPO_Synth_0693,,660.5922651338553,4202.534731482279,38.3338418530747,20.269506334914354,5.842849962253322,64.44619815024238,,,,33.671625992653404,2022,1,32.89578310082838,Auto,bull,1.2,50.829468179157026,19.06721940427413,16.275256026028984,0.2966452894729764,10.079893665285661
IPO_Synth_0694,,580.467483458426,71.9742,6.542042631688516,3.061930263256996,0.9243127117537154,10.528285606699228,,,,-9.217815522236341,2021,0,-11.559908198151144,Infra,bear,1.2,58.66027651448254,13.930929824785704,19.361683780674973,0.5544446926576896,9.98135763326066
IPO_Synth_0695,,40.04,1135.3494758121983,5.743981497823318,2.6710505447083874,1.47633028029406,9.891362322825767,,,,-4.277920657298637,2021,0,-5.601378043868537,Finance,bear,1.2,63.52421452262918,22.889970534990375,11.732780564551627,0.0,10.762031056578161
IPO_Synth_0696,,372.4230094501864,71.9742,0.5,0.5,0.5,1.5,,,,-2.8580281583280773,2018,0,-4.642850212362943,Auto,bear,1.2,24.0,23.692022848256773,13.925308332788783,0.8435917468417233,12.991147536474541
IPO_Synth_0697,,712.8229795189452,2111.48387427134,9.43035094119172,4.489214417494279,1.1501196931694955,15.069685051855496,,,,-34.978161674204294,2020,0,-11.559908198151144,Pharma,bear,1.2,37.36691575251725,19.125168471372145,21.60639778587991,1.2863785744906806,15.757565972615453
IPO_Synth_0698,,509.58537326916786,1012.8224230433261,17.482951196584462,8.20846048991627,5.336983783303027,31.02839546980376,,,,-3.6784390687640887,2026,0,-8.564988042025512,Mfg,bear,1.2,59.70011143036915,21.8591481130225,15.778078590253877,0.951937540326352,11.494917887394594
IPO_Synth_0699,,575.1867093551185,4304.940448039892,16.981934974891104,6.031729178702003,5.022689726984163,28.036353880577266,,,,-0.1,2022,0,-7.515698999191436,FMCG,bear,1.2,78.2365329312031,25.765338111838894,13.533270799310145,2.2792785282381622,11.692812723695484
IPO_Synth_0700,,158.1463667348149,1509.2166180944093,16.61811335632504,10.177247707613473,4.2728241015098165,31.06818516544833,,,,13.665804769863712,2018,1,7.9383106826377965,Finance,neutral,1.2,52.457280967865735,19.68913951707537,19.656912201015285,0.06664025656270672,9.28220537837839
IPO_Synth_0701,,502.33999426341813,366.48717151237514,168.65895144366488,53.376549859977956,35.23338115014733,257.2688824537902,,,,69.55211142739715,2016,1,36.37836023525082,Mfg,bull,1.2,47.99597830694664,17.317975655150775,18.768440784910315,0.9985763721241347,9.676563363245023
IPO_Synth_0702,,381.9128166870768,879.6011703204605,34.963192312279816,24.626506710032782,4.839406562146327,64.42910558445892,,,,16.547551881708248,2024,1,6.98698373362622,FMCG,neutral,1.2,69.51603204364984,15.74410337862392,9.150812827436877,0.9760440248331392,9.63607421423076
IPO_Synth_0703,,345.32534727199084,6007.730626740597,8.329352958070148,4.684620556534538,1.8857494151729939,14.89972292977768,,,,-1.4100764169775626,2025,0,-10.018843149674275,Pharma,bear,1.2,54.09472250520233,18.477287204759463,18.284691888578656,0.2643838491937168,8.901559041278064
IPO_Synth_0704,,182.7977264566276,71.9742,40.17829771740396,11.026947451550077,5.6166176076742005,56.82186277662824,,,,44.84164461721005,2017,1,11.058109979059143,Finance,neutral,1.2,75.85617243396263,29.209351425469443,15.618019573546674,1.633398949621132,10.38257828398142
IPO_Synth_0705,,727.3260873969422,71.9742,62.56050188514455,36.25377017024036,15.717994294771627,114.53226635015653,,,,50.50027525220962,2020,1,34.99772254317646,FMCG,bear,1.2,56.01613643475253,18.809844735931733,18.203556965696784,0.7882366857983631,11.87462339234813
IPO_Synth_0706,,532.8292527426714,1615.4977048973192,22.242585579638657,9.58115234481117,3.9478628181839865,35.771600742633815,,,,-15.396269860876332,2025,0,-8.83163429171473,Auto,bear,1.2,39.92611453100489,22.156700537327616,15.048171717877478,0.0,10.190669880980403
IPO_Synth_0707,,498.3561364915398,71.9742,7.846881225369129,5.609597457031651,1.2698338391838822,14.726312521584662,,,,-12.25687145033776,2018,0,-7.416548718924521,Retail,bear,1.2,85.57073294501308,18.053129757513886,17.08935403673046,1.2505956281138544,9.158439423852844
IPO_Synth_0708,,1115.3410328021082,2798.983152601482,81.08539890054377,58.22237683665521,17.049246659875376,156.35702239707433,,,,29.202035655921684,2017,1,24.379274588202364,Finance,bull,1.2,82.27069679016485,17.538614085036357,6.760503635295492,0.0006259558077053029,10.37799619535555
IPO_Synth_0709,,576.6651605667352,1374.7432754323165,53.72529558129694,36.15520007315044,13.172271268564545,103.05276692301192,,,,24.475089612150963,2020,1,7.496118464731156,Infra,neutral,1.2,42.8013694031469,14.724186889981304,10.972791780391717,0.17724911277259986,7.120430737185943
IPO_Synth_0710,,824.894723344452,2188.0829496769366,28.11370958513608,15.010596955451067,5.394065464125399,48.51837200471254,,,,101.60972660320297,2020,1,26.30408495425991,Mfg,bull,1.2,67.12266477554991,20.60164357344225,18.330455245428965,0.25130923917296916,12.410020843984743
IPO_Synth_0711,,508.0520677779038,1828.4700024568965,22.825027586490968,16.196384977087003,7.781071312003581,46.80248387558155,,,,28.558158042576895,2021,1,11.99540709986289,Auto,neutral,1.2,54.119951203983156,16.897481998583633,24.0,1.2352913442509994,8.760522733690156
IPO_Synth_0712,,294.1863802796383,1253.5507860300224,119.16735330823013,68.50979935197083,12.09243674681336,199.7695894070143,,,,59.407509650114804,2026,1,27.476664491240676,Tech,bull,1.2,71.14315428150839,27.641987465238948,16.652738847743247,1.578985871339564,6.535093733815085
IPO_Synth_0713,,53.03580244201754,71.9742,2.151427280847023,1.479245082312973,0.706131252762235,4.336803615922231,,,,-20.300939940450327,2026,0,-10.111136193201284,Mfg,bull,1.2,44.237607868326414,19.354986536006063,11.882378860552912,0.34051269317308264,11.385234951289357
IPO_Synth_0714,,497.27752909278064,1980.1281141381187,2.0,0.6600531992711424,0.5,3.1600531992711423,,,,41.27207549803343,2022,1,12.029216066799455,Auto,bear,1.2,75.69315964413282,19.732815754835975,15.609346011380532,0.2831596143776368,11.534148423352265
IPO_Synth_0715,,40.04,71.9742,6.648542213432462,4.667876044559092,1.0250588394328863,12.341477097424441,,,,8.050639077480104,2016,1,7.730857506136023,Infra,bear,1.2,81.50912674381017,18.918910620377996,10.979590713626504,0.0,7.420203933318758
IPO_Synth_0716,,507.89297361492635,71.9742,13.416686993749174,7.792349381918287,4.683601829302983,25.892638204970442,,,,-18.530935187150664,2018,0,-11.559908198151144,Retail,bear,1.2,42.94783070263754,22.226384863457135,20.62420528934787,0.0,11.870706884770824
IPO_Synth_0717,,522.5577024853358,2795.1402153538006,2.646784698251259,1.063046564133915,0.7464563946517494,4.456287657036923,,,,-33.34343749040726,2017,0,-11.559908198151144,Auto,neutral,1.2,61.218602640923564,28.945458583231993,15.216359121702746,0.0,11.901698994268356
IPO_Synth_0718,,340.5040871721356,4618.449280214228,195.4992707041681,146.41072610735182,51.04966748044493,392.9596642919649,,,,57.169389242132326,2016,1,27.13222911950009,Pharma,bull,1.2,81.88737008490993,13.761343598292015,19.739436154171663,0.8111935851441405,15.92464213578641
IPO_Synth_0719,,383.2710473680619,7637.146258039927,18.07912400482083,10.728911212567619,5.089693208482664,33.897728425871115,,,,15.929332415862168,2020,1,4.695199562384894,Retail,neutral,1.2,41.97547323317836,21.666858442793547,14.309452624016103,0.39293152318641594,9.294924649652204
IPO_Synth_0720,,40.04,407.05430137124864,9.893501722710875,6.96708334816087,1.999219929684203,18.859805000555944,,,,-5.393873136001041,2016,0,-9.834156400533285,Pharma,bear,1.2,47.96112099627418,10.587318069972918,20.138822444666317,0.0,9.836870278508764
IPO_Synth_0721,,888.1246254116259,71.9742,10.761001044806797,2.720303159736437,3.1858205390181524,16.667124743561388,,,,45.54159001056766,2022,1,10.209187703994262,Finance,bear,1.2,71.91128411452516,27.339249460204993,7.693820693511072,0.6527032972762051,8.179609362439558
IPO_Synth_0722,,299.6219437488246,2881.240755596158,171.2493024088675,90.10610926667759,23.755190891558975,285.1106025671041,,,,39.38575300409872,2019,1,36.70414722694228,FMCG,bull,1.2,57.10759565893054,19.35117391444069,15.110150858677843,0.4323442585973917,11.481026015564439
IPO_Synth_0723,,82.76899447212865,6389.176551934753,11.092282579468797,6.724877248746545,3.310747932617151,21.127907760832493,,,,-29.748882121496877,2023,0,-11.559908198151144,Tech,neutral,1.2,31.645054136905735,11.030524001234049,17.42814881875813,0.0,9.986186872059102
IPO_Synth_0724,,600.8705788493683,5511.404678913518,9.401821241952023,2.415031198445326,3.1484975983373995,14.965350038734748,,,,-24.67818984579084,2021,0,-11.559908198151144,Auto,neutral,1.2,54.236047066341094,12.345361164110653,13.792421058094503,1.6079205286932547,12.963787048054611
IPO_Synth_0725,,452.65480105097265,71.9742,2.0071093250074483,1.2670471970591248,0.6310787513977404,3.9052352734643137,,,,-5.138942613237476,2026,0,-7.683004214684153,FMCG,bull,1.2,91.4359284355717,24.88334034255489,16.617795203516284,1.5108907230112403,8.698148844573279
IPO_Synth_0726,,292.42000707041996,1156.0350013473326,65.02275189094314,37.43516508980734,18.525972851610568,120.98388983236106,,,,60.24005348827257,2021,1,43.91463315025256,Auto,bull,1.2,96.0,10.01220832083677,16.541448104274124,0.2620802848880745,11.415567479368331
IPO_Synth_0727,,256.31487131120986,3735.221057562774,64.72398751587693,25.072767073469407,17.012333022888154,106.80908761223449,,,,11.04830772878534,2017,1,18.406709184471374,Finance,bull,1.2,48.53244458859715,21.66973204304725,19.719750120310444,0.8525974996148464,9.286465773173983
IPO_Synth_0728,,412.89598844338235,3915.7185727066335,129.020547911433,76.69916420715792,29.709953961681144,235.42966608027206,,,,29.069359678169423,2026,1,28.897586241436105,FMCG,bull,1.2,43.56056884950645,17.428721065811374,17.796868740575846,0.17472822638568297,4.472559829505059
IPO_Synth_0729,,874.533728784394,3062.3486683800315,13.089989970774878,4.129244136510723,2.6023661884138525,19.821600295699454,,,,-18.987627292468222,2019,0,-11.559908198151144,Infra,neutral,1.2,51.75578477639097,18.831449203622636,16.768176550278415,0.0,11.884122055462935
IPO_Synth_0730,,575.2124784142399,353.70819560309326,14.921289600842558,9.878171242558851,4.7212959408914905,29.5207567842929,,,,-18.67727744338554,2024,0,-11.559908198151144,Finance,neutral,1.2,92.43420758220758,15.956923895818433,18.957586417893125,2.5,4.755850535755098
IPO_Synth_0731,,403.06870540695417,3039.1911299954018,115.70126024807014,79.03698392468816,30.29806928610743,225.03631345886572,,,,52.76673442788002,2024,1,21.98266369501792,Infra,neutral,1.2,75.15768664441761,14.282900317157045,8.911267009170354,1.2497652183428545,9.521547193866066
IPO_Synth_0732,,706.0014046422866,3940.8099518029517,35.8373956378134,17.65846332116418,7.480163216973916,60.97602217595149,,,,44.349498928002554,2026,1,13.551975200631453,Mfg,bull,1.2,86.3535323866504,17.075380199365046,11.614155368100601,1.4406029339138455,9.56839768174624
IPO_Synth_0733,,424.2265893132672,71.9742,82.05159458853917,41.33111816794734,24.303512431644524,147.68622518813103,,,,5.248177610247228,2023,1,24.166956550793724,Retail,neutral,1.2,77.97627162416738,23.431821010034906,8.766334215334457,0.21545555584441817,9.974891758188575
IPO_Synth_0734,,551.986646627389,4984.287394109824,10.615457169590297,4.787859716209452,1.2051297378860628,16.60844662368581,,,,17.55480291910253,2021,1,8.229051586384847,Finance,bull,1.2,36.25144468394918,18.244498105792495,17.4687084750823,1.6259767520038988,10.141932318594847
IPO_Synth_0735,,466.4451751377413,4103.77628945102,45.34704714154159,19.166700038691967,13.7528439650922,78.26659114532575,,,,9.456400653654907,2020,1,18.310545067257422,Retail,bull,1.2,42.920739066805446,22.527396230116445,16.862162628733437,0.0,10.112402821268288
IPO_Synth_0736,,616.2827096660039,71.9742,18.69441716329889,12.832766573830698,5.658342869449324,37.18552660657892,,,,24.36158059947403,2020,1,15.712886392745379,FMCG,bull,1.2,47.46888339924657,18.54656098801065,21.233827816633777,0.2545129156496804,11.089218005330375
IPO_Synth_0737,,263.1087369050034,3929.250383027433,35.26472585568756,14.191815946372103,5.54122936326194,54.9977711653216,,,,82.10149305290781,2024,1,29.123755791887053,Tech,neutral,1.2,50.604455563169815,23.66746808365056,16.582496935247146,1.239812557465597,9.673807351888602
IPO_Synth_0738,,40.04,3638.2523234604337,118.24457034423212,53.37855586850371,12.938072275252292,184.56119848798812,,,,70.10953724056527,2022,1,29.756607996288242,Mfg,bull,1.2,47.7904741269072,22.48965349167575,12.157343450327573,0.0,16.0
IPO_Synth_0739,,724.5885489205303,3737.265322871636,13.19652146797982,5.278056289308458,3.6742677360522182,22.1488454933405,,,,-18.058508603848775,2016,0,-11.559908198151144,FMCG,bear,1.2,49.88463234289073,16.75567490438408,15.603003653051154,1.4107123002293989,8.972821807559521
IPO_Synth_0740,,928.8842493408853,5623.924991047404,0.5,0.5,0.5,1.5,,,,-3.5213659181666808,2020,0,-11.559908198151144,Mfg,neutral,1.2,71.52882594048559,14.277934101695823,6.560603707041326,0.8037524750317153,6.332172570129977
IPO_Synth_0741,,41.850997828195474,1494.5398224044652,105.60332120394487,69.39291027624441,36.85613439330575,211.85236587349505,,,,10.97498688622707,2026,1,33.971247184834695,Tech,bear,1.2,62.44433427456697,25.733915809764202,13.162981759985627,0.70961738293956,5.7699608801635405
IPO_Synth_0742,,476.065578227156,2384.6992478955203,31.57500432603368,10.488203304850213,3.2299843696685295,45.29319200055242,,,,53.09791213334135,2018,1,37.99635205787218,Finance,bull,1.2,81.95600540706754,15.119668764311175,6.0,0.0,11.974770534126497
IPO_Synth_0743,,261.4943971941439,71.9742,6.135199291840881,2.3152478745213156,0.9659748293414684,9.416421995703665,,,,-8.908028922143401,2021,0,-9.798288754500541,Mfg,bear,1.2,64.53308967282483,23.00470984878485,16.478342876128654,0.9043763245521753,5.22509434812635
IPO_Synth_0744,,716.5717148796356,4426.183978947864,4.3334635263072165,1.308939360435172,0.5,6.1424028867423885,,,,-4.246784085738796,2025,0,-11.559908198151144,Finance,bear,1.2,47.82702379000482,20.18655715793103,13.743157006806518,2.432545948587558,6.370757373604002
IPO_Synth_0745,,499.07276982658175,4175.687296242456,27.194813900940538,8.976789925866429,8.04052565861217,44.21212948541913,,,,38.67215504526819,2019,1,14.434142722611279,FMCG,bull,1.2,63.39231512672645,17.221624373521788,14.404759474100015,0.6752864051986025,5.938722841861539
IPO_Synth_0746,,1482.4,5051.4389414128,75.26820814031439,34.129677434079596,18.416164002733005,127.81404957712698,,,,79.4445399319048,2023,1,32.43662374220517,FMCG,bull,1.2,32.79641166354906,22.576802961758034,10.807871119791107,1.0559655091927334,11.371426350199286
IPO_Synth_0747,,311.85668364331616,71.9742,55.48714108048102,35.39736384416583,17.318015787023448,108.2025207116703,,,,86.82087324307291,2024,1,51.19558008769087,Mfg,neutral,1.2,24.0,28.207268831472412,11.990145572653786,1.2035223598534137,13.992122149069058
IPO_Synth_0748,,939.9393391491898,4025.9117881258094,134.44218894272146,70.01869760960909,45.79818105897206,250.2590676113026,,,,38.49210914135665,2019,1,23.464840010580748,Pharma,bull,1.2,71.57781893945052,23.753071407005375,18.116773759000196,0.0,7.1681605620807725
IPO_Synth_0749,,973.1887243844797,4173.508325132285,23.103832633059664,6.391401262073616,5.8343811685699425,35.32961506370322,,,,16.130359902062743,2025,1,4.2458034996993685,Retail,bull,1.2,78.32958105829509,20.77573812605707,8.53768534715916,0.3674244909853838,11.266124319888116
IPO_Synth_0750,,597.0914079327822,71.9742,10.65160272331386,5.991988543449102,1.6822968349001723,18.325888101663132,,,,-8.55245500118093,2020,0,-7.0390075840867965,Auto,bear,1.2,61.298329579077134,29.728883888767967,17.275594603919835,0.33697682096365655,4.0
IPO_Synth_0751,,427.48922170054004,4270.376853733318,60.45032862313032,39.15078133810482,7.445205148054228,107.04631510928937,,,,25.152883370831177,2019,1,12.538597676291795,Auto,bull,1.2,52.956499022222744,9.954396425156357,11.34950087870868,0.0,7.765764722087925
IPO_Synth_0752,,447.21729792153957,2727.0355534893247,2.369191180424152,1.0583980177440746,0.7500036249700256,4.177592823138252,,,,4.3128194382613385,2018,1,5.813861065997791,FMCG,bear,1.2,35.84633629137402,13.326765073354984,7.435488395992391,1.2889723920599843,11.807424735895124
IPO_Synth_0753,,418.3079185960474,71.9742,7.074423386563784,2.6352672852159884,1.1409510745714628,10.850641746351235,,,,-7.792739201987853,2018,0,-9.678061030226857,Tech,bear,1.2,81.00465054188373,17.213298098284767,20.518547478520865,0.0,9.063086040382048
IPO_Synth_0754,,801.9411899067608,3043.1361434376504,10.0,6.319688640985439,3.2337955617451932,19.553484202730633,,,,89.6978771560938,2022,1,56.631387897994415,Pharma,bull,1.2,68.86554236384944,28.515940215442974,20.981313403551532,1.1796331224624779,12.982086574378844
IPO_Synth_0755,,116.74190660646447,71.9742,157.56735443762432,41.275260023219424,50.35409882041061,249.19671328125435,,,,57.08046098673872,2018,1,50.92664515122584,FMCG,bull,1.2,65.24112387564533,25.657026470398826,12.572394442805304,0.0,4.0
IPO_Synth_0756,,359.8322445118257,71.9742,157.4710108491842,103.58372423942969,40.46253890407541,301.5172739926893,,,,80.07647839930861,2019,1,36.87793443788398,Infra,bull,1.2,59.91317188988538,9.702283071709392,12.528262970095552,2.5,7.795071619102298
IPO_Synth_0757,,318.4313660088134,2475.8851270369682,5.57767190980938,3.6373660155394103,1.399989821497022,10.615027746845811,,,,-10.157233988443956,2023,0,-7.638938700188377,Finance,bear,1.2,51.54772706193195,17.38174930375571,13.871064155884952,0.22144317383283407,11.358239496587379
IPO_Synth_0758,,40.04,1351.7196344502686,10.0,6.9399296534710375,3.37706617131722,20.316995824788258,,,,71.08318465014405,2025,1,30.795697128570165,Auto,bull,1.2,39.96090795639433,12.057040372865394,11.354706143129464,2.421161081622893,11.320585092590807
IPO_Synth_0759,,708.2152339264932,5175.805218071659,86.38891888263788,25.46226738673825,24.966723713801077,136.8179099831772,,,,52.642383082053044,2023,1,26.134010442122545,Infra,neutral,1.2,64.54867476027218,19.757295914308674,12.147686910882422,0.3272898016450526,11.550805755084458
IPO_Synth_0760,,777.9002672925616,1994.7740216598825,146.1212204649911,44.403205561926995,39.57261362809567,230.09703965501376,,,,43.865630728941724,2021,1,21.86864788915878,Retail,bull,1.2,50.3065515769194,25.41099422621761,17.02527429761625,0.4465301391561355,10.622534875791482
IPO_Synth_0761,,198.18206642926674,3548.2055689191925,169.5630984900101,116.38411114299888,35.427697861656085,321.3749074946651,,,,71.98855344185051,2023,1,39.336905361326956,FMCG,neutral,1.2,52.368701238672315,25.85392278891358,24.0,2.066590591509314,6.567626506045463
IPO_Synth_0762,,766.7007189389686,2846.1683418172674,46.458636781937486,22.65468933326793,10.267340676571788,79.3806667917772,,,,31.809357396856182,2020,1,26.04191493449773,Pharma,bull,1.2,90.92122377246221,21.608053113742127,13.403805906560413,0.0,7.662655495162673
IPO_Synth_0763,,40.04,4179.2557550401725,177.59895523314827,79.23919331523828,35.02789070627304,291.86603925465965,,,,61.55354234738463,2018,1,28.30667520289635,Tech,bull,1.2,59.13460691853159,17.44987796741744,19.6039688632238,0.5499572360842778,16.0
IPO_Synth_0764,,423.0046043490149,71.9742,10.0,5.366467825651828,3.365802550899825,18.732270376551654,,,,94.25846756012535,2024,1,26.075139537490394,Tech,neutral,1.2,24.0,19.427601977564443,16.58801355075671,1.0395367648034324,6.221868209331391
IPO_Synth_0765,,371.69398348890513,2038.548887837378,61.09642837829772,17.063715269571297,15.85634403924937,94.01648768711838,,,,25.825227585439585,2017,1,19.66641075707693,FMCG,neutral,1.2,50.36174801858393,24.099680006610235,7.474941412732953,0.9037889769762208,5.753286992751065
IPO_Synth_0766,,444.7957998173585,1155.444875577757,1.4012906979045816,0.801339414959217,0.5,2.7026301128637984,,,,-25.0517839451298,2025,0,-11.559908198151144,Pharma,neutral,1.2,41.973868534550746,32.0,14.890037641429755,0.5430228300442659,12.039674121279257
IPO_Synth_0767,,443.0183450070253,3223.265848592402,9.77561468237429,7.06328804674013,1.0684740373507828,17.9073767664652,,,,34.55054605286974,2020,1,14.100547518796343,Auto,bull,1.2,57.494045390180894,12.889402910145753,14.324765446225497,0.4056744910343599,6.822191165725409
IPO_Synth_0768,,388.50574669738813,2187.6356982875886,0.5,0.5,0.5,1.5,,,,14.574955644494597,2024,1,0.25325864336849835,Auto,bear,1.2,34.360216837098626,29.533095902897596,21.590420953867994,1.3464424734250557,15.3766408207389
IPO_Synth_0769,,282.3643591878251,71.9742,19.817678090927785,9.557423181570138,4.05092314339274,33.426024415890666,,,,-32.048784926075406,2017,0,-11.559908198151144,Pharma,neutral,1.2,67.80536929127237,21.46433685380461,21.77319022880841,0.6767866410562209,16.0
IPO_Synth_0770,,377.6896692395345,642.1524416977603,22.47249756270527,16.414822227987074,6.388708437865311,45.27602822855766,,,,44.23626965916929,2021,1,48.68983234698674,Retail,bull,1.2,54.670802511608976,24.921519504788368,16.695598617360265,1.4663785405756935,9.277181211007546
IPO_Synth_0771,,880.4791216038457,5812.714893786266,133.13095158994608,79.11416058161582,14.645247221438867,226.89035939300078,,,,81.66590528487222,2020,1,49.71090780111996,FMCG,bull,1.2,51.437173913061336,21.110995732604085,20.464166343489786,0.891894712262284,10.92835643684314
IPO_Synth_0772,,217.13990269244596,71.9742,115.45209842967459,32.15112552251652,37.3450935280619,184.94831748025302,,,,65.84863838678388,2019,1,41.70797981809404,Mfg,bull,1.2,62.69313554473078,28.425162161849777,14.341379699929117,1.1502050619467634,4.526028046597154
IPO_Synth_0773,,1185.214238641289,3368.2006575233872,5.4471482656053105,3.186708468221704,1.4432840162986724,10.077140750125688,,,,24.346266307041677,2021,1,17.814270994954764,Mfg,bull,1.2,58.62017673984051,21.97808860493043,20.037102188769058,1.633563093546996,13.094815694366984
IPO_Synth_0774,,197.8589197079106,4753.173919138921,10.0,2.798479313764713,2.1437519771783182,14.942231290943031,,,,67.82214246739413,2023,1,41.521950339575625,Mfg,bull,1.2,57.57521937004495,16.10742951413535,15.451518595962169,0.18991813447732353,4.0
IPO_Synth_0775,,496.8229087487455,3028.4460481941965,2.0,0.807229882789968,0.5,3.3072298827899678,,,,27.278893026938423,2026,1,12.551624184706773,Finance,bear,1.2,55.96463956290494,22.700684693839502,19.93953581755685,1.6064493646981555,5.981390740081755
IPO_Synth_0776,,609.9381238572147,6652.175536570819,5.810846293733086,3.2415326085386797,1.0329130007257195,10.085291902997485,,,,28.150942028221998,2024,1,16.679843606638766,FMCG,bull,1.2,59.63434410113564,26.76065022635453,20.397346594779076,0.3431852641787312,10.355776776313924
IPO_Synth_0777,,315.16240766406725,3964.66543117526,0.5,0.5,0.5,1.5,,,,-27.518357103795335,2018,0,-11.374924587964582,Tech,bear,1.2,66.17716928931637,20.001284730494046,18.224028513730005,0.0,11.64297169865655
IPO_Synth_0778,,887.0177481393167,2521.6198179662883,79.59140356456157,21.417616292563594,10.566273237263715,111.57529309438888,,,,19.271587112090415,2026,1,20.882728896058342,Mfg,bear,1.2,63.92346534579653,8.0,11.662854604740355,0.170802545362147,5.548306138452613
IPO_Synth_0779,,601.0586963546808,306.9049059419552,67.24402099280968,37.58785065865187,14.521506677254122,119.35337832871566,,,,28.48403686665629,2021,1,13.597675895617819,Auto,neutral,1.2,80.28383241384405,19.31039717747819,13.10755234873917,0.0,8.372399139446964
IPO_Synth_0780,,344.83034690758075,2569.8879322526645,9.069037255181353,3.5634844878608094,1.9350748856076934,14.567596628649856,,,,-30.131310916733867,2021,0,-11.559908198151144,Pharma,bear,1.2,50.15958767657272,20.588301836095557,18.385148905785705,0.8753346351079934,5.01528190480471
IPO_Synth_0781,,883.2266786879911,3296.144190836543,26.31335356962728,13.590376429906557,5.341194098010386,45.24492409754422,,,,8.972759504796933,2016,1,11.18271636173816,FMCG,neutral,1.2,64.28626609319466,19.730431632815918,19.020571816760913,0.21422190743770603,9.04891879407921
IPO_Synth_0782,,67.94450010604255,1530.8825164427194,41.203618003576736,15.68097583914864,11.362868395815747,68.24746223854113,,,,16.954530925008402,2023,1,10.56519673751353,FMCG,bull,1.2,96.0,17.027133467728074,15.712755632124992,0.6278720715154572,7.597737249326005
IPO_Synth_0783,,221.6609379415036,71.9742,140.2108984493946,83.17512728708401,28.736744614576992,252.12277035105558,,,,92.5005418354043,2025,1,51.194858177962374,FMCG,bull,1.2,59.26283471386676,27.938101184545058,13.594689919319805,1.5142184296928458,8.092908096103775
IPO_Synth_0784,,606.9881644379427,71.9742,73.23112741632664,51.10439320558032,8.952573373625047,133.28809399553202,,,,66.46391292087515,2019,1,31.643961649309343,FMCG,bear,1.2,59.960765531015404,8.0,15.861249510581477,1.985773963186474,11.953648847068152
IPO_Synth_0785,,688.5916466756491,2004.3730288497025,36.17352729293813,10.609058951502513,11.3228532300375,58.105439474478146,,,,12.11694038318333,2025,1,12.538471010609642,Mfg,neutral,1.2,37.259048729194326,20.563863838564505,13.746859485561671,0.7927013588858008,10.84470756616193
IPO_Synth_0786,,525.0251449301306,71.9742,32.69694844318335,21.02934786990881,6.744570112036534,60.4708664251287,,,,9.515747489819073,2016,1,17.675192614726186,Retail,bull,1.2,47.162211303478166,20.647890342784425,13.771898352000001,1.585649902597302,11.683560857727237
IPO_Synth_0787,,371.374993075653,294.3766435072542,90.86225385721708,29.807137726404996,23.9714082529019,144.640799836524,,,,26.65403319867299,2026,1,13.247636414186491,Infra,bull,1.2,58.08540998995908,32.0,23.820150598237788,0.32285550538456387,9.612397949344528
IPO_Synth_0788,,328.932359432991,71.9742,50.04476856897574,20.753810424116026,16.638588822799964,87.43716781589173,,,,9.692693056369531,2018,1,7.899151869683265,Retail,bear,1.2,69.60216543261754,19.913387129917297,12.860308443162356,0.0,12.150797386921418
IPO_Synth_0789,,801.2925913970712,3690.0633971383277,17.324251561756814,7.4266060325958,5.056148229760352,29.807005824112967,,,,-22.572887860473852,2021,0,-11.135898737794781,Finance,neutral,1.2,71.68493764800078,22.67377342220284,17.285048129515157,0.0,9.894711381473313
IPO_Synth_0790,,496.93748777283713,4525.67856099383,38.14488809616161,13.471057746151349,8.952594471473855,60.56854031378681,,,,14.298753204921255,2016,1,9.02158848667918,Pharma,neutral,1.2,65.8729315276633,20.750075080652582,15.68815920495296,0.30429109279787026,8.525843309969924
IPO_Synth_0791,,116.87769539658112,1727.2677332335952,0.5,0.5,0.5,1.5,,,,6.812568765249273,2025,1,-3.856828547601501,Tech,neutral,1.2,74.47376424992122,20.566569343196903,9.480537786357058,1.29559409755309,11.711710745100369
IPO_Synth_0792,,97.18063083525115,6288.9381284709,10.829114533278466,6.868292689340637,3.3828286783872668,21.08023590100637,,,,-25.564621939243484,2021,0,-11.559908198151144,Mfg,bear,1.2,42.01182678325981,30.577753800930083,9.325417882590354,0.3071288138681613,8.729734954928912
IPO_Synth_0793,,931.798999303326,5028.92993280624,172.28613068091047,111.4370416418301,52.703718288206204,336.42689061094677,,,,38.3571094433309,2026,1,23.354986854850132,Tech,neutral,1.2,68.80049943751877,13.330078768704333,14.634971583042962,1.6858799574608112,9.011532656476101
IPO_Synth_0794,,169.30331606427006,2770.6216940465165,92.9612947142277,69.57378032244932,13.448076792122627,175.98315182879966,,,,18.229960216166646,2020,1,20.758788780598355,Mfg,bull,1.2,60.24035458867356,15.996771230503965,6.212873528141858,2.3316482067264994,13.204809367907371
IPO_Synth_0795,,507.9831492615133,1227.0816334281385,9.205918503253862,6.603424900336347,2.3624713249901697,18.17181472858038,,,,-12.2729185960037,2016,0,-11.559908198151144,Retail,neutral,1.2,62.24811953789622,24.525029003828,23.23682599539131,0.0,12.922263129470704
IPO_Synth_0796,,876.2725591389857,612.3108993023866,51.94872049915656,24.276739009536243,16.438077242862875,92.66353675155568,,,,9.921766783968934,2023,1,9.635532476822133,Mfg,neutral,1.2,53.47826156357922,21.541042198497703,13.37273380339677,2.5,9.108585866129575
IPO_Synth_0797,,599.9982457254249,2985.8982856130306,60.149912073947604,19.049116691689957,18.094708983130815,97.29373774876838,,,,66.89999424789545,2017,1,33.84043838296982,Retail,bull,1.2,42.84545388792688,18.300627548230917,13.005637930710638,0.0,12.618571265312506
IPO_Synth_0798,,156.0221878483462,1154.1669968282226,113.06060593521735,28.87002617890394,14.831177687045304,156.7618098011666,,,,52.13926434576481,2022,1,35.21523433450308,Infra,bull,1.2,38.12724657361288,19.576653628332938,20.503786751915083,2.348834360126327,6.165483515146442
IPO_Synth_0799,,67.87539228648177,2948.7781751705115,99.70681329737525,51.42466331195172,20.831067052669905,171.96254366199688,,,,43.72068543309185,2016,1,34.49265138054826,Retail,bull,1.2,65.77209240730112,25.483547773399632,14.366762529604758,0.4664758065352537,9.125983944163353
IPO_Synth_0800,,1053.5494607329083,3141.976818398059,33.7949141787113,22.99011254426668,7.7579022415816,64.54292896455958,,,,47.26580059352757,2017,1,13.13294798133799,Mfg,bull,1.2,68.96133012244357,22.910538144759332,17.92969428137575,0.2671562064144731,7.744597400670938
IPO_Synth_0801,,59.17503193730528,924.1915127896401,8.43722521365754,3.23948839662534,1.3875218398645073,13.064235450147386,,,,1.7174057648554695,2023,1,-5.998311453152893,Mfg,bear,1.2,57.66773503013398,15.722223212401586,12.423369238994328,0.4919806797186499,9.994748488375162
IPO_Synth_0802,,225.83316463407286,4374.029300243896,6.947422016229113,2.427920324006803,1.874934449419688,11.250276789655604,,,,-20.866764089021412,2023,0,-11.163420258201816,Retail,neutral,1.2,59.733356561593304,21.42665807796117,15.20445046753822,0.0,12.203757965169512
IPO_Synth_0803,,542.0640442571749,926.8673050939718,52.54734312218611,24.66975250108749,11.510843539342456,88.72793916261607,,,,19.087853743586162,2017,1,19.748945166515117,Retail,bull,1.2,47.03620689489022,19.7011848530539,19.35815170708434,2.0015555001414507,11.667031445082976
IPO_Synth_0804,,340.05631284023207,1577.313976659768,57.23844405308286,39.88182463172016,9.981078299192712,107.10134698399574,,,,13.78378427605211,2018,1,20.499408988534263,Auto,neutral,1.2,69.0551115312887,22.82253022665793,11.121840279143402,0.0,11.258889668213678
IPO_Synth_0805,,610.825803499812,71.9742,10.0,4.758369158852223,1.8421613140852824,16.600530472937503,,,,80.74380771077747,2025,1,40.15209636372696,Mfg,bull,1.2,61.09126057196606,18.07353255213551,17.374807948369952,0.0,10.412474972445638
IPO_Synth_0806,,40.04,817.3736420826774,40.16146240974223,24.552969206066944,12.617409725278003,77.33184134108718,,,,20.509808235757074,2016,1,36.097302762602084,Infra,bull,1.2,53.418951014232874,12.750152486472826,6.0,0.0,9.521893564883174
IPO_Synth_0807,,342.95264121267843,7139.419284994877,29.5507208440431,14.221671670973558,9.354279246161724,53.12667176117838,,,,9.23094381198859,2018,1,9.428974027501859,FMCG,neutral,1.2,75.58950114805879,24.034226118025792,20.694771475710816,0.0,13.603561950206387
IPO_Synth_0808,,646.3109478386885,71.9742,14.216534552339827,6.205225050402771,4.3089451060063295,24.730704708748927,,,,-25.596551535665306,2026,0,-11.559908198151144,Retail,bear,1.2,71.6103499944135,23.291715065051992,12.496126197910682,0.0,5.36041713768209
IPO_Synth_0809,,647.4669868432339,2661.1075283680734,40.65296997056369,19.12543474818653,13.353167433202458,73.13157215195268,,,,-2.256403564017243,2022,0,5.384428700017354,Pharma,neutral,1.2,32.3543589485577,28.491794058310763,14.614541331211258,0.0,7.999690146773532
IPO_Synth_0810,,219.28016790686,338.76066948952774,27.84826236900862,17.66137541143928,9.414846614269823,54.92448439471772,,,,18.083881878053102,2016,1,16.992232725982802,Retail,neutral,1.2,60.88470860061662,12.102626272269507,14.559208757361448,0.3242948021275736,11.23384620976804
IPO_Synth_0811,,65.82042931287674,71.9742,11.952512899651905,7.49665228214169,2.6648961519666177,22.114061333760212,,,,11.793593766176564,2025,1,7.917131322875281,Tech,bull,1.2,42.75174575612277,19.577706777225487,10.613144388572286,0.0,14.583644514252226
IPO_Synth_0812,,487.8234515076394,2976.7342632287955,8.89594002719461,4.144432438405342,1.1046614089282398,14.145033874528192,,,,-9.849372417898696,2019,0,-0.21643470852365698,FMCG,neutral,1.2,62.51138889057984,18.617598840276557,10.267663489070701,2.0945196899396885,8.962488730120743
IPO_Synth_0813,,40.04,74.2164004354987,29.147389779508927,11.18702215025622,8.74473435328658,49.07914628305173,,,,44.57534818670711,2023,1,17.76387373643769,Tech,bear,1.2,24.0,17.622707039791276,17.346050308366323,0.3471993614496155,9.217211955999908
IPO_Synth_0814,,853.5107019543831,2352.2143726180793,13.652375600598791,4.362801197034937,3.527200211064603,21.54237700869833,,,,16.02143920326074,2023,1,1.383748735101259,Mfg,bear,1.2,63.54859334318968,10.753880621584138,17.55750967507798,0.8740341817194857,6.130244118638049
IPO_Synth_0815,,468.5906866489081,4097.944282049539,6.126189354969905,1.5357428422930297,1.1953990255389015,8.857331222801836,,,,-6.546965487720559,2020,0,-1.302292296400166,Retail,neutral,1.2,72.81570877514055,13.602292339912172,11.016269364360973,1.3617912530898137,8.375444453273563
IPO_Synth_0816,,176.80113688440755,2132.415253658852,16.899389698253966,5.181839440882439,5.81141769726473,27.892646836401134,,,,38.21033084631031,2020,1,19.03144447446813,Finance,neutral,1.2,58.00575432594735,21.623127793576852,17.43478678826481,2.5,12.124691999114534
IPO_Synth_0817,,54.619364984479404,2376.3113713774273,7.013950000462394,2.3309293988000226,1.2952752694611838,10.640154668723602,,,,16.494680020815427,2022,1,3.5905512906530443,Finance,neutral,1.2,39.03506690067316,17.001503361210283,17.510523787827903,1.4098829674348137,14.737880948485778
IPO_Synth_0818,,198.57890981761332,71.9742,36.77304836408156,21.878819968997973,12.02142188500124,70.67329021808078,,,,32.35915695097037,2020,1,17.5738415109847,Auto,bull,1.2,95.2146657753893,15.04154172912651,13.298014062796181,0.2521690209789742,9.120143071112524
IPO_Synth_0819,,40.04,3361.5909074602855,58.80737864280128,38.751588996954425,14.59282236798512,112.15179000774083,,,,27.131051934033476,2017,1,18.203636487928154,Mfg,bear,1.2,80.80728958764273,28.58237514534894,9.179270538668913,0.0,7.603077137709323
IPO_Synth_0820,,583.8315970067728,1028.0361739010316,9.411297665088943,5.820631930221832,1.0273419213032944,16.259271516614067,,,,-33.05211461144228,2023,0,-11.559908198151144,Pharma,bear,1.2,50.44089505913102,32.0,14.831055089395333,0.8380946366346218,10.209253743371825
IPO_Synth_0821,,140.5810801351757,71.9742,6.273904452225847,3.8372227521297,1.976805511470146,12.087932715825694,,,,13.377492366993456,2023,1,1.8753979319664824,Mfg,neutral,1.2,55.30157132155132,19.66141992468982,16.642868496704818,1.5622966130390592,5.155959799640772
IPO_Synth_0822,,551.3442896961272,3675.033793555798,149.3435224452825,111.58355213274989,43.392207553179034,304.3192821312114,,,,62.09316256034815,2022,1,43.408152002901836,Infra,bull,1.2,24.341445017761828,10.986932017203486,14.735107315582722,0.6419317567382765,13.706745900021502
IPO_Synth_0823,,598.4400769938088,4470.850733396315,1.6055848472537866,1.1741623839407132,0.5,3.2797472311944995,,,,-11.898671667937997,2024,0,-11.559908198151144,Infra,neutral,1.2,68.5212119464082,22.37842647510178,12.33377671318334,0.5652160942358446,6.307801120937431
IPO_Synth_0824,,744.7930360218138,5377.03514219406,26.83522761723858,10.316094742084255,6.8066692103721635,43.957991569695,,,,-26.823899160761908,2021,0,-11.559908198151144,Pharma,neutral,1.2,35.35370348436976,8.0,17.101362294240925,0.7134845970704049,10.941376775142588
IPO_Synth_0825,,500.84965214558497,7172.280146147853,13.104563041230072,4.226881720200606,2.0273921814149873,19.358836942845667,,,,-20.726440924103287,2026,0,-11.559908198151144,Pharma,bear,1.2,71.99457784821655,11.898990688617337,20.693960256668262,0.0,10.896982416534875
IPO_Synth_0826,,799.1861837561792,3535.2305178878205,39.195214068688934,12.803082143293288,6.021228844052091,58.01952505603431,,,,52.65454113544932,2025,1,12.920778847629842,Pharma,neutral,1.2,78.4669546261626,22.481893554913817,11.533664110183407,0.6464685473738638,11.883221327581929
IPO_Synth_0827,,888.2977461125593,2859.606643804201,58.274919572279494,40.66443324511838,6.252497186865745,105.19185000426361,,,,28.941401569334936,2026,1,12.959894400685148,Finance,bull,1.2,58.735253275004574,11.697594787703467,13.658966125354228,1.2322750096412778,10.766776333813036
IPO_Synth_0828,,503.02472491687973,4362.997874194578,29.779431256290827,8.968773275571369,4.125474621885698,42.8736791537479,,,,13.163016492599906,2017,1,9.745342877724667,Infra,neutral,1.2,40.83983219645117,18.223796874253473,24.0,0.4543169242124406,10.008138370139086
IPO_Synth_0829,,523.6262450429159,71.9742,38.54040783644634,16.189749455051096,7.096072072472212,61.826229363969645,,,,102.71141454362743,2017,1,38.56912069342406,Pharma,bear,1.2,82.48230121905196,11.098234902046576,16.308904483876017,1.6235098020224263,11.285795911296605
IPO_Synth_0830,,224.39694486267305,71.9742,0.5,0.5,0.5,1.5,,,,-14.23196528415703,2021,0,-11.559908198151144,Tech,neutral,1.2,60.03905022120407,20.337557087212755,9.299368873107674,1.6568861062177684,12.504068599378373
IPO_Synth_0831,,77.46349927918816,280.1486963860985,122.76629872895892,68.34709857753998,16.29135048441328,207.40474779091215,,,,30.43848320072686,2023,1,20.859843242300826,Pharma,bull,1.2,61.67805683864006,26.739442950555304,12.850878401157322,0.0,15.389369414693643
IPO_Synth_0832,,852.7605499089315,4846.353439771337,164.11448996808963,89.91280149818881,39.28786749329883,293.3151589595773,,,,40.407536709451826,2018,1,46.08451700174777,Tech,bull,1.2,43.23239153604804,16.32290787454604,11.593856441127661,0.9417893242777616,6.692440663640756
IPO_Synth_0833,,621.7355445759654,71.9742,0.5,0.5,0.5,1.5,,,,-8.117097884083273,2017,0,-11.559908198151144,Finance,neutral,1.2,63.47497089033326,19.883501489405123,16.711769484577403,0.5427563680776402,4.482854859687632
IPO_Synth_0834,,649.4331476906423,2733.7247727381146,0.5,0.5,0.5,1.5,,,,20.43126269129491,2016,1,4.070717964186896,Auto,neutral,1.2,56.34757369463272,15.104924247122813,16.38477228472054,0.0,5.359320835389989
IPO_Synth_0835,,213.04406441766466,3014.0261848229893,11.294677975471409,7.6298177958117686,3.8061489378892746,22.730644709172452,,,,-6.759289276866468,2022,0,-4.00386178260546,Tech,neutral,1.2,36.087219523011335,15.525264001561192,12.13580766659531,0.31281333553614865,4.560175450543724
IPO_Synth_0836,,969.5306334934781,2157.5771743832947,5.219606265225364,1.525769790203642,1.8168725760929036,8.562248631521909,,,,-0.1,2026,0,-7.065312665575299,Pharma,neutral,1.2,84.11986112914632,15.011776292866047,23.35339945685585,0.0,6.4009533545783475
IPO_Synth_0837,,336.7308125478816,71.9742,32.40212997871798,22.01668763142161,9.813297717074736,64.23211532721433,,,,7.002048599481839,2021,1,5.229566269665954,Auto,bull,1.2,91.66425189569924,24.715580798586412,15.383099965571498,0.6339895272877467,6.020160663110568
IPO_Synth_0838,,140.92467383612825,2413.811581778186,110.59400587669369,60.27390798429331,12.563257346888077,183.43117120787505,,,,18.95125301926801,2024,1,43.1854126575399,Tech,neutral,1.2,78.32764190166239,11.518988291803348,12.949214837249656,1.1827505672296468,8.750899276807434
IPO_Synth_0839,,218.8631432449625,424.495298794177,99.26457589172432,35.880797273725555,28.008287021268643,163.15366018671853,,,,88.71401452338436,2016,1,52.056790171068,Auto,bull,1.2,75.63899734842403,18.00887557776248,9.504951998235198,0.2823816848094388,12.565367583405035
IPO_Synth_0840,,951.5188521920588,5954.206439169554,59.32855835635475,43.836186503183555,8.579291195953422,111.74403605549172,,,,27.92463875281512,2018,1,5.020124989958149,Tech,neutral,1.2,91.7718748906295,22.458901258782625,10.973555611719778,0.0,11.879456127428115
IPO_Synth_0841,,40.04,4480.990749127292,111.94244083177148,80.5836843751815,27.124249891023148,219.65037509797614,,,,27.43048625120123,2023,1,53.52142903397028,Tech,bull,1.2,41.145040517597,25.458790298376176,9.392892810551716,0.7339662667062665,8.133305742974846
IPO_Synth_0842,,158.24929237766023,516.2757611783651,10.371094982915892,6.978325158770298,3.3543067323050715,20.70372687399126,,,,45.498049689749315,2020,1,13.060732098823612,Finance,neutral,1.2,40.92893857744207,22.643644253729043,14.142443751952971,2.5,8.392423176492036
IPO_Synth_0843,,1404.9117489424793,6117.866659670219,36.435741163843446,25.71627571254705,7.1067515238477625,69.25876840023825,,,,59.5429814040548,2016,1,50.24538940134097,Retail,neutral,1.2,52.54090528820509,19.564199250278037,11.01766345769363,0.0,16.0
IPO_Synth_0844,,736.2672264312174,2416.429256662206,32.14256405374389,14.17714838658932,10.678094744889625,56.99780718522283,,,,37.67320260160164,2018,1,10.271524930042139,Tech,neutral,1.2,65.361378612467,16.586666251158206,18.52792798490592,0.7328050835560435,11.78435493878147
IPO_Synth_0845,,164.42060870987703,71.9742,5.929733057300302,2.1578443057142804,1.6430878442375394,9.730665207252121,,,,8.226674306746347,2024,1,15.12720737791404,Tech,neutral,1.2,54.73277090515125,25.551898080961646,12.37005537866692,0.0,10.518121543485522
IPO_Synth_0846,,45.415010296072055,1317.9476597762302,109.77266316482789,37.48208778993954,19.237983415569104,166.4927343703365,,,,45.61698187198357,2023,1,20.20061920085785,Mfg,bull,1.2,41.64013842729463,14.796654042941743,18.780904462367975,0.07391790651275687,10.364505323917935
IPO_Synth_0847,,40.04,5778.291662766529,124.42572990574206,85.46554339863006,15.395108428369905,225.28638173274203,,,,75.30336852930027,2024,1,75.25866115220047,FMCG,bull,1.2,60.10181408779502,14.886779558465648,17.21160297487335,0.3953098539790477,9.132258854589907
IPO_Synth_0848,,447.99490051301007,71.9742,92.49344220007369,61.352349995194224,28.103005952626834,181.94879814789473,,,,57.14397923470322,2019,1,30.714888666836803,FMCG,bull,1.2,58.3011645592006,28.114994781346216,17.904783972048342,0.15594337220704374,16.0
IPO_Synth_0849,,663.5035107908257,1344.147173548842,2.860900338533014,2.1184085611147285,0.613705613059762,5.593014512707505,,,,-12.827476505211246,2026,0,-3.0163614091348236,Tech,neutral,1.2,75.14383012562767,22.1615704420246,19.035370747843327,1.1018038882736527,9.430459574183942
IPO_Synth_0850,,933.6220077106368,71.9742,161.39898845542263,108.80326267879455,19.07306270962101,289.2753138438382,,,,45.25231811720261,2026,1,33.262501901716476,Infra,bull,1.2,60.801723741048754,22.373638773312308,23.969955505039117,0.25820977382386967,10.447887237499163
IPO_Synth_0851,,40.04,71.9742,7.102099829228198,4.021087881960579,0.8933063016724354,12.016494012861212,,,,-9.558183585070834,2020,0,4.459723510936049,FMCG,neutral,1.2,25.71789939119762,23.591295458974415,11.179511759230849,0.0,5.053548830766003
IPO_Synth_0852,,40.04,71.9742,10.843774084206148,3.4823791024297317,3.705755101777207,18.031908288413085,,,,19.341155299277965,2018,1,1.6912388232125195,FMCG,neutral,1.2,66.93842559925334,19.43087024569386,18.80699674531055,1.7796693294619215,8.09090253343513
IPO_Synth_0853,,373.9853046166971,71.9742,178.1680408865022,59.22729169839344,28.640599629666717,266.03593221456237,,,,42.57042870519548,2026,1,31.955357659641244,FMCG,bull,1.2,88.47213720651831,11.373841567236191,16.791535468899394,1.6292785057494807,8.347846736676356
IPO_Synth_0854,,1367.0506292303714,71.9742,41.876990278485366,20.387802808908813,14.307181367449335,76.57197445484351,,,,32.17843619133782,2019,1,12.9635370797755,Tech,bull,1.2,60.52069129408965,21.506999515960715,19.784762102314122,0.0,11.458880912783025
IPO_Synth_0855,,717.4338127067105,6046.407807594682,46.19233974915248,29.28122095353888,12.48532265711412,87.95888335980548,,,,24.813514304449164,2021,1,18.319898788637115,Mfg,neutral,1.2,77.76525524064941,19.890594337333308,15.498588867216117,0.549771934996762,7.674342756782748
IPO_Synth_0856,,542.1651998188764,1427.8766343118834,13.68484385641924,4.6068342934761395,2.3965278378341024,20.688205987729482,,,,31.939287544972366,2026,1,12.593438796129623,Auto,neutral,1.2,50.907774148864185,14.845564488016452,20.292050865911445,1.7175890772837368,10.144936209793672
IPO_Synth_0857,,40.04,3566.4322867478068,46.10309204486642,32.62986697958191,9.033069581093649,87.76602860554198,,,,20.46907310546765,2018,1,19.575332137439144,Finance,neutral,1.2,70.18348308684679,13.465688411840397,9.187785897536287,1.533163846530798,8.180935396999415
IPO_Synth_0858,,40.04,4363.053251493166,118.0696222030834,69.88486215804761,34.7431211035842,222.6976054647152,,,,17.39889812694837,2025,1,21.488174936732953,Mfg,bull,1.2,46.59739405344294,19.720776947725795,10.480611431601261,1.85736919467846,6.698076000641448
IPO_Synth_0859,,428.09258733982443,71.9742,7.361542036181232,2.98992375784673,1.53748562125369,11.888951415281653,,,,-5.501672570511454,2017,0,-11.559908198151144,Pharma,bear,1.2,55.56301757363903,11.853201849578358,12.438553914507958,0.8744775050884499,6.576121675519859
IPO_Synth_0860,,380.87887811577093,71.9742,32.3211684159019,22.394684581086338,3.836124960116949,58.55197795710519,,,,56.59484712726116,2019,1,26.717200550614567,Finance,neutral,1.2,55.70470292108796,19.13955201983271,14.66362629752546,1.2695335660246498,9.479808582612897
IPO_Synth_0861,,323.34283616478166,3515.1467472291893,0.5,0.5,0.5,1.5,,,,4.13892989438242,2020,1,-8.96280218866348,Mfg,bull,1.2,68.58042173384058,18.41576119833967,15.208601851289872,1.9087682918165256,10.309189245259587
IPO_Synth_0862,,284.871342105438,71.9742,7.186477184439667,4.431032647935912,2.264360098241945,13.881869930617523,,,,-6.025907369746681,2021,0,-11.559908198151144,Finance,bear,1.2,45.16517738953961,19.28510159557409,11.6698773037136,0.15671427666019438,9.418824845301664
IPO_Synth_0863,,159.1949691549756,3342.75037859861,2.0,0.8854422062555577,0.5480870684890765,3.433529274744634,,,,42.72329051723126,2018,1,11.02658298415613,Tech,bull,1.2,33.63207387799188,22.41593542525482,10.541073807226967,0.9406216810167001,7.501411013860698
IPO_Synth_0864,,80.87340477542158,5887.730703350617,55.24981888231392,24.684252729627634,12.445244238113162,92.37931585005471,,,,35.569601969752235,2025,1,14.108337291249477,Auto,neutral,1.2,68.46201925130872,23.731727271292698,12.051194378272823,0.0,9.586731290791217
IPO_Synth_0865,,889.4582372829402,71.9742,4.047576117049775,1.0374293177304394,0.6531732129869114,5.738178647767126,,,,-3.0469966056604068,2023,0,-2.718593078290897,Pharma,bear,1.2,67.7854573357708,15.731018032375966,7.3081197369041755,0.0,9.031864971146526
IPO_Synth_0866,,111.99659667969824,592.6950742446758,110.96603542629398,57.585936313027275,24.26246329439521,192.81443503371648,,,,43.63848153539252,2023,1,30.276543311781023,Finance,bull,1.2,62.024757545428486,25.21874908125216,13.703392806241837,0.9999834655317497,6.87439802783349
IPO_Synth_0867,,320.49382663424376,1005.6838453869385,0.5,0.5,0.5,1.5,,,,-13.29824118697352,2024,0,-11.559908198151144,Tech,bear,1.2,76.79199044661246,18.68377569156554,14.737171232573017,1.1526628703372532,10.24925277600564
IPO_Synth_0868,,401.4735593649148,151.67401033789358,23.609449518085984,17.33906910222506,2.8422424509264586,43.790761071237505,,,,1.9647742415906715,2023,1,3.483394576753801,Finance,neutral,1.2,56.35250755154975,30.5198083129433,16.98466402364619,0.11271532202425388,15.430980787979532
IPO_Synth_0869,,656.0774285738922,71.9742,9.468094570006492,6.5908676764272895,3.301448402746688,19.360410649180473,,,,-2.3181027106158787,2023,0,-0.36750141511851075,Mfg,bull,1.2,65.06428988140422,16.487474526257113,15.750922732865806,0.0,9.551250818651074
IPO_Synth_0870,,123.84892596840533,240.81314150922378,24.70373009461859,7.250434744362031,7.780208466700314,39.73437330568093,,,,30.848057245526164,2023,1,11.282485830298357,Auto,bull,1.2,53.701462611395556,10.332019760081614,23.070291679851664,0.1444322629110788,5.616758228519508
IPO_Synth_0871,,748.9162465108906,1482.0745097099773,4.0422579752194565,2.992322131992589,0.7255507279132338,7.760130835125279,,,,11.847264065860147,2023,1,18.326139900246417,Retail,bull,1.2,55.34499056472261,25.001852406729995,18.655680046205596,0.6918694266894281,14.405634268498838
IPO_Synth_0872,,216.81628031533822,1950.955399290942,0.5,0.5,0.5,1.5,,,,-0.676119706258643,2026,0,-9.522775526137998,FMCG,bull,1.2,66.12389557959824,22.553725482683475,18.317910088243842,0.0,13.771364525033006
IPO_Synth_0873,,359.52030965245143,4003.4366421713203,66.84158977375218,18.08446997691767,18.075879715025827,103.00193946569567,,,,56.01298177438714,2018,1,27.96620161532456,FMCG,bull,1.2,96.0,27.209968994329476,16.64115810220707,0.9656187555057123,14.297582138028265
IPO_Synth_0874,,976.0812526620958,1456.3889057497104,34.14998548975483,21.32546787948089,9.103997053094478,64.5794504223302,,,,20.231077531580592,2021,1,13.65430274941668,Finance,neutral,1.2,73.36135689442341,21.857862849144055,17.410763285342,0.5324082198242372,9.873347928099333
IPO_Synth_0875,,83.74764920374659,4432.30673234319,0.5,0.5,0.5,1.5,,,,-4.1653177861119435,2018,0,-11.559908198151144,Mfg,bear,1.2,69.87496649414562,32.0,14.00667135129111,0.747429228740167,7.649336484557668
IPO_Synth_0876,,661.0729084257966,71.9742,0.5,0.5,0.5,1.5,,,,-15.500120701912756,2017,0,-11.559908198151144,Retail,bear,1.2,73.92190932722652,18.866671948974265,15.44829710408556,0.37627056548147486,7.320922565229255
IPO_Synth_0877,,757.9829063410725,71.9742,46.69351709295951,30.93389726787229,9.926362307351535,87.55377666818335,,,,45.077141794139436,2026,1,12.024137774665276,FMCG,bull,1.2,24.0,26.277811194233706,23.647006835776878,0.0,13.423672728601773
IPO_Synth_0878,,520.6787787186225,728.5165047199175,29.079097510569024,10.249018291238718,8.747194328046726,48.075310129854465,,,,20.571810694168953,2021,1,7.508428794471457,Tech,bull,1.2,65.74520109757846,16.847255687082704,14.684754437392474,0.0,14.817636887777828
IPO_Synth_0879,,374.6752244014933,2725.6089986925326,39.90029591010906,13.047454907200377,6.977801557875383,59.925552375184814,,,,28.619820573367782,2023,1,10.052469007740823,Retail,neutral,1.2,76.38852645328518,22.95065915800402,9.006607240775315,2.0234857184546913,7.238880714238159
IPO_Synth_0880,,1140.9324276230277,3761.5091812702317,8.28777742960784,2.3163031661394715,1.4669441999649997,12.07102479571231,,,,45.15438369482128,2024,1,11.685144445687822,Pharma,bear,1.2,61.519679015491484,24.068134642376346,18.13563581126056,0.0,4.0
IPO_Synth_0881,,410.092695575888,5322.662792393674,86.18471709345717,46.624599527271585,29.403837724310787,162.21315434503953,,,,31.080333988517026,2016,1,17.172487179332403,Finance,bull,1.2,59.22283146081998,24.995376737449817,18.93843896020848,1.307814889422469,9.946642077264801
IPO_Synth_0882,,484.53206472168955,2277.1433812201644,56.74459139860304,28.00973113071004,12.720150262132174,97.47447279144527,,,,76.77111858311967,2021,1,32.80046766300134,Auto,bull,1.2,43.08109996345253,24.657959459858922,15.695355438903047,0.0,7.287224315926108
IPO_Synth_0883,,299.86931412554424,3481.8481371398248,4.611462301431434,1.4048441955922193,0.5301921718860308,6.546498668909685,,,,-27.819413519012027,2017,0,-11.559908198151144,Retail,bear,1.2,52.198612934716316,8.0,6.547445469577341,0.48500396900934617,7.878201368506129
IPO_Synth_0884,,466.429505022815,5084.613498191735,8.06418336422131,3.890271399870399,2.4912412465133884,14.445696010605097,,,,-28.57534693653065,2019,0,-11.559908198151144,FMCG,bear,1.2,44.997081836416406,19.58793646550839,20.789728768084828,0.05931696460490865,9.285342764961891
IPO_Synth_0885,,744.1511097971031,71.9742,3.6670370678070885,1.9569575849174596,0.5750189354994901,6.199013588224038,,,,-5.879135969345882,2018,0,-11.371732015888853,Tech,bear,1.2,77.99112321565418,16.549354160735422,16.03458026864701,0.212501976792703,11.229620671263119
IPO_Synth_0886,,320.7816870989017,974.787990521491,30.172145473488182,18.44958270573832,9.645686063630713,58.267414242857214,,,,25.20579140661298,2023,1,18.543700713753463,FMCG,bull,1.2,87.03002019383955,17.732688597161125,13.603836927133464,0.1599970291149121,7.657109073650764
IPO_Synth_0887,,40.04,8734.275352596367,44.640844219946636,20.405275655057846,14.691746879388765,79.73786675439324,,,,100.13956321460293,2017,1,39.23479746446103,Mfg,bull,1.2,94.83118926845077,18.2995413513788,20.34626611021493,1.9439216959071985,10.408229600315158
IPO_Synth_0888,,590.2503744917612,3750.8950389258393,18.598494642967644,7.610061801523911,2.198184041146043,28.4067404856376,,,,11.030153496402118,2020,1,2.955405710914248,Auto,neutral,1.2,44.70010118569128,25.86484399976887,6.0,2.42748634883214,9.621537472897733
IPO_Synth_0889,,46.4783387760588,2851.0903407252104,0.5,0.5,0.5,1.5,,,,-5.202578474470106,2019,0,-11.559908198151144,Pharma,bear,1.2,47.96857571215343,21.215475277808242,15.503375525473746,0.7376301807467588,4.0
IPO_Synth_0890,,668.2365537104183,3847.9894280068734,3.503785929119089,2.074633068716564,1.2101411804647473,6.788560178300401,,,,-24.47455927498084,2026,0,-11.559908198151144,Auto,bear,1.2,46.50548704695591,16.95486042445961,12.566430043750712,0.0873016233599852,11.63492541950961
IPO_Synth_0891,,414.36957632525355,71.9742,7.033273110249249,2.7093172254969877,2.3401802843980137,12.082770620144249,,,,-7.426268472052061,2024,0,-5.738412677417526,Finance,neutral,1.2,41.66598963087135,11.190411317950067,21.714658050464024,0.0,8.646985248899734
IPO_Synth_0892,,736.9747760080652,71.9742,10.704463683380347,2.782213652795079,2.476058288473679,15.962735624649104,,,,0.1,2019,1,0.21999534028274423,Retail,neutral,1.2,41.95647254271099,29.198345961215814,16.092973048175494,0.0,6.208412236266449
IPO_Synth_0893,,90.88130860420236,71.9742,0.5,0.5,0.5,1.5,,,,3.296042668788938,2019,1,3.452123488797503,Retail,bear,1.2,50.72109222694339,16.116092013284185,11.109053798127432,1.949356364530453,7.822006095288279
IPO_Synth_0894,,231.9981156635775,2611.3809713632872,2.0,1.2552864064591722,0.5021310175795373,3.7574174240387093,,,,7.187370850613188,2023,1,13.1257607848946,FMCG,neutral,1.2,75.74059547172628,19.215761321544658,20.122056235962987,0.0,10.60889710816997
IPO_Synth_0895,,298.6706033873628,561.3768272573261,12.564369187553547,4.4044668485958,1.8948744389456738,18.863710475095022,,,,14.415183394136966,2022,1,5.5437248167506725,Finance,neutral,1.2,47.078965527071695,32.0,6.0,0.059662912912250565,10.138699344803396
IPO_Synth_0896,,40.04,1770.061084526406,65.37157490191213,34.8321209621702,17.20902745359217,117.4127233176745,,,,69.58735692630069,2022,1,35.00131499740309,Infra,bull,1.2,78.95544395574476,16.279354533882483,17.285557692181907,0.6553073181116384,11.933297716070294
IPO_Synth_0897,,794.4674618407901,712.2163778745858,0.5,0.5,0.5,1.5,,,,-18.662945104703052,2016,0,-2.3400867530997336,Tech,neutral,1.2,84.61442131129316,18.34592463394852,9.315187881262075,0.0,11.309750750579687
IPO_Synth_0898,,40.04,71.9742,0.5,0.5,0.5,1.5,,,,-0.1,2016,0,-6.372138031470296,Retail,bear,1.2,65.13173683608981,21.393075702954196,12.919030608047773,0.0,6.485189680507471
IPO_Synth_0899,,789.6488505704363,3825.306401280384,76.44976075558033,26.43850942600538,15.671974681577796,118.5602448631635,,,,15.433494879075567,2022,1,22.65492573885653,Auto,bull,1.2,82.12435533453646,10.364320989877342,13.916952024253296,0.0,4.0
IPO_Synth_0900,,559.7905854055331,71.9742,0.5,0.5,0.5,1.5,,,,-33.013911095142966,2021,0,-11.559908198151144,Pharma,bear,1.2,35.497314684074595,9.669206596558075,19.09550579376249,0.0,10.362716076661155
IPO_Synth_0901,,346.8918264254357,71.9742,183.70659499305282,92.58912140522895,29.317084519687153,305.61280091796897,,,,19.75674854000985,2025,1,20.724745777903845,Retail,bull,1.2,49.95264171751254,17.1103207883701,24.0,0.758682873746283,11.892853623957564
IPO_Synth_0902,,532.7088662160932,71.9742,51.89382983040727,17.94079243538209,8.443018002283662,78.27764026807303,,,,28.956072871210772,2016,1,14.51028963143992,Retail,bull,1.2,63.40949786806509,17.31798132501617,6.992011741217038,1.52777696938212,9.392667074261254
IPO_Synth_0903,,523.3552696075513,71.9742,5.77343858386756,3.745734075369405,0.5879379934913368,10.107110652728302,,,,14.930788082337514,2018,1,9.09970542265454,Mfg,bull,1.2,64.018212368656,20.80535729184472,17.008369051491567,0.0,11.981813421463475
IPO_Synth_0904,,278.041592031077,2047.1956594298874,61.15585167618493,29.67811846530101,8.485479438717569,99.3194495802035,,,,61.00903058096738,2024,1,46.66536204095749,Pharma,bull,1.2,85.7261854474134,14.132034006174084,24.0,0.038340246811720546,6.995071546101384
IPO_Synth_0905,,516.6658327234024,4736.454399125267,10.185519290311806,5.797659117249037,3.5106411192540787,19.49381952681492,,,,0.849483640957869,2026,1,-1.1754954758160812,Finance,neutral,1.2,42.02078370350553,22.603882594601966,12.421816409808205,0.3804189251897727,8.961942811835698
IPO_Synth_0906,,664.5839378581908,71.9742,10.0,3.9875076681928947,2.08467486376619,16.072182531959083,,,,63.891032344835246,2024,1,56.88119931951165,Infra,neutral,1.2,50.33479967544132,8.0,12.142504357248761,0.0,7.238270136014579
IPO_Synth_0907,,92.13187752751647,71.9742,28.73689079159496,8.016214571886998,4.275795691511441,41.0289010549934,,,,13.99236729484587,2016,1,7.41181288615377,Pharma,bull,1.2,58.470304726847154,19.578251600071983,16.061758104499358,0.9178098616828474,12.091893758301339
IPO_Synth_0908,,533.0773702570251,71.9742,18.71920295260188,6.223612936527811,6.391118746059011,31.3339346351887,,,,-18.295679888203406,2016,0,-11.559908198151144,Auto,neutral,1.2,50.66485448801277,22.161057843060906,18.72975755659257,0.9486939688306153,7.268797613620254
IPO_Synth_0909,,40.04,71.9742,29.661113384884942,21.845957302166422,3.167197878138519,54.674268565189884,,,,44.20204061514414,2025,1,13.804009986514375,Infra,neutral,1.2,41.23272684236934,21.970665443130972,17.959191182628494,0.0,16.0
IPO_Synth_0910,,40.04,1708.9014527098511,16.17450425308607,9.086742967010899,3.575238245286361,28.83648546538333,,,,-32.33919373875862,2021,0,-11.002103559520343,Auto,bull,1.2,51.42209198925663,19.023341061711637,13.3858405455111,1.1394235908172923,8.49401764354209
IPO_Synth_0911,,607.6563813108705,3518.4234238646295,2.3304585800863995,1.5510194609218664,0.7018188456408864,4.583296886649152,,,,-18.693763135017626,2021,0,-3.9792741601561277,Finance,bear,1.2,55.580523669816166,16.037968453604652,11.388583667228977,0.6272065132046298,12.394542251172439
IPO_Synth_0912,,272.0975478948477,71.9742,62.54615993255915,16.30952283893037,18.338928205175257,97.19461097666476,,,,12.132563249197789,2026,1,20.883637792904118,Tech,bull,1.2,86.05580037502436,18.848777574939916,20.922584750418636,0.7587686125637638,8.532563029859684
IPO_Synth_0913,,123.29971360706573,2954.8211942954053,21.65546453248258,13.702089155467547,3.189943398717772,38.5474970866679,,,,43.39351427323256,2018,1,24.315063463608713,Mfg,bull,1.2,41.63582564268855,27.403755432023978,11.514431581622375,1.679594930222633,14.012864508929027
IPO_Synth_0914,,396.7093363771366,71.9742,2.59944712548927,1.2801654090584822,0.719910170527132,4.599522705074884,,,,1.90224370550786,2019,1,-1.1746352853769655,Infra,bear,1.2,74.67332194244757,16.403195385803482,6.377167249222124,0.0,13.898527429344263
IPO_Synth_0915,,279.57061781794005,71.9742,143.78847468535753,83.77892107707093,36.748329931350796,264.31572569377926,,,,54.35568953495153,2023,1,33.6608852367094,Finance,neutral,1.2,82.89843608664742,25.86866442607261,8.45972016169847,0.0,9.028702088284513
IPO_Synth_0916,,77.1276872041032,1697.437159066001,67.65587991960123,29.031308577845998,18.18718964004949,114.87437813749673,,,,34.6349823053758,2025,1,37.342366992842635,Retail,neutral,1.2,50.77329631620833,26.82346799539047,12.407370789054406,0.429760852261167,10.82409821701161
IPO_Synth_0917,,40.04,3154.1915824858165,87.62415139001517,49.10758988476358,14.591717301545737,151.3234585763245,,,,31.011087839864004,2020,1,43.37622503536925,Finance,bull,1.2,64.67807583081179,9.584649042451954,21.716274877854442,0.0,13.82187293581125
IPO_Synth_0918,,40.04,1260.2940972100312,162.7614198196157,43.589116944294176,49.26521200512175,255.61574876903163,,,,27.394311126622938,2017,1,23.748702242405958,Mfg,bull,1.2,70.36685370262832,19.23109403578784,9.652370786493194,0.2883491798254022,10.91298968612541
IPO_Synth_0919,,667.1830836944101,71.9742,112.89504652539546,30.797131542781287,27.073290810578513,170.76546887875526,,,,38.3863519972152,2016,1,41.79905476698548,Infra,neutral,1.2,67.39808327110275,14.13354966081795,21.8486317466145,1.3460653132421148,7.237822994351387
IPO_Synth_0920,,270.502232622848,1258.9242615192463,9.485705613943287,6.160189912515602,2.6680397878364266,18.313935314295314,,,,-11.263082200870874,2016,0,-11.559908198151144,Infra,bear,1.2,61.47857798325501,10.98899687489793,20.880685047587825,0.8966388236594056,10.210197934533515
IPO_Synth_0921,,746.0063768586141,71.9742,8.423216251077553,2.630002995985082,2.8208793394969556,13.87409858655959,,,,14.65652149684128,2020,1,5.410401000790117,Pharma,neutral,1.2,47.781133514021604,24.752185027966917,16.013540197847195,0.5789940837813233,7.755332441826106
IPO_Synth_0922,,267.03492752402593,3094.027809674026,10.59613716521667,2.7231221357962276,3.325855328525876,16.645114629538774,,,,-9.892859839469269,2021,0,-6.4735838442611096,Tech,bear,1.2,71.92421864941305,22.839937513600336,6.0,0.26727617008959126,10.45298437182394
IPO_Synth_0923,,536.0747858249931,4320.856605282812,32.32148254806346,22.82634388984503,9.553724979889497,64.70155141779799,,,,35.163350767706596,2021,1,14.871131576220948,Infra,neutral,1.2,53.25975797386508,21.58075643886655,9.671733095247891,0.07212958116207269,7.637582021832446
IPO_Synth_0924,,371.9857078346274,4154.539949731653,1.6389540693817057,0.6273356988947355,0.5,2.766289768276441,,,,-10.391268842285864,2018,0,-0.07694983865318723,Pharma,bull,1.2,60.515716807655615,13.487018469288355,12.14908685976854,0.014519829244670546,11.118416908018135
IPO_Synth_0925,,430.00445791699406,1470.3671059946987,36.500270509862936,19.753620877685318,4.143539111495464,60.397430499043715,,,,15.677384904903416,2023,1,8.694654460421221,Infra,neutral,1.2,63.164729528712755,21.262785577844895,22.788157840802228,0.7287233787701202,4.633624585857289
IPO_Synth_0926,,446.6021405122324,4443.982810380444,98.75747086928868,66.11402685717633,24.063355540397698,188.93485326686272,,,,54.76438301081071,2025,1,53.02612835859105,Infra,bull,1.2,75.40780605794075,12.137220872397492,12.438744680065069,0.0,6.634058136907392
IPO_Synth_0927,,262.574980848296,71.9742,31.46881067240347,19.603606998922984,3.418402251612249,54.490819922938705,,,,-6.345370689199984,2018,0,8.617564107894962,Auto,bull,1.2,94.70294170436183,20.46357165304101,11.521805234749515,1.9631154471752725,7.620329048870387
IPO_Synth_0928,,40.04,6162.454538907235,117.23386985860559,32.04164740302107,32.65519474713641,181.93071200876307,,,,17.671803482025695,2023,1,21.24634836448499,Tech,bull,1.2,46.71986783155364,16.030694965522837,15.847358784450075,0.0,9.519357733163393
IPO_Synth_0929,,676.52182132328,71.9742,27.982705989777877,14.844107783184905,7.9528366476728625,50.77965042063564,,,,14.114594437812352,2021,1,7.263822607855228,Pharma,neutral,1.2,60.94634497662729,26.304744912994796,8.65713453090278,1.057678854304442,5.463754412614221
IPO_Synth_0930,,959.1550629881917,71.9742,2.0,1.0417978670954398,0.5,3.5417978670954398,,,,33.463581260998915,2023,1,13.929401514063597,Retail,bull,1.2,33.28049431224704,17.821130055028053,14.88920327003123,0.5803630209044363,7.349630579178061
IPO_Synth_0931,,981.5865312038436,5075.911999444112,57.34794936715363,24.37517750901726,8.145586778318108,89.868713654489,,,,31.370252184706267,2016,1,12.420977953925945,Mfg,bear,1.2,86.66595463002996,21.387452962477106,11.406491959662693,0.0,12.334363082801884
IPO_Synth_0932,,225.8329333235217,71.9742,136.66650104320001,85.66003325044737,43.58709619206791,265.9136304857153,,,,28.554439309779443,2023,1,21.993709036543997,FMCG,neutral,1.2,60.78929002562453,21.400208143734666,24.0,1.79266484720105,12.691495147069023
IPO_Synth_0933,,164.38135621457405,1825.6347493781059,46.34686118448742,33.92603350174779,11.539455772602214,91.81235045883743,,,,73.32106159810093,2024,1,37.51117532659992,Pharma,bull,1.2,54.60580446402637,19.545202327677384,10.870692480151261,1.581463166115787,4.0
IPO_Synth_0934,,225.487065128315,71.9742,23.97390033152503,7.757794168676392,5.48338210629782,37.21507660649924,,,,78.57239274250125,2023,1,47.94483348094095,Infra,bear,1.2,60.94006907540472,20.631992538061944,23.684705994895687,0.0,8.239763095389806
IPO_Synth_0935,,354.758523863535,7674.0748168932205,25.048115274207248,8.080822611737156,6.059087482845601,39.18802536879,,,,38.93473606228777,2025,1,18.99177874338364,Retail,bull,1.2,61.84974321590724,21.822681440207113,9.869248449291192,0.4264295819308702,13.824508489682525
IPO_Synth_0936,,396.9021647901379,6263.842300019143,86.49295241314225,53.39798188701082,10.441582455173068,150.33251675532614,,,,55.78288584918829,2024,1,25.050153770210702,Infra,neutral,1.2,46.826889672143054,14.62163583390153,16.182489377203762,0.7073663690529707,11.15811567816773
IPO_Synth_0937,,73.94388182540776,5547.348954945673,1.77802151135168,0.8484864540313455,0.5069304039170911,3.133438369300116,,,,-15.821558156544665,2026,0,-11.559908198151144,Mfg,neutral,1.2,81.383463968191,22.417636045768177,17.251412999426332,0.0,11.22204646907449
IPO_Synth_0938,,40.04,1751.76050146708,15.246961657928606,9.874076686586113,1.7563569151164802,26.8773952596312,,,,30.741528180787853,2023,1,10.388869703473894,Tech,bull,1.2,71.60531512029407,25.1831849788871,15.637940599603699,0.0,11.692441411418983
IPO_Synth_0939,,431.8816692777358,4074.4665128077627,10.0,3.205388048235353,2.4459703962897708,15.651358444525123,,,,71.91227623644757,2020,1,32.64117416987844,FMCG,bull,1.2,74.11506620635177,22.384088260615062,15.36180354437424,0.0,7.123208770593724
IPO_Synth_0940,,40.04,1383.680122532451,57.641072455025,15.558983908646494,8.203147250341134,81.40320361401263,,,,64.20593359836735,2025,1,31.03266997378141,FMCG,bull,1.2,47.75982674457323,17.874959533584104,18.8765544034704,0.0,10.64209157455471
IPO_Synth_0941,,380.4391443958455,4442.787183442934,33.89351080988053,20.30109575775416,5.149288059385199,59.34389462701989,,,,30.96408048981009,2023,1,16.870569046096595,Infra,neutral,1.2,46.78595287774004,21.04640998296831,16.87815577839437,0.0,11.415201469286131
IPO_Synth_0942,,92.1097056739924,452.98206896801287,38.50819268255098,28.779310615947768,6.0963691758254805,73.38387247432424,,,,41.813456214492966,2022,1,31.474729304116323,Infra,bull,1.2,57.956087119124916,17.817432966156172,14.221939353624222,0.0,10.321240186667538
IPO_Synth_0943,,681.3118043897555,5646.6521482410935,110.4628374306431,32.85154900396572,11.441344097737352,154.75573053234618,,,,36.416210060137914,2022,1,22.912282909279522,Finance,bull,1.2,74.3992420162934,19.287560457373957,11.96505044675329,0.3776062375410856,8.819101184929933
IPO_Synth_0944,,772.6792974638535,322.15092854456833,62.148870246597966,42.396029231987285,20.071580973600177,124.61648045218543,,,,120.59647668796806,2019,1,38.268642580626555,Pharma,bull,1.2,69.03052444451089,12.873876041837898,14.25415794789251,0.0,9.855741405310146
IPO_Synth_0945,,780.744440185745,617.7958397228135,2.0,0.8852897407734147,0.6021176357449286,3.4874073765183433,,,,23.502459102519,2022,1,18.55327739252869,Pharma,bull,1.2,46.001676463219226,28.28039610319289,14.198604048651278,1.6139663554430927,6.5795661818219795
IPO_Synth_0946,,296.4807461664648,307.4270121425136,0.5,0.5,0.5,1.5,,,,7.876563149569163,2021,1,4.592484696636786,Auto,bear,1.2,72.01969920062518,31.612925225811086,14.110057977169786,0.6802702733178827,11.842469994921146
IPO_Synth_0947,,40.04,2022.7119465665305,33.22062771942028,16.776778986398988,3.7953411755961306,53.792747881415394,,,,22.143761181256785,2017,1,19.559276066243957,FMCG,neutral,1.2,42.50182337112053,15.776415195676785,15.342897851679226,1.2943132383862512,5.6939960434946935
IPO_Synth_0948,,136.5689067960822,511.3229842273467,9.2579769741372,3.605307157885734,2.7377616542948093,15.601045786317744,,,,-10.420244044474678,2020,0,-11.559908198151144,Infra,bear,1.2,48.090856473022676,24.71702564378871,8.658050486208113,0.0,7.551222261980833
IPO_Synth_0949,,513.0658150279813,2790.0652311617487,49.29948525606276,29.41708028995655,5.013798169415084,83.7303637154344,,,,19.924347787270424,2026,1,20.57744615664194,FMCG,bull,1.2,62.8390204374066,28.747209126308068,10.375895781205395,0.0,12.045355080423004
IPO_Synth_0950,,40.04,269.7937696846463,0.5,0.5,0.5,1.5,,,,-25.794804277427847,2019,0,-11.559908198151144,FMCG,bull,1.2,38.91348207104556,14.254237585551051,18.742981934839698,0.6362161148544716,10.870769204594252
IPO_Synth_0951,,890.8388216709953,3580.141472311189,0.5,0.5,0.5,1.5,,,,-23.853370678982984,2023,0,-11.559908198151144,Tech,bear,1.2,42.65648649929702,8.0,6.0,0.9529785193195763,8.547549234958469
IPO_Synth_0952,,301.8835575650356,5473.980280411061,38.93732082586967,13.63906697552236,9.652875541173305,62.22926334256533,,,,18.908659305493032,2020,1,22.068258112661326,Mfg,bull,1.2,87.93818785018492,29.10079601624104,20.38664404814927,0.0,4.8626129480967
IPO_Synth_0953,,585.6743165998439,1723.6212401279427,81.09667016798971,53.852315110792944,28.35018791293517,163.29917319171784,,,,7.4992012845598275,2019,1,22.62579029367561,Mfg,bull,1.2,84.59278755640256,19.93805225468587,12.48485686917197,0.0,9.861601940345105
IPO_Synth_0954,,40.04,7295.933651283157,5.262592042687187,3.7507321343115345,0.7525789689836165,9.765903145982339,,,,-18.818977221644037,2020,0,-11.559908198151144,Pharma,bear,1.2,96.0,16.883055846113418,22.512623080330346,0.10846081543008573,8.109471267834952
IPO_Synth_0955,,98.51976248712919,4456.65560663379,6.139977237353056,2.7732304842881215,2.082501985267814,10.995709706908993,,,,-10.833393968252611,2026,0,-3.1210582835368768,Retail,neutral,1.2,68.11031227429318,20.284036420791907,20.517969954999906,0.20213645336834818,11.441251847760025
IPO_Synth_0956,,40.04,7087.459661707693,39.53587353753114,18.757400484948093,12.50794991937764,70.80122394185688,,,,21.33132547421478,2017,1,41.952983715083946,Infra,neutral,1.2,71.6057584126615,17.785524952838237,13.526700289331435,2.5,8.450127528530453
IPO_Synth_0957,,763.6459296989976,1362.4743748042667,7.1704524624845885,5.315756397832662,2.484301792243269,14.97051065256052,,,,5.911525287488902,2023,1,1.815036243145556,Tech,neutral,1.2,57.21076256528303,32.0,13.993276222129374,0.8132429876210288,4.747999404947288
IPO_Synth_0958,,360.0984195192079,71.9742,116.03713079798217,37.25461878005422,33.83029575311389,187.12204533115028,,,,86.58563247217789,2025,1,60.83363762622382,Retail,bull,1.2,53.69203502961139,16.81575480692407,22.1696738060307,0.539875333467077,5.848804619341796
IPO_Synth_0959,,609.9717530715154,71.9742,41.453935201599556,27.123714280682066,13.026839562130245,81.60448904441188,,,,24.615651426520664,2018,1,12.24920984766297,Pharma,bull,1.2,75.69447926000795,21.963952473850785,20.72955416295257,0.0,8.719016403289892
IPO_Synth_0960,,436.4833001448694,71.9742,10.0,5.336393029251206,2.4864940989383144,17.82288712818952,,,,20.418211731006632,2024,1,21.12176988116516,Pharma,bear,1.2,84.51558851654839,27.753475298928866,19.377330863293352,0.0,10.326300647877527
IPO_Synth_0961,,574.8465182074755,71.9742,108.44630804631082,74.86777516976007,34.35806996230928,217.67215317838017,,,,54.0849337735949,2023,1,47.2843066063466,FMCG,bull,1.2,74.15976293589378,27.72456317802583,20.148860608598643,0.2867918275723556,6.5083389041064486
IPO_Synth_0962,,299.5567335485812,71.9742,13.317919135693856,5.276749640410183,1.7030697151795904,20.29773849128363,,,,37.09332113123425,2019,1,15.12654273343526,Infra,bull,1.2,44.88335119380447,26.57592709347197,10.106151422773742,1.630375173987268,7.724544481397903
IPO_Synth_0963,,345.2938001583336,4188.858983353341,4.231482362183492,1.6844641957866315,1.2077225131614642,7.123669071131587,,,,-11.483623513968528,2017,0,-9.402680793117762,Pharma,bull,1.2,67.04923239848033,17.445945447604988,15.923837850819273,0.30086010393427554,12.377420470467806
IPO_Synth_0964,,383.4875930014104,71.9742,30.937402922720786,12.774362237305239,7.956509026790355,51.66827418681638,,,,9.986274611413597,2026,1,9.915961109295262,Retail,neutral,1.2,46.13728942370001,19.087408145372837,11.53330484264225,0.34368865252776615,13.328933344992896
IPO_Synth_0965,,553.3801046523907,3939.582613664342,34.443059936977065,8.897177666877443,3.959629991687091,47.2998675955416,,,,12.737737785989381,2018,1,11.520047790748865,Pharma,bear,1.2,54.159002600863644,8.0,9.990467100121377,0.0,10.830744296105431
IPO_Synth_0966,,562.4276082584528,7210.613469450557,16.850023034848103,5.643855390173229,2.9133284219759816,25.407206846997315,,,,-11.01472273802436,2026,0,-11.559908198151144,FMCG,bear,1.2,89.45207965199059,19.553027381784638,15.737494869082328,0.0,9.144889193867352
IPO_Synth_0967,,1375.1690405537977,71.9742,28.411698194872457,21.231872286792314,4.376160116998142,54.01973059866291,,,,7.8911498194413925,2023,1,6.753860996257061,Auto,neutral,1.2,38.40754361344572,20.196840265591437,13.137708369372586,0.9368945744832926,8.135756775259212
IPO_Synth_0968,,989.233516276735,2530.5915520453686,18.470271636046224,6.916641799609321,3.717952322732685,29.10486575838823,,,,-7.484758585336416,2025,0,-3.7722885966879316,Mfg,bear,1.2,96.0,24.450339221674767,14.251876641571599,0.245649852508884,11.617672959379856
IPO_Synth_0969,,40.04,484.1575979174918,80.99326849412172,21.054892546805988,12.115648211096623,114.16380925202434,,,,70.98705260570058,2019,1,32.296368818557035,Infra,neutral,1.2,69.89161831131807,30.77292417786095,12.749842148395633,0.9460309732143207,9.050893977670135
IPO_Synth_0970,,365.9392848190666,3674.595246193018,21.317152086943388,8.298131140087639,3.596361539291438,33.211644766322465,,,,27.21945192737429,2016,1,13.03985547884882,Infra,bull,1.2,51.609970213913726,24.267857863998024,9.354852987074679,0.6546319338197822,12.760382470581792
IPO_Synth_0971,,276.1738251631065,71.9742,75.43429523794309,34.261886061497016,13.126135679103577,122.82231697854368,,,,17.472894377388542,2023,1,6.170293899974199,Mfg,neutral,1.2,61.227890185992706,26.423870926493546,22.635568919835645,0.0,12.918052537941307
IPO_Synth_0972,,852.0964973522341,1178.7276607518595,2.0,1.0477872792823835,0.5,3.5477872792823835,,,,17.4928204411948,2020,1,9.992695798511583,Infra,bull,1.2,47.670640467325285,19.895203763424323,15.701219373395473,0.7254098694948774,11.23023162913295
IPO_Synth_0973,,306.9670612755021,4440.12937266529,20.782516927028407,5.9081164659931975,2.7790057431202366,29.469639136141843,,,,37.00508265284292,2022,1,17.119726120803108,Pharma,bull,1.2,50.15554770374567,27.70578538174264,8.510128907842473,0.0,8.507137652737269
IPO_Synth_0974,,573.4165797146765,1394.5643791173777,95.54968225356286,61.65003662429939,15.31425481751606,172.51397369537833,,,,48.331802706368414,2021,1,25.640292369501523,Tech,bull,1.2,61.319324283476675,20.066793972875693,15.818869110427501,0.7175421572171904,8.738845273995533
IPO_Synth_0975,,40.04,71.9742,5.936702686935373,3.934553470220858,1.0643737051377613,10.935629862293993,,,,-6.898189370786881,2019,0,-9.345722543717072,Pharma,neutral,1.2,54.079422617750026,26.84363719362166,21.84625408798845,0.43716280477096303,5.068892429491983
IPO_Synth_0976,,40.04,4753.71303965603,14.531446350478934,5.181627345575314,3.0845462982426275,22.797619994296877,,,,-12.019060278270798,2023,0,-10.25201982500865,Finance,bear,1.2,43.20658261922051,24.826997658131088,19.31427366600792,2.0405992150497547,9.842033289596545
IPO_Synth_0977,,1129.5197532089744,71.9742,154.0717548728328,100.02478441008364,16.874271112488902,270.97081039540535,,,,81.99038380504844,2021,1,36.19901409277645,Pharma,bear,1.2,56.01461121563558,22.356354421977315,12.665749082521007,0.0,9.748924258277471
IPO_Synth_0978,,431.9848595170722,1726.710921275369,0.5,0.5,0.5,1.5,,,,4.654982585059857,2022,1,3.366672762920972,FMCG,neutral,1.2,36.33693399655609,10.755625879185764,12.77381628968841,0.0,5.867422124882862
IPO_Synth_0979,,73.76230669022353,3038.355793687069,0.5,0.5,0.5,1.5,,,,-15.830599467397287,2023,0,-11.559908198151144,FMCG,bear,1.2,37.10733609182804,26.56008200160105,10.69315996580344,0.08683728927953321,16.0
IPO_Synth_0980,,497.78332997154985,1833.7336112317457,151.66837750402718,108.92733799882443,26.062119953375472,286.6578354562271,,,,27.14599613376296,2023,1,21.896071047971976,Finance,bull,1.2,36.923031745797374,22.268813793079648,11.659857731412542,1.1090859832236866,11.668740460230318
IPO_Synth_0981,,55.112086784579354,8126.552555807824,75.34743982990587,52.43821617342083,17.986763517131607,145.7724195204583,,,,5.3708606731464625,2019,1,22.319339646021472,Infra,bull,1.2,90.08384281655049,24.215450071258704,12.026012500806962,0.0,7.478663010409628
IPO_Synth_0982,,318.02570410345743,3431.839020985133,1.6044401649032167,0.7020313884899599,0.503004899146379,2.8094764525395557,,,,-19.120560095470026,2024,0,-11.559908198151144,Infra,neutral,1.2,67.30123206771452,21.881247945388576,8.392777122897149,1.3755328636226372,16.0
IPO_Synth_0983,,40.04,995.0671334420064,28.91068734188713,14.283474054021335,6.192736937901401,49.38689833380987,,,,5.770925020132545,2018,1,17.25736720862683,Tech,bull,1.2,70.72542694353078,22.915581510355207,13.00208950849261,0.2913844059303625,8.511852872454963
IPO_Synth_0984,,145.40610721487266,3090.462908424998,46.13637794297162,18.14367937291392,7.483772648539547,71.76382996442508,,,,37.204355858785725,2026,1,28.21077323494376,Pharma,bull,1.2,60.20269741461986,27.80392391566836,16.547903594138436,0.0,12.491017113952884
IPO_Synth_0985,,272.6073791995611,2068.2431550034394,71.29217028053955,36.19625602744309,17.214840210901254,124.70326651888391,,,,44.220176474321285,2024,1,20.3934985914756,Auto,bull,1.2,69.11307841175413,17.15645876277777,13.13701357086732,0.13215442918452752,10.262897768450195
IPO_Synth_0986,,797.6370726814764,1637.2617955353699,146.63811530533258,86.6563736680971,32.368257864664336,265.662746838094,,,,98.14733839175653,2022,1,25.96855352095154,Tech,bull,1.2,81.16522694306363,22.80583139828461,15.978090272429936,0.0,8.614724356013296
IPO_Synth_0987,,573.3336188489748,2156.333118452044,5.177494290294023,1.5342668093431442,1.0653663043481694,7.777127403985336,,,,-1.0326394048111927,2017,0,-11.559908198151144,Pharma,neutral,1.2,67.34074950506952,15.33538988678108,22.298699522040405,0.0,8.989175330251067
IPO_Synth_0988,,632.9328380409246,391.87139513078836,34.5454008099013,24.524490395060425,11.951697802207477,71.02158900716921,,,,24.047301551047667,2025,1,19.455367202760513,Infra,bear,1.2,89.5259404774654,23.460080807443514,23.26049394386373,0.0,14.309955115084385
IPO_Synth_0989,,406.0178306399742,2075.9401220060176,29.013163846063097,17.681695072741345,10.125233435995396,56.82009235479984,,,,-0.1,2022,0,5.741248566332515,Finance,bull,1.2,59.33066271162959,21.50772278434525,14.694327938498647,1.2304789451846814,12.628690212757245
IPO_Synth_0990,,695.8956644082808,206.01107210631798,14.876183783959092,4.438701294141129,3.5775132954950957,22.892398373595316,,,,-5.4306520690998346,2024,0,1.8418726176038722,Auto,neutral,1.2,70.78042605555538,16.21418758012068,18.960819757924163,0.0,9.63278536018525
IPO_Synth_0991,,116.44029580699056,71.9742,64.61977054621956,44.2318772709866,7.5605765955275235,116.41222441273368,,,,92.07196228618297,2016,1,31.13194446325909,Auto,bull,1.2,72.67223639127282,20.561983633601788,14.250091225486516,0.10852490202671772,4.0
IPO_Synth_0992,,164.54012973747044,4489.638080664079,207.88998616873596,129.27460693075815,50.253120608224066,387.41771370771824,,,,49.75463864019832,2019,1,44.306271949426474,Pharma,bull,1.2,43.22318732653563,16.58774409358891,12.804567235089168,1.344777751445207,10.913283673658947
IPO_Synth_0993,,554.0494135413342,71.9742,101.68318717026628,41.34066315458361,34.38091965164727,177.40476997649716,,,,73.88843759726207,2019,1,51.1257938610342,Finance,bull,1.2,60.769337371971844,17.73199442090936,9.97428569739605,0.5558643562835587,6.260575171298868
IPO_Synth_0994,,319.4692976267393,1889.7922696427056,86.90939045484754,44.38606354719052,28.803782443304843,160.0992364453429,,,,25.502854767526596,2024,1,40.746767947682116,Retail,bull,1.2,26.854416496756247,22.128841591052996,15.38975567653395,0.0,11.615778901565506
IPO_Synth_0995,,410.0925405152372,71.9742,36.313894247927614,24.6958204605888,5.587808188939667,66.59752289745607,,,,15.340551901459786,2021,1,9.915815455235169,Finance,neutral,1.2,57.662256672371214,21.610393157731167,19.879720269554962,1.1727969037391635,7.85783821875916
IPO_Synth_0996,,358.75580348611453,71.9742,71.35670054879651,52.38030022743415,10.527244791811476,134.26424556804213,,,,8.084837940083144,2017,1,19.924581359086645,Finance,neutral,1.2,54.97588375762989,8.47713038843588,9.265110409553973,1.9838358062786785,8.171715823625544
IPO_Synth_0997,,842.9829652228957,71.9742,140.37138053086616,54.82045618531156,19.380229193556982,214.5720659097347,,,,34.7804568189745,2022,1,28.886886762849098,Tech,bull,1.2,53.898927736268845,22.222932722573585,13.70807862200651,1.0030941037981564,8.085746265435121
IPO_Synth_0998,,860.780446250838,3990.1255376272343,61.86484559798349,35.58955215058823,18.865442609807904,116.31984035837962,,,,38.07041626182716,2017,1,14.91338005710058,Tech,neutral,1.2,52.664749732690844,18.180001500166096,13.490962886349061,0.0,13.061544709982881
IPO_Synth_0999,,200.93274528474913,4618.537940534171,44.19466780827869,30.05783047154648,9.833921893682085,84.08642017350726,,,,27.40113530695945,2020,1,15.120852252519258,Retail,bull,1.2,69.21553656018988,17.514152353664297,16.110954962474693,0.0,4.701197160083424
IPO_Synth_1000,,40.04,1589.2771027681758,142.45352091886235,105.99730366620297,26.28433314812537,274.7351577331907,,,,50.97967370783456,2026,1,30.11901195031769,Mfg,bull,1.2,44.05504256394215,13.23707054226552,16.182445623998596,0.0,12.213285692063566
IPO_Synth_1001,,171.78483831439203,124.88649024171718,70.85680176474833,20.219643406744254,12.83937947003578,103.91582464152836,,,,19.015004512228987,2020,1,11.00772347856193,FMCG,bull,1.2,93.47982515141669,19.727652191039656,17.417560102914937,0.6030329368957593,11.026902320372509
IPO_Synth_1002,,108.43322469489497,71.9742,0.5,0.5,0.5,1.5,,,,-7.494434164496532,2020,0,-3.4929859950341338,Mfg,neutral,1.2,70.2146609492047,16.861894364174606,23.536420062155916,1.9262562753099208,9.782093849563323
IPO_Synth_1003,,698.9355193716248,3592.226017657677,12.407615687592326,8.521958428054011,3.9785633076295137,24.908137423275853,,,,0.1,2016,1,3.320439740729046,Auto,bull,1.2,45.54661968855352,27.64113676582906,11.082768876674413,0.0,8.655854718108412
IPO_Synth_1004,,729.2509651665727,71.9742,118.37232151852295,29.779997632120345,23.960922147835877,172.11324129847918,,,,39.701254166218185,2021,1,26.010300016461084,Infra,bull,1.2,71.64989007988473,9.50341279010946,10.835463894401101,0.0,11.45944601882235
IPO_Synth_1005,,62.621772467616545,71.9742,29.91907401063059,14.020604950372434,4.8171035742070405,48.756782535210064,,,,29.909154906268068,2026,1,12.355543613325292,Auto,neutral,1.2,77.90735344907594,14.216458459648969,16.113144961975244,1.521444185840287,8.679934645281149
IPO_Synth_1006,,157.09396427333422,1597.9418976784038,34.84778432175314,18.890961650020447,9.673786797900236,63.41253276967382,,,,26.813642608452568,2026,1,19.653827010866447,Infra,bull,1.2,66.64411486309822,13.810208176285288,21.537255927759382,0.06598795292214898,8.652786964973036
IPO_Synth_1007,,40.04,652.0640207707686,133.8202512368579,68.68259549162296,34.64119723690246,237.1440439653833,,,,66.87427733558795,2026,1,26.793092310783003,Mfg,bull,1.2,41.89548587381003,21.5519464508392,8.41929911004678,2.2139794729665923,10.191260759015712
IPO_Synth_1008,,460.72388314187566,71.9742,8.455555428079515,5.21188888976086,2.3577588173602555,16.02520313520063,,,,8.865924959046149,2019,1,4.178175084307523,Retail,bear,1.2,96.0,27.038767786868565,16.491175624216933,0.35189723177444776,15.159266681403823
IPO_Synth_1009,,399.4792714980832,71.9742,10.0,2.827610434769905,3.0548902863246625,15.882500721094567,,,,46.4092296882821,2016,1,28.658021406425807,Retail,bull,1.2,71.51053947931898,23.01873071905508,14.093976355019896,1.6677701137322984,5.461385684930521
IPO_Synth_1010,,684.3749037199973,2397.7708100859218,24.945778219705936,16.032860253236745,3.1259162699689127,44.10455474291159,,,,25.053982123173988,2018,1,20.489941797674142,FMCG,neutral,1.2,37.54356784539042,13.432117284060983,18.844296764513317,0.8827821927778083,11.50211255936893
IPO_Synth_1011,,584.6350834760348,71.9742,11.15779596827128,4.369228525269519,1.1213270896607177,16.648351583201517,,,,-22.271493656662596,2018,0,-11.559908198151144,FMCG,bear,1.2,63.764071604208986,17.424613780049715,17.82685550193178,1.2070902806111445,9.57087257083196
IPO_Synth_1012,,623.2587640573514,2849.940536277195,10.0,6.621146932619778,1.1264156028903853,17.747562535510166,,,,48.675302152993545,2016,1,43.50614698106636,Tech,bear,1.2,56.03428497311113,15.14493967553563,15.218325653168572,0.32293239466404683,9.338212587146408
IPO_Synth_1013,,40.04,1903.1824627081521,5.138692055562694,2.362482652263195,1.4218674319845854,8.923042139810475,,,,10.560352937992311,2023,1,1.4532867159571528,Auto,neutral,1.2,60.115690478012766,23.04638794340447,17.193851894126418,0.3883376041961867,5.419086086946166
IPO_Synth_1014,,200.87799726719243,4248.453744505634,4.391382513934184,1.1920816052667247,1.4650711929395643,7.048535312140473,,,,-16.40144824098466,2021,0,-11.559908198151144,Tech,neutral,1.2,38.51310323618294,17.302578558715865,12.037748758663346,0.918919810887213,4.732648340284698
IPO_Synth_1015,,738.9519435018562,71.9742,6.0137254541857175,4.401790744538153,1.0991667613809997,11.51468296010487,,,,-7.123905858130171,2023,0,-10.326818701240152,FMCG,bear,1.2,60.97787699495554,11.523211908530776,18.601009322615372,1.2981396524729194,11.019795848096656
IPO_Synth_1016,,230.85212442159343,2127.5202887275104,9.021740969422815,5.776391998721262,2.664106950950995,17.462239919095072,,,,-4.205966719945195,2018,0,-9.807425033892288,Finance,bear,1.2,45.03745028820191,23.50823911636533,21.23935589076339,1.0260615877848474,6.191973255463061
IPO_Synth_1017,,40.04,3183.157774865759,21.925227669527878,9.294279764833153,6.189406870425013,37.408914304786045,,,,42.783752839180266,2023,1,13.41993275282721,Infra,neutral,1.2,53.70828995035543,27.579551201406765,15.450722290836177,0.0,13.04911222803885
IPO_Synth_1018,,690.8198636963964,71.9742,28.11702425456228,10.82543909443624,9.686747712265653,48.62921106126417,,,,9.524967146462663,2016,1,6.363893225384715,Retail,bull,1.2,66.97399177136798,18.927965313797838,13.16421279690205,0.7576823529275151,6.952423616980248
IPO_Synth_1019,,217.63655305763456,4455.806823080988,2.0,1.0889637284500542,0.5,3.588963728450054,,,,9.209238060301924,2023,1,5.000803619527761,Pharma,bull,1.2,51.420612540008264,20.72240227003828,14.346815665764879,0.0,11.652930809175185
IPO_Synth_1020,,777.8038076376788,71.9742,74.53421989727444,55.42717148945342,10.547951755415998,140.50934314214385,,,,76.79327693269032,2024,1,25.702791451061113,FMCG,bull,1.2,54.77240795404656,10.962192746541168,18.55367986143966,0.0,8.271841923593039
IPO_Synth_1021,,408.5318784939921,71.9742,31.566303612268936,12.471322938200121,9.19551204237551,53.23313859284457,,,,30.772119727066165,2018,1,19.64658502037835,Pharma,bull,1.2,74.76416980146095,8.0,14.811603166851645,0.9575027562091047,8.127997907892883
IPO_Synth_1022,,320.1278570138751,71.9742,40.978019740532766,29.673641205833643,12.486195867501065,83.13785681386747,,,,30.823476510038432,2019,1,19.130893519734173,Pharma,bull,1.2,44.0052516096593,8.905498000573145,9.601604308202159,2.1979189236264576,7.258435175517297
IPO_Synth_1023,,880.4687551650811,71.9742,75.69812688814432,31.42937477358431,20.95513540849062,128.08263707021925,,,,14.497317875441981,2020,1,21.160559689585405,Finance,neutral,1.2,48.32842362396099,19.731669203233633,19.28447152306065,0.2679489052014892,11.310449561604216
IPO_Synth_1024,,40.04,1119.399048926096,42.87353663861516,25.811964827627456,13.539266437646953,82.22476790388957,,,,36.71521829774484,2022,1,25.62558546132034,Finance,bull,1.2,37.41738929746577,18.152348022495076,10.577239836514769,2.4728806108593426,12.14671564668786
IPO_Synth_1025,,904.7316940364252,3686.1126363333674,17.32306448618428,7.6371705698578936,3.3398114053682217,28.300046461410396,,,,-23.23597051390751,2021,0,-11.559908198151144,Pharma,bear,1.2,45.18845835427205,23.27739564667861,16.910223166185943,0.0,9.053403228898011
IPO_Synth_1026,,196.42714814028042,1117.560644001867,15.673248187286916,4.584834354705866,4.272194411961304,24.530276953954086,,,,5.576596030951479,2017,1,4.403328769376642,Tech,bear,1.2,62.32423613064284,18.81408095521407,6.601371519453299,1.7317427051599734,11.773618050235822
IPO_Synth_1027,,470.2853266867375,71.9742,3.5080872695647325,2.519138815096114,0.5822097399914524,6.609435824652299,,,,-15.958045807968164,2020,0,-11.559908198151144,Mfg,neutral,1.2,71.51034963310667,25.92657102043869,15.486678545838705,0.9306920520341562,10.037824889679618
IPO_Synth_1028,,473.51342709143034,71.9742,3.3469143956263485,1.1110550815881546,0.7082406773705274,5.1662101545850305,,,,31.381702584202625,2021,1,13.071195263592621,Auto,neutral,1.2,45.48899124558982,25.23359958821142,14.692667763554429,0.7085566518607832,5.997315654268775
IPO_Synth_1029,,268.9240135663886,71.9742,21.089974603265894,15.234253184812138,3.3875358825723008,39.711763670650335,,,,34.93785900237426,2022,1,12.190490595190875,Finance,neutral,1.2,70.97662105040622,18.065240450791933,6.148196298250499,1.883162374614606,11.135599454021229
IPO_Synth_1030,,154.49520279656213,2329.2167587819654,133.17727538655836,40.17337964965878,18.462820908345407,191.81347594456255,,,,54.96296434380626,2022,1,34.91891392859116,Mfg,bull,1.2,61.8938752593368,13.979366756256265,16.49766528116051,0.0,9.098388401030947
IPO_Synth_1031,,288.4960726825096,3816.1397111568945,150.1013641985237,57.559928878271315,16.35929431296896,224.02058738976396,,,,50.98919200731031,2023,1,37.99438905224608,Pharma,bull,1.2,35.11315184853343,8.503031897555907,10.043878395116023,1.7775692076301182,4.0
IPO_Synth_1032,,68.26186636666452,430.5640902870301,30.779718053539206,21.867812332733454,8.244534145720607,60.89206453199327,,,,25.964963530032517,2020,1,16.679362518481934,FMCG,neutral,1.2,63.14208661564257,28.60141431895764,15.381383680734778,0.2916853898737354,8.82768346295582
IPO_Synth_1033,,1085.000007842624,4673.962020119551,11.298208095649219,6.5447178782213875,3.602075182534872,21.44500115640548,,,,10.384508134060718,2021,1,1.4615902962499014,Auto,bear,1.2,81.49843009252496,14.344843970568583,13.147195647690127,0.0,4.919499102149652
IPO_Synth_1034,,250.47457194662212,71.9742,18.83705878232422,6.493920005194445,3.364390219839045,28.695369007357712,,,,31.55239692451141,2019,1,22.790962603289156,Retail,neutral,1.2,25.941567357643365,11.021396397335185,8.337496074981182,0.0,6.305380742812025
IPO_Synth_1035,,810.7020264066188,505.2196873721847,4.368141665983977,2.385209148455116,0.9055544073365542,7.6589052217756475,,,,11.601993455036508,2018,1,0.8651916233521801,Tech,bear,1.2,96.0,20.779144418517564,10.294232797261742,2.085353938543573,9.253145073735647
IPO_Synth_1036,,765.6897963807838,724.8944039655551,2.0,0.680391208035554,0.5,3.180391208035554,,,,0.1,2019,1,12.260619922604732,Pharma,bull,1.2,49.01067157533979,11.074751985973865,10.654378635441828,1.6412609465474457,9.77434345947196
IPO_Synth_1037,,538.7937359546821,5502.734294155985,64.81494514430926,44.542193610042105,13.171284372978961,122.52842312733033,,,,55.932320478738326,2020,1,33.63342435667212,Pharma,neutral,1.2,30.31609887731676,20.773107743328882,19.420857706033654,0.02193667434032076,7.494839373571046
IPO_Synth_1038,,368.47605268550575,1869.677028562065,3.0676105526405166,0.8433300190076454,0.5225077274932897,4.433448299141451,,,,17.064563644895276,2017,1,0.21907642334731872,FMCG,neutral,1.2,62.49162422357747,17.98213494476633,18.761169950741404,1.0454186672085317,11.58190125716611
IPO_Synth_1039,,481.0152157341196,71.9742,88.3243604669843,45.4772282896805,21.51139865691806,155.31298741358285,,,,40.16044323621105,2018,1,29.727830923062424,Retail,bull,1.2,74.9595666259659,25.54207365499336,24.0,0.6265995843670179,9.656434853480864
IPO_Synth_1040,,610.2671612028965,3998.8644912904215,100.4208930931891,28.29223224385812,32.85061603242187,161.56374136946908,,,,71.00434331747225,2017,1,26.951562981033394,Infra,neutral,1.2,54.952198278344895,25.02017799210844,12.69655646549227,0.147087312808934,8.728063049751594
IPO_Synth_1041,,449.1406867169781,6326.59879559391,4.122984321731101,2.4635300333818937,0.9340132088960884,7.5205275640090825,,,,-15.769037597734288,2020,0,-8.373523042103482,Infra,bear,1.2,65.60878683474688,26.619935621267167,12.551703277171303,1.4647581614551475,10.130213778836493
IPO_Synth_1042,,40.04,871.7125258451389,78.30300211608048,56.21361697281611,21.054359036071858,155.57097812496846,,,,50.33587400885041,2021,1,33.36847019914522,Tech,neutral,1.2,96.0,21.237570367049525,15.606928181222804,0.0,13.61517667920851
IPO_Synth_1043,,40.04,71.9742,51.46635885362027,34.252571778407805,14.223794134988813,99.94272476701688,,,,60.013581663254946,2017,1,27.409630462483808,FMCG,bull,1.2,63.7017701877249,14.849960061598848,13.401300161432767,0.0,4.0
IPO_Synth_1044,,930.2710556335527,3771.376153225087,46.404062481414485,20.225856232585222,6.4087712423210546,73.03868995632075,,,,5.5341339707992505,2017,1,14.496713237514419,Infra,neutral,1.2,96.0,13.778684972265133,12.378466320032697,0.759837301493779,13.898572019822916
IPO_Synth_1045,,40.04,6634.622352889268,10.41772320366709,3.838435666356296,1.9443914860442761,16.200550356067662,,,,-8.948322184088227,2021,0,-4.207985897906485,Auto,neutral,1.2,82.76335042128825,16.815820560692213,15.24491182046528,0.5667660986041371,8.150072527054952
IPO_Synth_1046,,481.6653582488221,3730.963883017843,9.046561520473926,2.809081707891795,1.160550699619073,13.016193927984794,,,,-7.025943644269546,2018,0,-6.304787192767323,Retail,bear,1.2,60.92763574345421,31.965649095570637,18.166238780267665,0.0,7.663237265325147
IPO_Synth_1047,,334.5569296929464,71.9742,0.5,0.5,0.5,1.5,,,,15.998796239873105,2025,1,0.6542847087184437,FMCG,bear,1.2,65.24767057355018,18.504871612042088,6.0,0.0,8.793474767749553
IPO_Synth_1048,,469.7494760813751,3486.1581000871197,111.62374527342077,32.43278869842388,35.92291225453196,179.9794462263766,,,,13.79489083527766,2017,1,24.033976036582064,Tech,neutral,1.2,54.250175411411256,20.966092978400557,12.425096322850681,0.0,7.3398885573975425
IPO_Synth_1049,,40.04,2573.8962959898513,18.68650848610565,10.546938133890858,4.115396805189163,33.34884342518567,,,,-17.578791421891584,2021,0,-8.391559001480847,Retail,bear,1.2,64.49240320574384,29.11157444230065,8.687431618195376,0.1372782934441774,6.878874962724262
IPO_Synth_1050,,534.6085408238926,71.9742,188.71723883303252,81.8341610865649,40.392706752934856,310.94410667253226,,,,14.889348755399048,2024,1,21.75971199416645,Infra,bull,1.2,70.10804093148283,21.527678773291306,14.307760073572462,0.0,12.54047693478475
IPO_Synth_1051,,485.1943771176804,4876.478935277834,0.5,0.5,0.5,1.5,,,,-2.8048482335846634,2017,0,-11.559908198151144,Infra,neutral,1.2,52.725300993133075,15.508091960719195,16.94683501190336,1.4643959335174122,10.479056265666411
IPO_Synth_1052,,1357.9445292121654,2662.7702524270812,2.0,1.008823313518345,0.5,3.508823313518345,,,,13.205301252813195,2020,1,7.874163202853774,Retail,bull,1.2,35.16051618094242,24.38094604895209,20.02623822276299,1.0165026200685923,4.246925910801192
IPO_Synth_1053,,459.2214257965453,4944.521573459904,36.4266237298153,19.101956648040893,12.171952426540267,67.70053280439646,,,,34.754295042188694,2021,1,14.663835380601547,FMCG,bull,1.2,83.78301626228213,17.429145148483112,13.048144764517058,0.015466097796353329,12.022330361244123
IPO_Synth_1054,,875.3600714225297,71.9742,130.78351711859835,92.7182410936292,22.985050256229833,246.4868084684574,,,,58.385811836807285,2022,1,65.21000667085538,Retail,neutral,1.2,77.52268128607902,21.73475154164737,15.478226520850653,1.022719623677587,11.585327575253046
IPO_Synth_1055,,40.04,2559.7632925390335,3.252370113980858,2.3899015712681764,0.9199219795504299,6.562193664799464,,,,-11.37685741754213,2025,0,-11.559908198151144,Mfg,neutral,1.2,34.49239947620375,23.07294111046025,7.430438666860867,0.39252527254353897,5.5462357318759885
IPO_Synth_1056,,763.2721747835307,71.9742,81.75041249324114,44.293863843597336,9.036315871801701,135.08059220864018,,,,47.21695633873365,2022,1,44.1491470728776,Infra,bear,1.2,63.07783938465091,17.0341688069115,11.127903689503059,0.23055081658431265,10.540775974264163
IPO_Synth_1057,,492.11383611612666,2166.4319421108785,5.490270905598806,3.558195366658311,0.7251466910321277,9.773612963289246,,,,13.45708336022468,2020,1,15.533756792954735,Mfg,bull,1.2,78.48730796866433,21.118229396659743,15.932138862502777,0.4451902173415595,11.86137719037518
IPO_Synth_1058,,506.96099366127027,5366.891494586979,52.79653935407577,29.955878663500357,9.390892951936847,92.14331096951298,,,,12.65548038667754,2020,1,21.189635821478824,Finance,neutral,1.2,76.62711477992106,29.600277211172926,8.88443504496319,2.271309694197685,5.187111730644811
IPO_Synth_1059,,511.68507744376205,71.9742,33.04555942569703,15.323233572160062,10.751545102980284,59.12033810083737,,,,32.82098703183696,2022,1,14.852130406702537,Retail,neutral,1.2,47.508536676726806,16.240791597603916,20.56655429826407,1.1440184898868746,10.855856819065067
IPO_Synth_1060,,997.6829979612703,71.9742,10.0,2.7865767863734843,1.548229137197631,14.334805923571114,,,,14.52186421494446,2019,1,21.915854841154925,Retail,bull,1.2,77.67810150596047,27.901355497936024,17.35582383527491,0.2015177948274407,7.974709373882744
IPO_Synth_1061,,501.9621522988569,4008.808665588117,10.10932904507377,6.155286755128295,2.847658003278172,19.11227380348024,,,,1.8872407344523163,2023,1,8.96459832004335,Tech,neutral,1.2,60.2717507139498,16.457019211244372,10.929382917551468,1.393862953369592,11.626574299140861
IPO_Synth_1062,,146.97711796438585,1485.0104918036689,88.84132778819449,53.31646919562975,12.604906797913925,154.76270378173817,,,,64.5204264425686,2020,1,43.7603490726507,Finance,neutral,1.2,66.99618868020191,30.812412849603113,8.3302626191236,1.3578078833155076,7.1990561636638475
IPO_Synth_1063,,204.42638978094578,4570.4920184248,2.551620393326669,0.7867950911792746,0.6460971050234401,3.984512589529383,,,,20.846308735554512,2016,1,2.411487452005403,Tech,bear,1.2,43.44914607308369,14.867084306140915,11.763162227861049,0.7597173026713474,13.126729848169504
IPO_Synth_1064,,693.9412454798993,71.9742,78.37334002766369,28.608968090284566,19.33525611939198,126.31756423734024,,,,65.12181570273943,2021,1,36.79538672623092,Pharma,bull,1.2,24.0,17.636865784294525,10.953059858641517,0.17143019452110775,9.269395417427557
IPO_Synth_1065,,567.6665225169676,1655.0168773467428,0.5,0.5,0.5,1.5,,,,-12.778233582125964,2018,0,-1.6550909241570229,Mfg,bull,1.2,46.00808674491367,29.049534649202858,9.523510337785332,0.10539038144692836,8.15531893390073
IPO_Synth_1066,,40.04,3312.925045337933,26.07679375048829,8.471202618477342,4.473972827799079,39.02196919676471,,,,28.673720082930007,2019,1,10.986747354577075,Tech,bull,1.2,69.65838782447642,29.313396505198966,8.669353617522642,0.0,7.832438953651369
IPO_Synth_1067,,590.6164318688617,2068.908364546456,10.110227095980948,6.020311827337429,1.420747237630525,17.5512861609489,,,,-18.221538636050624,2019,0,-10.90941544433316,Tech,bear,1.2,56.30221874907019,24.910559960611284,13.96319954005537,0.6804923046233661,12.622056577737693
IPO_Synth_1068,,45.109291632621044,71.9742,150.99354120751912,91.95334460500604,48.56275974380275,291.5096455563279,,,,23.03673708706698,2017,1,22.138707722456424,Infra,bull,1.2,71.70343600200381,13.508902988861198,18.295173555129903,0.0,7.830509573529531
IPO_Synth_1069,,564.5248080213618,8868.808115359832,61.73371070551219,26.340041367460834,14.961842895732286,103.03559496870531,,,,52.23370709961816,2019,1,43.56720465691432,Pharma,bull,1.2,79.91069366607526,20.494455427828306,11.80012995280572,0.06328082659697282,13.18133762269274
IPO_Synth_1070,,139.65625445674323,2074.437756062991,17.9977198073534,6.822772247675516,2.753845369660471,27.574337424689386,,,,19.289701351754328,2026,1,10.61656320317718,Auto,neutral,1.2,54.05062813893462,20.007491915341884,17.00197587518369,1.1240178868320863,10.64025851437098
IPO_Synth_1071,,318.67191861181493,71.9742,8.248891938595987,3.6008038801645914,1.6772658675824335,13.52696168634301,,,,1.1053787344314303,2019,1,8.02962032562882,FMCG,bull,1.2,52.278919580562395,14.865121443988322,13.525157996946868,2.1871825137981737,5.843167659625404
IPO_Synth_1072,,228.72324572366196,2339.612726285963,29.943700274813608,12.863763054060662,3.4966119162669043,46.30407524514118,,,,-22.349334008455138,2024,0,-11.559908198151144,Retail,bear,1.2,24.0,24.181022992713462,17.7554251121146,0.8742012309440137,10.077937511978774
IPO_Synth_1073,,933.6612126534231,2638.8073678209607,2.0,1.1070198057045824,0.5,3.6070198057045824,,,,15.392457276702912,2020,1,7.3282459554189145,Infra,neutral,1.2,32.141873959713784,15.339841417620526,11.460850846353837,0.3948536443380743,10.140578767117422
IPO_Synth_1074,,552.0875765161389,4108.8886096119595,8.094334048658352,5.034061821890097,1.6672117905083406,14.795607661056788,,,,-19.13040051875604,2016,0,-11.559908198151144,Infra,bear,1.2,35.881267683796736,12.256463675152414,16.264461603708423,0.4812364111931021,5.745533734434316
IPO_Synth_1075,,845.6003964903151,3935.0681297516912,9.229118082510531,6.283887933101927,1.2291483375926462,16.742154353205105,,,,9.372695713698745,2025,1,-7.466394108026853,Tech,bear,1.2,70.0195055689349,10.274794710273584,15.540590887558759,1.6379647136626534,10.024846706049468
IPO_Synth_1076,,1403.7856241583265,965.1479046989407,12.72883699637627,3.3730926962000343,2.6869694546970453,18.78889914727335,,,,20.362047401820952,2025,1,17.19902561483529,Mfg,bear,1.2,54.23045177305809,30.273771708166567,21.130437475383324,0.8877025976104987,11.626539865137657
IPO_Synth_1077,,430.81012668114124,71.9742,53.9551066172797,33.08936002472739,14.022019553708661,101.06648619571574,,,,65.06301220162639,2018,1,40.837782609619424,Finance,bull,1.2,50.38377873842563,16.93710035680512,17.514344350200876,0.6937360467295386,13.384458346122189
IPO_Synth_1078,,927.8806252987615,2722.6686651811124,118.63258544952032,48.29449619324676,39.40056405092731,206.32764569369436,,,,72.13097722301089,2017,1,73.08970052682825,FMCG,bear,1.2,48.32257715893521,17.062968670876028,16.15203211990636,0.7645703781703481,13.253006646891171
IPO_Synth_1079,,175.89795346614181,71.9742,12.266778286817747,8.210412375402631,3.38313204590038,23.860322708120762,,,,-16.6115711530403,2026,0,-0.40453101512393896,Mfg,bull,1.2,45.978342111613635,13.815981407224523,8.38550273401294,0.0,16.0
IPO_Synth_1080,,843.4706457063347,4684.972640118412,160.81368102994978,46.29158176366171,36.28098507310946,243.38624786672094,,,,52.916687042211215,2017,1,43.35454769743758,FMCG,bull,1.2,76.62229735988632,28.20754837840661,12.636382495563259,0.890476410209188,10.001753505920199
IPO_Synth_1081,,138.98851946508788,71.9742,17.345245631681266,9.116440040357038,5.073706010231191,31.535391682269495,,,,8.581272765779294,2025,1,17.56622525522997,Auto,neutral,1.2,61.68023874731966,11.718498589988462,11.398208604333082,0.0,11.661404833748596
IPO_Synth_1082,,408.53173820493464,3174.530987269398,11.38753517756805,5.9709036965551965,1.935696733713096,19.294135607836346,,,,0.1,2017,1,9.01735151169871,Finance,neutral,1.2,77.8438865246696,12.775197295057039,11.300076732052666,0.8944174092141548,8.181295381522844
IPO_Synth_1083,,598.211876961081,71.9742,13.100377821521024,5.4138062141566365,3.500360687079304,22.014544722756963,,,,15.425917373562157,2025,1,21.653277535412546,Auto,bull,1.2,24.0,18.06903139542236,15.069780163883893,0.0,15.652688699501594
IPO_Synth_1084,,651.9616252513814,241.03478817246713,41.64206981183334,30.613304985893983,4.216906756988639,76.47228155471595,,,,15.512789741901944,2026,1,13.630801261251495,Finance,neutral,1.2,69.5892027519477,19.870599107069513,16.083694853487557,1.0911695706290363,7.327194078534424
IPO_Synth_1085,,40.04,71.9742,27.027562480729472,8.20182669460646,3.1929763008909733,38.42236547622691,,,,10.040074279325435,2018,1,14.680023501895691,Auto,bull,1.2,51.291727996462235,23.951811502664356,16.259735088722678,0.34692745794579866,15.517708882924445
IPO_Synth_1086,,118.65969684915665,3385.684096928761,0.5,0.5,0.5,1.5,,,,27.957135307584473,2018,1,3.453323889405325,FMCG,bear,1.2,54.93348795936131,15.946428778354804,20.676497487331996,0.0,15.132812287314485
IPO_Synth_1087,,623.6847583603986,71.9742,6.531181091119323,3.736683325509529,0.9675121439483613,11.235376560577214,,,,-16.69462133705476,2017,0,-11.559908198151144,Infra,neutral,1.2,84.35087164337267,29.26600286234293,17.175971687842654,0.20931905349206098,7.645322423662566
IPO_Synth_1088,,289.2153245675995,3522.2094461312436,9.114707747024008,4.622520500329975,2.480862998585309,16.21809124593929,,,,-28.739266616927797,2024,0,-11.559908198151144,Auto,neutral,1.2,52.98270283696631,15.987273588840344,9.474671085908016,2.5,13.108981250463493
IPO_Synth_1089,,40.04,71.9742,80.21128939462844,30.659447040484423,20.789829032485425,131.66056546759827,,,,8.787639028027534,2019,1,26.42875113953404,Auto,bull,1.2,68.85413671275042,13.948514330018186,15.91143397680783,0.0,11.37019151951649
IPO_Synth_1090,,390.5774403049875,919.4047049403324,44.25236280810248,17.795463666579536,5.129587304213255,67.17741377889527,,,,8.785442037869894,2023,1,6.302220489668426,Finance,bull,1.2,41.67698219123932,13.377348426229494,17.6296984549062,0.6663416919176312,8.76404575569871
IPO_Synth_1091,,374.1831072065685,1614.3443343234396,16.671327618172562,5.476725416130228,3.3029928912773534,25.451045925580143,,,,-7.893123730118858,2022,0,-0.6102193311201582,Infra,bull,1.2,60.64998281199079,15.356652514479238,20.679850600930102,0.0,9.592573125315763
IPO_Synth_1092,,475.2537336711537,1922.1586309940951,19.844998018789397,13.571638313438656,5.02575665460771,38.44239298683576,,,,32.74207771378583,2021,1,12.474845500036182,Infra,neutral,1.2,31.357558632427253,12.98874530184879,14.306137753402204,1.8768764741321433,10.796432688640515
IPO_Synth_1093,,595.6034129559491,71.9742,145.18324353773818,77.63810951362348,40.414718723241194,263.23607177460286,,,,65.10783167463381,2018,1,29.495249985504334,Finance,bull,1.2,58.9684015974633,24.505428615994358,14.349896162239325,1.3163092492932822,11.081918395612178
IPO_Synth_1094,,573.881984112699,3353.7360034441526,2.0,0.7448345761538316,0.6080420802633737,3.3528766564172052,,,,24.206501536378152,2020,1,16.194325436562195,Pharma,bull,1.2,66.93735369879198,13.994949584846351,19.85503451949431,0.685909994939269,14.482575625277759
IPO_Synth_1095,,152.42505461963577,815.4930978826283,0.5,0.5,0.5,1.5,,,,-5.67083451096642,2021,0,-1.9080469616689408,Tech,neutral,1.2,79.91474031393179,19.20302666085746,15.8036251022945,1.4174322387569989,11.713676762443349
IPO_Synth_1096,,274.4889092630459,2937.508865202378,10.0,7.0334252715244165,3.0917901056369606,20.125215377161375,,,,58.27530270727367,2017,1,38.83106517172621,Infra,bull,1.2,45.27791054850046,13.82270394621697,7.80716255349442,0.7445716414567669,7.6903931593344055
IPO_Synth_1097,,731.7415412894948,1479.530027843095,81.39452842758143,56.44064117835514,15.348045829786383,153.18321543572296,,,,77.54386554636231,2020,1,46.468616718765816,Finance,neutral,1.2,50.47864694053503,12.953233543824563,6.842077425691868,0.5061193785280188,12.23085848789728
IPO_Synth_1098,,229.27784128929903,3048.271940339358,26.53977143186887,7.551980751245867,2.7003344353065986,36.79208661842134,,,,37.480906593666774,2023,1,22.994307623791915,Finance,bull,1.2,48.40581161376183,26.639219076536854,23.28349621258567,0.0,4.757027334047621
IPO_Synth_1099,,279.8642436902367,451.07572097574587,22.5019072997611,12.98472716310567,5.681764782586069,41.16839924545285,,,,26.721234480963457,2020,1,33.363479024718785,Retail,bull,1.2,55.42781609317827,29.61665347486113,7.288225398290861,0.13908541472293162,8.840242423188508
IPO_Synth_1100,,40.04,71.9742,116.37286545734935,37.994063113393764,18.66820333131654,173.03513190205965,,,,26.44711143593273,2020,1,39.17014242170116,Finance,bear,1.2,42.64968762581804,27.61400725161763,14.247546491763178,0.03593885351173376,9.129050542545553
IPO_Synth_1101,,405.02524418320405,2632.854954919376,10.0,3.554416827741286,1.3109532549838194,14.865370082725104,,,,41.378104187708374,2025,1,36.74917400179424,Tech,bull,1.2,24.0,11.171984935997976,18.974026384901244,0.5103446057666663,11.974945545271325
IPO_Synth_1102,,532.7615784154267,236.61455417139078,160.60966891664563,109.55246486213561,26.43465747339027,296.5967912521715,,,,34.76216101760531,2021,1,25.581531919497294,Pharma,bull,1.2,41.231179289212186,12.004476336876413,7.059267997417562,0.0,15.31241202656117
IPO_Synth_1103,,40.04,5318.895993216732,97.98581921977701,68.35443311269125,30.079539758310553,196.4197920907788,,,,74.61553907147422,2024,1,25.2406131156057,Tech,neutral,1.2,59.118683718532765,31.870274455514966,10.132977222975622,1.5296643433246326,10.653081619914861
IPO_Synth_1104,,49.23973882078007,1697.8770734449852,87.80786844875195,25.58246754848353,28.844913504299498,142.23524950153498,,,,32.215716111855016,2016,1,23.537624475869062,Retail,bull,1.2,57.334186582828835,18.4740036797498,9.38966761425148,2.4468716815842546,8.915901482279137
IPO_Synth_1105,,40.04,71.9742,14.127373684418899,9.704964144643247,4.8092992625566255,28.641637091618772,,,,-2.805662101452241,2026,0,-11.458601891351616,Mfg,bear,1.2,69.9381496098169,11.75122833596571,23.105068360287795,0.06778412534434569,7.905158974288842
IPO_Synth_1106,,684.1120259713655,71.9742,128.21861481714691,78.75787082867687,22.528983898831182,229.50546954465497,,,,66.7227099830402,2024,1,27.45630971100286,Retail,neutral,1.2,75.15949194882374,26.493422032070022,24.0,1.6749519548837346,12.505123810089708
IPO_Synth_1107,,40.04,71.9742,7.081674292502038,4.5170826421121095,1.515352082249218,13.114109016863365,,,,-12.46066862490902,2025,0,-11.559908198151144,Retail,bear,1.2,51.90806404668766,20.404310253133545,11.696227226997683,0.3658970899564331,9.415491053538764
IPO_Synth_1108,,387.94454378788157,4314.5079167102895,5.324085376301777,3.438867547400774,1.6005879096455544,10.363540833348106,,,,-6.651363301324758,2023,0,-4.906525987309738,Tech,bear,1.2,31.4566924108074,23.41698233399435,17.607742156487042,0.0,8.4903915059116
IPO_Synth_1109,,660.0336139492049,3535.246253224791,99.99123483257945,50.35724930277061,17.945994078362006,168.29447821371207,,,,59.49822119562982,2021,1,40.50344319224493,FMCG,bull,1.2,67.25794758958064,8.0,16.386280903763627,0.11821598640751646,12.853861635388146
IPO_Synth_1110,,478.9792966659626,1362.8794721521256,10.0,7.234538214941009,1.9628579657823664,19.197396180723374,,,,90.56996674647507,2021,1,30.47540314545596,Tech,neutral,1.2,59.8234363502345,18.042350778777156,13.736430136438505,0.5856924834452503,13.507826862858336
IPO_Synth_1111,,264.53844800490896,2276.813848257116,10.0,3.501798019902976,1.5931862230741054,15.094984242977082,,,,60.53397942936138,2022,1,44.48209255382029,Pharma,bull,1.2,55.348028503071525,25.69282048397379,7.67950578320441,0.0,7.121924848352917
IPO_Synth_1112,,533.1707715812723,1293.547339767616,35.46010507848731,17.818084156392686,8.620061829774805,61.8982510646548,,,,5.135237188556452,2021,1,6.410990402686857,Infra,neutral,1.2,81.96765078800905,16.15782741083316,24.0,1.1061823073893422,5.510248306487233
IPO_Synth_1113,,769.0374541469997,3761.3408951837405,19.944406728422706,8.162772790947031,5.281611468811406,33.38879098818114,,,,-24.34693602278768,2024,0,-11.559908198151144,Auto,bear,1.2,68.10986340605695,27.4100022023955,6.827938009701964,0.0,9.706651300514183
IPO_Synth_1114,,378.06348637410713,2874.8586008003613,34.628126359716546,22.89665808890111,6.219553058136141,63.744337506753794,,,,10.645888189965989,2019,1,7.087047816692074,Pharma,bull,1.2,62.2121879557102,12.099469538020498,15.954472820149105,0.0,6.579286669184591
IPO_Synth_1115,,40.04,3343.7617033083734,2.0,0.5827007121287774,0.5,3.0827007121287773,,,,43.69498748535806,2024,1,14.498994592861438,Pharma,bull,1.2,62.94991542676106,19.324518400905554,12.085810318899762,0.4800836019154061,6.168830071895279
IPO_Synth_1116,,806.8713251861243,1022.4087180771942,44.63479036986844,20.837271768360324,12.675251782316064,78.14731392054483,,,,4.359819616341089,2019,1,14.000290665178369,Retail,bull,1.2,75.29471074379644,29.869528897941265,19.536275943282398,0.0,6.878030470324678
IPO_Synth_1117,,551.5468136376793,71.9742,118.73339202406709,75.60216089643342,30.176011121648163,224.51156404214868,,,,56.780025754225875,2021,1,36.82668006495677,Finance,bull,1.2,47.588047218395786,13.094845926114228,18.806760042773924,0.172685160524085,13.139588504595599
IPO_Synth_1118,,403.52366884576674,3252.8864597301053,4.013836305957046,1.6303017218123481,0.6211399497475159,6.265277977516909,,,,5.911039393148571,2016,1,4.471889140461259,Infra,neutral,1.2,44.15605093204068,21.628863010628613,10.595339618866351,0.44569073525069797,11.951154910371963
IPO_Synth_1119,,40.04,5559.807683773338,21.472043856118916,7.949769625135526,3.8362365557082136,33.25805003696266,,,,56.60633245578248,2025,1,19.90974114184829,Pharma,bear,1.2,55.785570028508346,23.510598587082733,11.444429111388695,0.0,16.0
IPO_Synth_1120,,312.92409905186696,4400.6433199069,13.930183295572098,5.311224749088242,4.726210262859588,23.967618307519928,,,,-11.038653858022167,2023,0,-9.105811373309722,Retail,bear,1.2,38.79715517829536,20.548423074217514,8.024318720178522,1.9588652985073196,8.074113914096587
IPO_Synth_1121,,115.77148420419977,5638.724361291632,86.69940708773838,52.60877137984611,22.32950913299782,161.63768760058232,,,,28.31154536120206,2018,1,22.036847550091146,FMCG,neutral,1.2,59.18245868101976,18.49971191065965,15.876605494472148,1.3126442124059179,13.989507009271628
IPO_Synth_1122,,40.04,1943.5293515491662,34.270015849069935,13.481527385385194,8.528759622232332,56.280302856687456,,,,3.9662351376900453,2016,1,12.358038130285347,Tech,neutral,1.2,61.745122431221404,14.742089716714087,18.198947763388777,0.0,11.480669106323138
IPO_Synth_1123,,368.21289612471156,71.9742,13.968025412649908,6.304353351303911,3.6306066605468743,23.90298542450069,,,,6.9497199083362124,2025,1,-3.9372329870841574,Finance,bear,1.2,58.76156813725903,21.179277525679854,13.012511543293945,0.48087288969003433,8.330837693946545
IPO_Synth_1124,,231.74340138612698,71.9742,8.28771831548567,4.333101280094271,2.806313694579922,15.427133290159864,,,,5.197873860398099,2016,1,7.186773857382233,Mfg,bull,1.2,53.49448168659619,19.38405904393502,13.898381026443184,1.1357889290123873,9.559974396183101
IPO_Synth_1125,,254.2430040401865,5112.700400610127,63.62186007859767,45.83191807478788,11.767802612913057,121.2215807662986,,,,20.381780806662803,2021,1,8.304698152392895,Mfg,bear,1.2,89.75418754065676,11.382230616094892,23.585310213026528,0.7087132728829837,8.316585219871063
IPO_Synth_1126,,667.467959887459,71.9742,4.499765104115458,2.9121299912880976,0.7659904870281734,8.177885582431728,,,,7.814178661729329,2016,1,6.443871186087896,Retail,neutral,1.2,76.93190052616787,26.599084719003812,19.213069380718384,2.379851734995047,10.776170618240142
IPO_Synth_1127,,502.1219032380558,5438.553535407022,24.752573055318116,8.481242228587483,4.806593747008242,38.04040903091384,,,,52.73163656744088,2023,1,50.627387922491955,Tech,neutral,1.2,58.25148292021024,14.539696096285864,21.064941263575555,0.2613368876065014,12.960104725249764
IPO_Synth_1128,,245.56125201569168,71.9742,19.581782931215606,13.541627608538125,5.879181117915074,39.00259165766881,,,,18.350200461100492,2018,1,10.16012226221641,Auto,bear,1.2,61.674502918464654,11.538106486963697,6.0,1.688979394116803,8.894285912456185
IPO_Synth_1129,,202.22549036104064,6528.22828882818,25.83460222328351,17.37076585958286,3.364691323638637,46.57005940650501,,,,3.6890845818409734,2020,1,7.012187558658629,Auto,neutral,1.2,84.77419947737259,16.42590886388521,17.46236418281225,0.0,12.545152975297055
IPO_Synth_1130,,259.44885114662407,1337.9993387533643,6.436611444295272,4.007513196641975,0.9764736988808176,11.420598339818063,,,,-29.507275300659412,2022,0,-11.559908198151144,Mfg,bear,1.2,49.47802172680287,14.643682985651312,16.131175967854027,0.0,13.813691242273123
IPO_Synth_1131,,330.2986472954157,3402.5753042968663,11.848623669661388,6.024468101251476,1.8609611623769338,19.7340529332898,,,,-16.818525592715744,2020,0,-7.0623109492422556,Infra,bear,1.2,42.619232480346405,18.45055441427099,9.366066035318212,2.1844720456406934,14.481750784355052
IPO_Synth_1132,,614.3253431481669,7729.889507058814,23.888459269797913,6.806000674992999,6.1893647743776,36.883824719168516,,,,12.64216906625406,2023,1,6.597138480839263,Infra,neutral,1.2,64.08415045150052,12.54529319389775,10.302459652331404,0.06804401203452692,6.481165824496589
IPO_Synth_1133,,58.69833606025206,662.4182061074383,2.0775122109460664,1.258458466305577,0.540975363095345,3.876946040346988,,,,-12.341691841773514,2021,0,-2.5529508379597403,Auto,bear,1.2,67.45030257241466,22.687828425620374,14.017038880071212,0.0,9.852546089632606
IPO_Synth_1134,,913.0042322011727,618.7273809206217,63.44288958212055,32.303284937476185,12.242675647848758,107.98885016744549,,,,64.51421297171196,2020,1,42.19465931898245,Finance,bull,1.2,68.79310022495875,28.286304646952786,8.961020104865906,0.4522755472419435,12.128298434062499
IPO_Synth_1135,,614.5719020945488,71.9742,18.90899011317932,7.656013033096124,3.19652824907001,29.761531395345454,,,,9.223137072121268,2019,1,8.72106000869282,Auto,bull,1.2,74.89999221212562,20.63518954991037,11.405848936312536,1.763976740839579,6.739795257243326
IPO_Synth_1136,,40.04,71.9742,121.7906631094384,31.05284358346319,35.15645609399937,187.99996278690097,,,,74.37533895249288,2020,1,40.17618768197009,Infra,bull,1.2,46.81360770823709,11.334286520412101,12.922831267183797,0.0,6.071271301329906
IPO_Synth_1137,,443.97617354938103,663.2602027306067,48.51116040695605,17.732017185891596,5.235889185311906,71.47906677815955,,,,37.302750242208575,2019,1,13.626216260864116,Finance,bull,1.2,34.64790571191831,14.520681947415326,17.58083660717588,0.45829453201423687,9.920767374318327
IPO_Synth_1138,,770.3229586848372,77.55699703513025,40.42875527263504,22.35083879835681,11.509437056888835,74.28903112788069,,,,31.92893314237048,2022,1,13.096471994487999,Retail,bear,1.2,49.47778755533478,21.327680573022885,11.819373064926912,0.0,8.76110715246998
IPO_Synth_1139,,547.598509676875,71.9742,2.0,0.6123065863319562,0.5,3.112306586331956,,,,24.932323539426452,2024,1,10.368964787186764,Pharma,bull,1.2,70.47314272809292,8.198277938199851,12.987431715288967,0.03116048445535291,9.48296683039506
IPO_Synth_1140,,273.97226379282546,973.9027097956107,45.297847421511314,26.168990140028644,14.753249087467104,86.22008664900707,,,,23.70963869734558,2022,1,12.37292185397055,Retail,neutral,1.2,43.4058597515524,12.603307229887083,19.609508854158662,1.4971994693152364,8.585957188394227
IPO_Synth_1141,,393.95400065145543,2692.53589766036,64.28670843683872,42.4186874031673,13.077415111197345,119.78281095120336,,,,27.909414226464698,2016,1,49.49014483344801,Pharma,bull,1.2,25.19096916324716,10.114977025293427,7.060834801597167,0.0,16.0
IPO_Synth_1142,,475.73365041945823,71.9742,3.4109155771490896,1.3953686236516378,0.8887966859062502,5.695080886706977,,,,-29.687797848138157,2025,0,-11.559908198151144,Infra,bear,1.2,62.596850061541744,20.692575557863627,16.022788802495306,0.0,8.615056440685311
IPO_Synth_1143,,677.7025157782923,1098.9250226653733,19.250321423332746,5.601704349119881,2.507206666180691,27.35923243863332,,,,-19.676422908508854,2024,0,-11.559908198151144,Infra,neutral,1.2,49.79248831632967,32.0,16.752316709697478,0.0,11.756888055164593
IPO_Synth_1144,,40.04,5182.80946237472,0.5,0.5,0.5,1.5,,,,14.07946776681365,2025,1,0.5350711539227668,Auto,bull,1.2,28.9123909648202,12.434072930751299,16.875729221469985,0.0,11.55578909874825
IPO_Synth_1145,,208.15639961654128,71.9742,34.22776012255966,14.682150574902971,9.41784173910742,58.32775243657005,,,,42.35953442784412,2016,1,12.605183431446687,Finance,bull,1.2,61.34012401481861,24.897978247149748,12.743903554807195,1.2647138547870074,4.933555153253937
IPO_Synth_1146,,974.5371284787688,6549.773516902448,10.0,6.567171263792138,2.375888625830517,18.943059889622653,,,,38.022626488758696,2025,1,27.226491557128135,Finance,bull,1.2,53.04709119882712,16.616741792653073,10.20811679707079,0.8797774128896978,14.39835759661668
IPO_Synth_1147,,426.07638995112535,71.9742,97.83790814403494,55.48772859449505,28.62926462087024,181.95490135940022,,,,31.401297228935647,2021,1,22.529650356247434,Finance,bear,1.2,90.16768898652116,12.078962981709102,21.837816522942123,1.072940975839573,11.877395298700273
IPO_Synth_1148,,936.7317800116584,2044.7112588076973,2.689605338806013,1.8395389606031498,0.6477930191096806,5.176937318518844,,,,8.865544803425864,2025,1,3.974637287719533,Finance,bear,1.2,61.59918613378034,29.3847730096352,11.14577057046152,0.5284321113919421,10.470854873829932
IPO_Synth_1149,,1434.6583119890122,4851.348439778333,49.16653331886391,36.73790021289589,11.914663448621377,97.81909698038118,,,,42.812749258088935,2024,1,34.34562920351176,Infra,bull,1.2,70.54952306814656,32.0,9.973366751296924,0.0,13.172299808261862
IPO_Synth_1150,,246.74997621681166,5645.704156170668,97.74015449873296,34.334464608476004,30.745606818413357,162.82022592562234,,,,71.24170426934171,2025,1,34.58698244241245,FMCG,bull,1.2,59.68986377942945,22.47117513375709,15.090905544589088,0.0,9.856653917313608
IPO_Synth_1151,,40.04,2744.6834267043187,61.93492218061176,37.00058633652629,12.769276462868097,111.70478498000614,,,,19.85454191389386,2017,1,16.274271193690563,Retail,bull,1.2,49.244459104096386,22.17506383091883,11.673949235819933,0.9323277910786647,12.645793901324254
IPO_Synth_1152,,324.1205620823332,71.9742,133.46497729844253,64.49806471623272,43.21077852738916,241.1738205420644,,,,80.25652910154622,2022,1,33.12528066666006,Infra,bull,1.2,51.222956138222095,20.373623570998213,19.72861760293753,2.089002864640708,4.371329730155307
IPO_Synth_1153,,790.2224071970736,71.9742,20.552985665208205,10.209470172669421,3.9678322308810157,34.73028806875864,,,,25.051350716053612,2024,1,18.191543419075174,Infra,neutral,1.2,79.45725699077619,19.11052142081614,13.80671322804114,0.0,12.452579341838149
IPO_Synth_1154,,838.0113398878943,71.9742,10.194371783484701,4.208141882714981,1.8568900557767476,16.25940372197643,,,,2.2268631635838587,2022,1,0.13874558723169084,Finance,neutral,1.2,73.4602011021188,22.040472361772235,20.31213093074685,0.0,10.550902408680502
IPO_Synth_1155,,1190.8973630361327,6439.3812366044995,46.04513882429783,19.39679595040726,13.576654104953425,79.01858887965851,,,,63.570499226497695,2024,1,27.393409112414396,Tech,bull,1.2,33.20467896159109,24.056710506290084,17.01948601121124,0.0,10.597798388238841
IPO_Synth_1156,,402.24984263869675,524.4686777132163,35.978584733729065,21.160479875592497,3.701714251534942,60.84077886085651,,,,38.74262082671416,2023,1,14.684728561693786,Retail,bear,1.2,37.52508858717039,29.980043801897143,13.253052661677755,1.3315279898787544,7.473142475761794
IPO_Synth_1157,,581.5352677081105,2364.1519389409737,13.779748710102094,7.722191276255238,1.9711659063198352,23.473105892677168,,,,31.27985507844249,2016,1,12.319758592423366,Auto,bull,1.2,38.524633934174226,16.86360024889762,20.013075323887378,0.4578569910083595,9.343513655593062
IPO_Synth_1158,,171.6916707609506,71.9742,34.13460686949665,13.969648802323356,4.025884515538306,52.130140187358315,,,,107.25429666111732,2018,1,44.1694697022067,FMCG,bull,1.2,79.08179539691409,20.764319306683465,12.071233344592864,1.055396836642601,9.255638026017218
IPO_Synth_1159,,40.04,71.9742,1.2073635050014344,0.5,0.5,2.2073635050014344,,,,-11.650365409590442,2022,0,-11.559908198151144,Infra,neutral,1.2,28.83526870887706,19.469287064615777,13.559355886187374,0.0,6.582628874156046
IPO_Synth_1160,,401.2772869123987,1590.4683602035605,10.762143737852663,5.802093859049082,2.7660619722541164,19.330299569155862,,,,-4.223446288742271,2019,0,-11.559908198151144,FMCG,neutral,1.2,74.15678236521053,26.144372029273214,17.381216012618125,1.1182358508484804,11.074903673604851
IPO_Synth_1161,,40.04,676.4830506865195,2.540090231651635,1.5740892744950226,0.5,4.614179506146657,,,,-24.9686352231177,2019,0,-11.559908198151144,Retail,neutral,1.2,67.17043265287624,32.0,16.019811734115933,0.21236465821738226,14.719533971795872
IPO_Synth_1162,,634.5837794300842,866.5979264557909,3.366990689297331,1.7821848555697637,0.5,5.649175544867095,,,,5.133865737020204,2026,1,4.428815327914322,Finance,neutral,1.2,62.6426355612212,26.35138670174972,11.968410464280241,0.0,5.736134575901446
IPO_Synth_1163,,40.04,71.9742,30.188099854113673,7.602128410950343,5.302097171232961,43.092325436296974,,,,13.531203652905086,2016,1,6.780349544787314,Infra,bull,1.2,51.48610565618847,24.78946346335334,8.086424120872046,1.4228982374160388,11.470734643639814
IPO_Synth_1164,,162.27645908835655,1330.4886213898637,4.71109454506769,1.8427811716685831,0.8176414752344495,7.371517191970722,,,,-31.753563993386607,2021,0,-11.559908198151144,Finance,bear,1.2,81.39510501100075,25.447246440815572,14.916104234386948,0.46377473378931006,8.738685494642919
IPO_Synth_1165,,506.2575043780151,5554.419136446995,11.3602743082776,7.2625060115750815,1.4118910078852727,20.034671327737954,,,,-0.3858505831547052,2019,0,-9.030730272686174,Tech,bear,1.2,62.042426339262946,27.60453616975184,11.727967989329333,0.189701045558767,8.392266294974771
IPO_Synth_1166,,542.0157197006399,71.9742,6.471826358930077,4.020778113575627,0.9268423164284751,11.419446788934179,,,,3.660878887385847,2016,1,-6.340187308923651,Auto,bear,1.2,34.00424140445259,32.0,15.133405906286814,0.7812907813053334,10.224291146479954
IPO_Synth_1167,,398.61751195644814,3857.7357588851833,59.43587314665196,15.168339511403376,18.5299025681157,93.13411522617103,,,,91.19183171309672,2020,1,65.47608101775907,Auto,bull,1.2,38.19619371074586,9.88768850950089,13.105618101337525,0.0,10.269760541506074
IPO_Synth_1168,,1052.680703854873,71.9742,169.4921116951492,82.22877873018531,46.634955446003886,298.3558458713384,,,,79.28610915180498,2020,1,51.285341616670934,Retail,bull,1.2,30.394360093326267,23.59756964025912,11.770944757133622,0.9307231020371234,10.554035947816569
IPO_Synth_1169,,950.9285984274466,71.9742,23.894767483844536,11.198499896930961,4.1582533551377425,39.251520735913246,,,,11.036305140613141,2021,1,3.3793868715429167,Tech,bull,1.2,81.60601559153963,8.0,13.793297215477176,0.0,6.607402866185197
IPO_Synth_1170,,181.06552258301005,71.9742,9.601286024331998,5.53169153714013,1.5923912038938888,16.725368765366017,,,,13.53269061223488,2017,1,4.421832464259854,Finance,bull,1.2,85.6365910373774,25.708121018098748,14.669590016606037,0.3438948442259737,13.2697716199483
IPO_Synth_1171,,964.5735962499076,4739.5278438323885,0.5,0.5,0.5,1.5,,,,-14.956784766282091,2024,0,-11.559908198151144,FMCG,bear,1.2,79.5529772420262,23.306227726111768,18.12754316351485,1.63929373386781,10.243413782428737
IPO_Synth_1172,,1016.7651010350312,3809.1715625541015,10.69426767762301,5.99635733910347,2.002250139973805,18.692875156700282,,,,-5.583762537212233,2019,0,-11.559908198151144,Retail,bear,1.2,57.42360193111762,16.719038174875426,16.90435021160167,1.1421946463154204,11.781477327248787
IPO_Synth_1173,,372.49879267815595,71.9742,25.557130104678688,18.489536046030036,5.099091604479228,49.14575775518795,,,,4.246830898920604,2022,1,9.761156536358898,Mfg,bull,1.2,34.32518299871836,8.0,24.0,0.32361838978941393,13.643795414098713
IPO_Synth_1174,,430.33114853698294,2274.740475458143,11.963698877167161,5.21467446422373,3.900709154536121,21.07908249592701,,,,5.904131926270013,2021,1,-9.30546178889613,Retail,neutral,1.2,41.02779637450905,19.913631374597855,15.636461814708714,0.3989163406145896,4.2366380438927465
IPO_Synth_1175,,397.49632291119656,4649.741475777641,23.562124652520147,9.86494814574347,6.733558736470237,40.16063153473385,,,,25.97285012410314,2022,1,10.454365109363321,Mfg,neutral,1.2,42.2002823686068,21.337053516582202,11.971810458661988,0.0,11.89137755899049
IPO_Synth_1176,,194.49944528513143,5054.45153761165,28.218333503895543,7.453499104910304,6.202063601447205,41.87389621025306,,,,-21.901599929724824,2021,0,-11.559908198151144,Retail,neutral,1.2,59.17752574904047,19.621352944690603,14.251671873786457,0.0,9.50745244894419
IPO_Synth_1177,,228.42974774627018,465.524834089044,0.5,0.5,0.5,1.5,,,,2.6150733912371646,2019,1,-4.200432597754217,Pharma,bear,1.2,84.97396916933283,16.27143215569544,17.557454694121173,0.6671271717357716,13.056626470263526
IPO_Synth_1178,,865.483959833149,71.9742,40.158671708310656,28.745023961456774,10.60351223335838,79.50720790312582,,,,35.04709194093809,2021,1,15.507454001442932,FMCG,bull,1.2,84.90332357831078,14.619268940353548,19.515415434703318,0.0,7.595999262010344
IPO_Synth_1179,,564.2235714809947,71.9742,61.56400704383224,45.41890303674767,20.562567858520854,127.54547793910076,,,,35.13942949812162,2021,1,20.2165293021086,Auto,bull,1.2,51.209948977574385,19.689287521502177,21.036615271805037,0.0,12.806038789623534
IPO_Synth_1180,,225.51879871457658,3515.994958729463,237.95452953215496,60.15986646961342,28.43823446366963,326.552630465438,,,,19.305114061745105,2016,1,21.325985784540823,Pharma,bull,1.2,24.0,15.188740605019905,10.423480676859198,0.9801497197180988,6.834982953606291
IPO_Synth_1181,,98.51496436883357,6985.054152662787,9.2752774798611,6.495846375618832,2.895295877606185,18.666419733086116,,,,-4.106995734489593,2023,0,-11.559908198151144,Mfg,neutral,1.2,38.99416942362552,24.855801855194933,20.763032853611566,1.8064444450055333,11.206640130933918
IPO_Synth_1182,,155.86232878131435,1380.3667491580152,10.0,3.369800153404104,1.450286388047894,14.820086541451998,,,,106.37465277661131,2020,1,30.78847724641294,Retail,bull,1.2,81.394816210266,19.527783576362644,14.792906920767178,0.0,10.852773418924077
IPO_Synth_1183,,358.851466601554,71.9742,6.278035316083287,3.3316237593789855,1.7284701496382198,11.338129225100491,,,,-12.465934730712227,2019,0,-5.027990109738625,FMCG,bear,1.2,64.16931682910582,9.652004423445828,10.828720893354859,1.375010279890132,9.533732487662629
IPO_Synth_1184,,726.7479645586328,7767.150739811574,127.96513113477174,75.38047888729875,18.678303592420505,222.023913614491,,,,54.177227434032474,2016,1,25.98752186078659,Infra,bull,1.2,53.59836817891822,21.06019679993308,14.082999261562264,1.224805734057281,6.903743948270892
IPO_Synth_1185,,121.03056009767643,2577.8664650479536,2.0,0.8590587105605791,0.500006777443652,3.3590654880042314,,,,29.106125290321998,2019,1,12.060510868412873,Retail,neutral,1.2,52.34341904970823,22.48514878296418,20.448398282811556,0.0,8.893905633329602
IPO_Synth_1186,,722.8308910129443,71.9742,0.5,0.5,0.5,1.5,,,,-34.30747189473116,2020,0,-11.559908198151144,Finance,bear,1.2,46.48468248389979,29.707927247242804,17.057739998281082,0.0,12.768599091642278
IPO_Synth_1187,,482.09971695675694,1212.2624555568648,30.907081235695305,17.424519002994828,7.276284626617012,55.60788486530714,,,,0.8958724214421225,2025,1,5.447385019284018,Finance,bull,1.2,38.33207970180291,25.568834386949753,9.54580433499807,2.3031026717173084,14.4633210030254
IPO_Synth_1188,,463.61486700773503,4124.516813027862,127.07949999212721,44.091903578603386,31.774890481056012,202.94629405178662,,,,16.448434298968586,2023,1,20.198222690895115,Infra,bull,1.2,96.0,14.607854666301453,9.579554661471944,0.0,15.862480240807436
IPO_Synth_1189,,765.2194974701094,1338.5917856832511,80.52599345069555,60.16324946173355,20.504340257244532,161.19358316967364,,,,54.71462478442705,2020,1,25.556993486106666,Finance,bull,1.2,90.93269837575998,28.554958767878322,9.45467087969306,0.0,11.580385910586278
IPO_Synth_1190,,702.9014594903643,3589.4393204206835,55.33501753912023,19.474656858795505,14.979173723693997,89.78884812160973,,,,7.036675075979996,2017,1,9.239400304583901,Infra,bull,1.2,45.206407032456916,11.683806945288815,11.708078283912407,2.4657489212499253,10.754279025727335
IPO_Synth_1191,,40.04,71.9742,99.04351132078266,25.27285675230998,11.613584014855109,135.92995208794775,,,,54.105701106318385,2019,1,45.44260908991707,Infra,bull,1.2,28.43030983313666,20.169001641499847,15.348523426744084,0.0,11.346771224419813
IPO_Synth_1192,,44.53840301964098,71.9742,133.87279110768205,96.67520474944135,36.92838785621093,267.4763837133343,,,,59.342326819112515,2026,1,34.0960254958736,FMCG,neutral,1.2,63.042330209187966,24.52440859513106,9.932184789230261,1.8529909069402293,15.785556551637137
IPO_Synth_1193,,336.4225060156885,71.9742,53.881511913302376,25.031402641545284,7.470640971370205,86.38355552621786,,,,10.305517853417644,2017,1,6.736069712312364,Infra,neutral,1.2,57.34557373282166,28.752172762629954,13.072531744151908,0.0,11.561866215450713
IPO_Synth_1194,,536.4173521699048,787.2403753708261,56.15958491006521,25.233055203455255,15.121423875709766,96.51406398923024,,,,66.78027051656157,2022,1,28.525430549306055,Mfg,neutral,1.2,71.30656159860048,31.333406100962645,21.30916171650721,0.6382675160679839,10.261610690411398
IPO_Synth_1195,,880.9417709364429,2391.0178833247583,81.28964764868446,31.527024084658972,10.649708254004045,123.46637998734748,,,,46.08479336845374,2021,1,54.14329492765708,Pharma,bull,1.2,75.38292412802821,27.648342788080924,22.280136871832834,1.5859204123648603,9.174087434633842
IPO_Synth_1196,,437.048229632989,3179.216034660535,189.0631727360962,49.707726202536406,41.56623383192764,280.33713277056023,,,,70.5861059191666,2018,1,54.7209630386569,Infra,neutral,1.2,38.93953863302189,19.180312350934734,21.977129821149447,0.03253415373116936,9.520627436573365
IPO_Synth_1197,,996.7805717656638,7940.902636080743,8.429295861574307,3.2223857541753262,1.6579759592864418,13.309657575036073,,,,-20.86694143418404,2025,0,-11.559908198151144,Auto,bear,1.2,83.04392374980229,23.478031353016217,6.922933040420228,0.5997363125687802,11.159197270251575
IPO_Synth_1198,,173.43175571478005,71.9742,18.744372228928498,8.372177066643053,6.407512268697655,33.5240615642692,,,,-10.936914031331343,2020,0,-7.761928024986047,Pharma,neutral,1.2,53.643082769115715,21.346424053433015,22.531749900419744,1.2444362820115282,7.745684953396074
IPO_Synth_1199,,231.19284403588668,704.4785011196774,116.99424936246162,59.686327286863225,30.14968614555449,206.83026279487933,,,,77.04797406995603,2023,1,44.42842938708536,Auto,bull,1.2,70.94237748215974,15.743390697190442,15.412637958122467,0.0,8.120684641926394
IPO_Synth_1200,,310.40527895838784,71.9742,0.5,0.5,0.5,1.5,,,,-18.884527917010907,2017,0,-10.61331065726753,Mfg,bear,1.2,55.293620351776426,19.306248604181246,15.3508636149703,2.5,9.808536931880464
IPO_Synth_1201,,135.66875686630237,4331.347764101463,10.136827978573987,6.989526406860353,2.78987417088441,19.91622855631875,,,,-15.250374153163012,2026,0,-11.559908198151144,Infra,bear,1.2,76.60482307880406,30.786922796843474,19.630064316674353,1.5377244207679721,8.644254577533342
IPO_Synth_1202,,810.8582088402676,4473.369175983068,5.578762163843073,3.936736817218892,0.82863920549597,10.344138186557934,,,,-3.2651823188665956,2016,0,1.7682014346455512,Finance,neutral,1.2,24.0,23.876969541635756,18.165566098067533,0.142717737136083,11.78946229232234
IPO_Synth_1203,,40.04,356.55337116877894,125.93211176553416,51.453022471926474,21.602091041295058,198.98722527875572,,,,40.76210714141832,2019,1,21.385606059546017,Finance,bull,1.2,73.29000197997205,32.0,6.590948818552753,0.2651771734596122,12.021773567716767
IPO_Synth_1204,,242.81008289255783,6898.771207089775,18.95807909016844,13.835175713554818,3.6894461819851774,36.48270098570843,,,,20.175105167166468,2026,1,10.07461830926814,Tech,bear,1.2,45.02544897858789,13.505008536448148,12.243902101829338,2.4117207435812356,10.787542358186348
IPO_Synth_1205,,807.0334035735713,71.9742,12.528299222226607,8.550151863482977,3.6840260672447163,24.7624771529543,,,,-8.09284301024819,2023,0,-1.7891999893376278,Pharma,bull,1.2,61.322357388566026,17.71065470547678,13.352691650213044,0.14518543351151214,11.469681203455087
IPO_Synth_1206,,308.138523513935,4202.579421997634,7.284017323786436,5.199458367839893,2.4475772106728004,14.931052902299129,,,,-13.120532496320022,2023,0,-2.301025036271001,Retail,bear,1.2,82.40465325803524,22.49155097546811,9.013800943618175,0.02784150752937764,10.35278009173494
IPO_Synth_1207,,781.3048834675975,5307.797372223841,6.514557466325732,3.9293559283593655,2.15686440356321,12.600777798248307,,,,-9.469993871143924,2019,0,-3.126144808401035,Pharma,bear,1.2,45.54330043470449,24.45414715680786,19.487205918598743,1.6461653994261265,4.0
IPO_Synth_1208,,1165.519812011951,71.9742,23.508331923787125,8.207603132965755,3.3539550599214922,35.06989011667437,,,,-10.097969946293798,2024,0,-6.744212365599216,Mfg,bear,1.2,42.719772505837845,19.29929548566571,21.47518323543389,0.0,7.372400913092498
IPO_Synth_1209,,442.2803409269426,3025.309873745981,223.93879874830338,77.84423837210828,25.776110263817834,327.5591473842295,,,,54.53900767733374,2026,1,61.67148249421844,Mfg,neutral,1.2,53.30438683848811,24.803005120692855,14.952470854610496,0.4216678311262319,12.12203411317311
IPO_Synth_1210,,814.1134488995264,71.9742,81.17622699891412,57.17450952363869,24.93191881217374,163.28265533472654,,,,26.07648468612377,2022,1,18.729706919299314,Auto,bull,1.2,52.16873245924474,24.757748390488633,16.343667610583378,0.5841592413729471,7.483549279867988
IPO_Synth_1211,,1241.1651444893525,3667.1415074463416,137.92564295287414,69.44869627211547,23.73073659823643,231.10507582322606,,,,89.1501140406999,2018,1,31.482630946292073,Mfg,bull,1.2,41.09707283746033,11.672462567538798,14.949228816236312,0.0,12.566248054964374
IPO_Synth_1212,,552.1705671465842,71.9742,0.5,0.5,0.5,1.5,,,,5.227642001567711,2025,1,1.7057981950807977,Infra,bear,1.2,61.91289270473336,24.520649449939206,15.446190204236727,0.0,12.734886069534808
IPO_Synth_1213,,398.40438293405487,2998.857095708585,42.643723996551834,26.024353442362962,14.697452280400773,83.36552971931556,,,,7.633583336781015,2016,1,8.266153983911707,Mfg,neutral,1.2,62.84706926567955,26.43958626825246,20.02956887058794,0.5691004437645216,9.203520533249842
IPO_Synth_1214,,723.0914353490192,3486.956817148367,8.154353173744171,2.905038485093216,1.1954730351647909,12.25486469400218,,,,-11.549885881671281,2025,0,-3.1524821908783363,FMCG,neutral,1.2,68.33379250292198,21.776930379857163,7.055256512787968,1.1881807346861675,8.228368424975033
IPO_Synth_1215,,819.3337287554114,4437.417677212762,2.3826478894149314,1.0540355589560657,0.5,3.936683448370997,,,,-14.20014794875102,2016,0,-11.559908198151144,Tech,neutral,1.2,45.24772905881108,8.960232161833318,17.187464776319572,0.0,10.028773303549324
IPO_Synth_1216,,401.56333216189864,3838.942945832036,5.054876371298443,3.7098374983066664,1.6018889902892022,10.366602859894313,,,,-1.4809911849608577,2016,0,-11.559908198151144,Retail,neutral,1.2,43.007957314609975,18.3389822553994,15.053341632175782,0.0,9.867965696094801
IPO_Synth_1217,,249.54795625301503,1667.262119199573,0.5,0.5,0.5,1.5,,,,-12.764435208462023,2016,0,-11.559908198151144,Mfg,bear,1.2,57.86525868612282,22.62764140586103,11.789377259205411,1.7560813309491756,11.881009681247878
IPO_Synth_1218,,1001.4599625078864,531.4158953555532,15.458632343886896,9.387902695184293,5.169185042963358,30.015720082034548,,,,-4.440225660544793,2018,0,-11.559908198151144,Mfg,bear,1.2,55.58918097798748,14.80577222039754,12.73491354756877,1.0281278705764487,4.0
IPO_Synth_1219,,322.38402624829615,1328.140626475793,12.464296664974288,9.215974423243088,3.2149139041577364,24.89518499237511,,,,-10.3244920195456,2024,0,-11.559908198151144,Infra,bear,1.2,55.93489845506272,25.509847106626736,23.24566718134608,0.138197063575975,7.79779178598283
IPO_Synth_1220,,822.5828988563801,71.9742,63.273528196835244,19.113254408965286,11.129338552819283,93.51612115861981,,,,57.565327083611265,2020,1,40.96639402458887,Tech,neutral,1.2,47.26986679063334,24.377541410881822,9.02624642445396,1.4208545677634594,6.962810574494614
IPO_Synth_1221,,504.61381720576816,970.76138153851,22.35088962657946,8.627363546712825,6.733812357518555,37.71206553081084,,,,18.180759532978506,2016,1,11.329041523757596,FMCG,neutral,1.2,65.94071881994404,20.806920061301586,14.2414924171312,0.7417397011437652,4.0
IPO_Synth_1222,,1038.8874652034199,765.1095559576286,23.540543409996538,12.32362890911576,6.822424686588805,42.6865970057011,,,,20.242529095339865,2019,1,40.222059690140256,Retail,bull,1.2,43.03536533390704,20.104640809849087,22.332690513354756,2.2892149505518984,8.51555974868692
IPO_Synth_1223,,124.80004384037885,71.9742,10.0,6.718824638733496,3.3340473526971586,20.052871991430653,,,,22.704226073251807,2026,1,21.185537966374238,Retail,bull,1.2,57.80085270687638,21.157318246060132,9.284416159555185,1.1641694406328222,5.501206798982688
IPO_Synth_1224,,124.13925312894827,71.9742,78.55075105234752,39.5311316594281,17.205892643141244,135.28777535491687,,,,74.6021595777974,2021,1,29.22745547192956,FMCG,bull,1.2,54.48536828814182,19.97564298373682,12.94725610351292,0.0,8.837545165235015
IPO_Synth_1225,,706.7025184425402,71.9742,1.0588372838456817,0.5,0.5,2.0588372838456817,,,,-8.69194826905262,2024,0,-7.2070929689049645,Retail,neutral,1.2,59.39775270842691,12.287075115592124,15.19039222996854,0.0,8.536120277111685
IPO_Synth_1226,,40.04,71.9742,165.91344563827252,52.029156067090035,30.022996153395678,247.96559785875823,,,,18.81573381855635,2018,1,23.630479950196065,Tech,bull,1.2,81.33485673723253,17.41935851553056,16.85697130309599,0.0,11.360139443063792
IPO_Synth_1227,,454.6607141071106,720.3819260540673,13.509825475250102,5.9169210195652875,2.2587020960755484,21.68544859089094,,,,31.930765417747295,2021,1,28.0621125161365,FMCG,bull,1.2,36.33899992940531,20.4348534051755,14.638594476687027,0.8095600403351807,9.249501859064761
IPO_Synth_1228,,943.7367131059019,2460.125331859973,13.491949935786568,5.548838795262739,4.710470854946903,23.75125958599621,,,,-17.82308026192134,2024,0,-0.18945023307947828,Tech,neutral,1.2,24.0,28.51161697671759,10.9708640737179,0.1965107053366399,4.925609783551608
IPO_Synth_1229,,40.04,71.9742,110.6809942737305,39.827373228236254,38.10900247671355,188.6173699786803,,,,34.60414121685866,2023,1,24.40073141772637,Auto,bull,1.2,49.30455389849049,24.152263685048958,17.013311266600017,0.0,11.039615587828598
IPO_Synth_1230,,552.1871584471097,2137.924091855614,60.68180249689969,40.66071364482297,14.103155764944711,115.44567190666737,,,,37.81253927515495,2016,1,24.544598916689516,Tech,bull,1.2,39.27649121019793,28.833907827318654,14.54728744355021,1.0891399177339762,16.0
IPO_Synth_1231,,828.7371202570794,1202.9789846543833,0.7368182433069563,0.5,0.5,1.7368182433069563,,,,9.462368296430098,2022,1,0.3969519133189858,FMCG,neutral,1.2,24.0,11.570269431161186,17.824902256749272,1.500117197302251,13.225239076733603
IPO_Synth_1232,,405.97239505066057,71.9742,5.915702986013776,3.9320028680075483,1.1182977598240038,10.966003613845327,,,,-31.005690679041493,2024,0,-11.559908198151144,Mfg,bull,1.2,91.434312031143,17.862936418876554,19.15662332485069,0.39726555497454213,12.037707844278483
IPO_Synth_1233,,98.14032739183182,399.37244660060645,6.592102565779232,4.68593076020385,2.0600226977355542,13.338056023718636,,,,-4.923259909890465,2017,0,-11.559908198151144,Tech,bear,1.2,70.07478423599309,32.0,8.311922043289178,0.709458398899218,9.413635270987664
IPO_Synth_1234,,325.1189158564416,4256.945032978296,26.904547492945213,15.20256286616754,6.960664875421637,49.06777523453439,,,,18.6625138976729,2020,1,14.162975151666899,Infra,neutral,1.2,72.00882709344933,15.542190810590686,19.64908410649049,0.0,8.527279190770939
IPO_Synth_1235,,128.39562262917198,71.9742,23.856846601793603,13.423655916187789,6.662418732272909,43.9429212502543,,,,50.20494786850031,2023,1,19.368140881640855,Tech,bull,1.2,54.861579158507546,15.422433770505018,13.854168649839806,0.0,8.319147900881125
IPO_Synth_1236,,438.4455544306305,1727.0152889530648,8.068551316465028,2.6183163612590654,2.255569435581327,12.94243711330542,,,,-5.121238497750453,2016,0,-4.861647127146201,Auto,bull,1.2,67.57471324970696,18.369471992491903,18.713448617649103,0.018366970406791028,10.721926505652911
IPO_Synth_1237,,320.3033920022732,2423.9374087087544,8.639337092319208,4.614778531053701,2.23721821932151,15.491333842694418,,,,0.1,2023,1,12.866139544865021,Mfg,bear,1.2,52.3924728620873,32.0,17.222426092462143,1.0585865017705944,6.592197210493363
IPO_Synth_1238,,239.49957287103305,71.9742,48.659948113449715,21.292970299622958,15.234554012964086,85.18747242603675,,,,43.31765059337115,2025,1,24.63872907567375,Tech,bull,1.2,74.65777699965477,15.970854888829702,23.343370169286942,0.7560263619453442,10.661045887917604
IPO_Synth_1239,,574.0514229316441,4146.234025614189,73.70863912783466,26.86863288906301,14.594554719289492,115.17182673618716,,,,90.3128023824008,2021,1,25.670083885815135,FMCG,bull,1.2,63.403179552011785,23.34490687644423,15.028143335723879,0.17030774993566394,8.00909783603786
IPO_Synth_1240,,954.2255800222235,2572.9424690680517,78.65387832290921,42.604035534936116,24.56338893784336,145.8213027956887,,,,58.65634331678604,2020,1,45.87765419865978,Retail,bull,1.2,59.342543210078084,22.352204301654158,13.185080034851728,0.13061765810064863,4.856587869577915
IPO_Synth_1241,,526.80104741793,866.0635961676435,127.4479749099281,31.937855035628527,18.58877029335442,177.97460023891105,,,,70.29296276423068,2017,1,39.92808825390743,Tech,neutral,1.2,60.700705713345954,8.429067064755003,12.691652296312963,0.0,7.9667720325065625
IPO_Synth_1242,,873.7991826201077,7673.130119940611,10.997315911633844,4.269228373211315,1.6494858195251754,16.916030104370336,,,,-12.213917848203621,2023,0,-9.37990080197207,Infra,bear,1.2,86.37809149612464,19.905936210770214,10.333076834675689,2.1058743841448675,13.753592263619447
IPO_Synth_1243,,954.1262727117695,4157.4459857672755,190.9055278377891,110.34740642472521,53.32674931622761,354.57968357874194,,,,70.03669071966549,2026,1,48.72813107773608,Finance,bull,1.2,63.01195701439961,16.682448841715043,18.636458847780766,0.0,10.41513435716828
IPO_Synth_1244,,214.43408108700524,71.9742,0.5,0.5,0.5,1.5,,,,6.7387015344827175,2025,1,0.7989894427395272,Mfg,bear,1.2,41.46703433314209,24.067832079776338,10.043612402217722,0.9218804829305562,4.0
IPO_Synth_1245,,508.7098515274986,508.8201029997497,89.56253016217033,28.91260019142483,29.159344824513333,147.6344751781085,,,,82.79274915067057,2022,1,34.90464137560898,FMCG,bull,1.2,66.05143658564687,30.434421432163923,18.59697693028653,0.5377097063090391,7.979116269204781
IPO_Synth_1246,,269.6659992381863,7942.279055154652,34.33355572023537,8.606016661665178,5.791065776400845,48.73063815830139,,,,39.69589228840243,2016,1,13.762175600573165,FMCG,neutral,1.2,68.80273183493456,17.932709976830036,13.994261992677533,0.234317695973548,12.709780829781987
IPO_Synth_1247,,40.04,71.9742,6.044473827652019,2.328450134845041,0.6891749671353602,9.06209892963242,,,,5.864965595492715,2019,1,3.370730635987749,Mfg,neutral,1.2,57.395222616246286,17.932455880038614,7.065486233116117,0.4918073415267061,9.104899904370528
IPO_Synth_1248,,536.3449515837376,1694.4336276390854,8.076733835619034,4.2364863959894,1.8323518973653625,14.145572128973797,,,,-11.91448752889214,2018,0,-11.559908198151144,Retail,bull,1.2,59.06214664271994,32.0,21.6972219751564,0.0,11.571380473104258
IPO_Synth_1249,,55.42270285816654,4725.965657982555,41.52722582602898,21.480903654895148,13.240337877693738,76.24846735861786,,,,4.00010653432722,2016,1,8.577639499645944,Pharma,bear,1.2,40.80810987826634,15.730750921137147,6.0,1.1528153823025256,8.81411880426716
IPO_Synth_1250,,580.2532141859143,3219.7211831336085,8.07827182260884,2.548985171368211,2.769768490296389,13.39702548427344,,,,-11.726082728082403,2017,0,-11.559908198151144,Auto,bear,1.2,61.74736163583956,11.941990097993452,14.632085446846517,0.0,10.551821941231077
IPO_Synth_1251,,40.04,3594.928283652076,41.051748561812964,22.859607544565247,12.90899220129534,76.82034830767356,,,,74.43062983395448,2022,1,33.225738846955686,Pharma,bull,1.2,38.13933576042964,28.265431458139314,16.052814161805653,0.827814641288836,10.105886719743081
IPO_Synth_1252,,473.2308686907535,3441.6727948727307,124.77762106471049,93.5161090354126,27.761662160335856,246.05539226045892,,,,56.058600093551796,2017,1,45.1182663645588,FMCG,bear,1.2,55.48604019426593,19.696198765278456,6.0,0.0,8.062337781553026
IPO_Synth_1253,,40.04,1587.8667344508567,21.482635038117934,11.652899906069692,6.7851948727888285,39.920729816976454,,,,-10.521550847448962,2016,0,-4.956553854211571,Retail,neutral,1.2,47.952190048583546,21.69991663406932,16.98564189226816,0.07307200603780589,11.71444279969365
IPO_Synth_1254,,645.0047301886591,71.9742,63.9633080860381,32.86556861693259,9.817902839826147,106.64677954279684,,,,25.433732788073026,2026,1,18.826226298786242,Mfg,neutral,1.2,77.69231184064006,32.0,11.985954328430944,0.1000931765255123,14.594617300286506
IPO_Synth_1255,,280.4490335026486,2653.433641940467,0.5,0.5,0.5,1.5,,,,-3.9141132618989736,2022,0,-3.408678666245582,Mfg,bear,1.2,87.89897761533085,11.582125656997725,13.881665707406308,0.33464443642136643,11.153932018945271
IPO_Synth_1256,,247.51570888607654,473.3701653582407,0.5,0.5,0.5,1.5,,,,-7.251140911424704,2024,0,-1.3113529398491073,Infra,neutral,1.2,39.40216214372248,18.82722519488586,21.04354776680958,1.0021533527354638,10.311882170579715
IPO_Synth_1257,,799.6201617274351,268.8457356779772,100.74380868051996,72.83774066708716,19.880873516854045,193.46242286446116,,,,56.43104652322943,2018,1,29.052926010270795,Mfg,bull,1.2,59.91683246388014,12.582386942643641,15.64224054666527,0.4642045197337357,7.470473821960606
IPO_Synth_1258,,304.97827843599055,5380.547623530869,12.042284156745383,3.2576396675082484,2.955300513896555,18.255224338150185,,,,15.366603242660048,2020,1,11.456688198001654,Mfg,neutral,1.2,54.41353137974067,22.011100746985683,13.422465233735645,1.4329794663746322,12.814635841364554
IPO_Synth_1259,,452.68776212904396,530.0637221064172,18.347761501566048,6.46752907798465,5.430975062634863,30.246265642185563,,,,44.599730835886945,2022,1,49.941461135169384,FMCG,bull,1.2,68.35989141305728,16.681978030690523,14.232931841647115,1.5448966584097747,8.466840469041834
IPO_Synth_1260,,346.9776072905397,5962.715977558433,0.5,0.5,0.5,1.5,,,,12.411602798441363,2023,1,1.8539423253516367,Tech,neutral,1.2,61.73234986859834,12.962374472513567,22.992465573635315,0.8087678997895645,11.68206096740525
IPO_Synth_1261,,588.1401381310126,2190.116982566386,26.07950299801882,16.591177184386297,3.2721939552380856,45.94287413764321,,,,35.79869248992948,2020,1,33.9191084825336,Tech,bull,1.2,53.027242010672154,24.393664731907528,16.82075949547158,1.1825902218596203,12.285094782805665
IPO_Synth_1262,,771.0772754244556,1107.5201014086035,42.447854585910186,11.578986452132813,12.024629347155939,66.05147038519894,,,,31.6639394481843,2026,1,14.399051056182438,Auto,neutral,1.2,61.68750940082313,20.061974698295412,11.023067623728304,2.5,12.962524276175927
IPO_Synth_1263,,700.2633030835161,71.9742,116.52815615658238,81.72323206683106,39.400178726443606,237.65156694985706,,,,54.78549130492001,2023,1,29.51355445643624,Retail,bull,1.2,56.13627735712133,12.490209148964729,12.802572513747933,0.0,13.01838063800876
IPO_Synth_1264,,255.4147229994358,7039.615694493224,4.293574260480227,1.1175215579514874,1.113085611095623,6.524181429527338,,,,9.522226604642535,2018,1,2.613056560730356,Mfg,bull,1.2,88.60442283279782,12.85782201855553,9.644678322054785,1.576136456497093,12.909876500275177
IPO_Synth_1265,,827.8153780212475,1506.2327845140367,19.819161537331897,10.925776694154568,2.688387281024417,33.43332551251088,,,,31.42148609610727,2017,1,11.218173058803057,Finance,neutral,1.2,45.71438347253262,21.24684919001446,12.967304376278987,2.0448462016030424,6.231330627969051
IPO_Synth_1266,,101.8094602173327,71.9742,92.96979870025946,36.05258131552941,24.250831941304604,153.27321195709348,,,,20.94019542450973,2016,1,9.791051767447003,Mfg,bull,1.2,64.63476071802837,9.975357010932248,22.235520973184528,0.9336708625862947,7.422767038558987
IPO_Synth_1267,,161.20079762166924,4092.7557744965575,22.563775584916755,10.949788783837928,2.914292669547646,36.427857038302335,,,,-8.528399218094513,2025,0,-5.803782150779291,Retail,bear,1.2,69.17340249638316,21.364905610231663,14.251498339162614,2.4040458032967145,5.882576115083564
IPO_Synth_1268,,371.16716760235784,1391.1251687299343,113.01505156080903,53.223642567830765,19.877221559212696,186.1159156878525,,,,101.8774268829836,2025,1,26.62000023312103,Infra,neutral,1.2,67.89258994680046,28.03734110422573,8.983442093236551,2.2737554883168087,5.680539085301106
IPO_Synth_1269,,772.3942697569645,71.9742,75.62318896078435,47.222645901905885,8.159698628202396,131.00553349089262,,,,55.44361574408541,2021,1,26.363912223106965,Pharma,neutral,1.2,54.63798848941166,24.00236176952159,16.939173449063478,0.16296593092510364,14.575930625950503
IPO_Synth_1270,,40.04,3945.5801145842565,194.05838721487316,96.70337938106518,43.05678345526963,333.818550051208,,,,19.867377017742267,2023,1,25.136893620815083,Infra,bull,1.2,84.62893081902753,16.2600494121644,13.233398829575595,0.2395574023728329,7.042213131789701
IPO_Synth_1271,,719.3404223406068,71.9742,152.51799122584993,70.25137524315574,27.504872834006047,250.2742393030117,,,,49.28980478296685,2025,1,45.554864711329834,Auto,neutral,1.2,24.0,21.646041629525484,17.526345233770265,1.030607261896298,6.620411840547051
IPO_Synth_1272,,396.12125497843243,71.9742,155.47401702333613,95.63806159531029,19.337931692826405,270.45001031147285,,,,89.9993969010988,2017,1,43.658511886631544,Retail,neutral,1.2,40.309147117967505,12.49054286485923,13.9092055452544,0.0,9.832393690292673
IPO_Synth_1273,,266.66486746465904,742.4464749737848,14.239679588672388,10.151516843106604,2.524080401031431,26.915276832810424,,,,5.128007233412376,2026,1,4.175940973189902,Finance,neutral,1.2,71.94425895346484,20.8177031242131,21.503716466198703,2.5,7.762072397786211
IPO_Synth_1274,,789.817166423087,3739.9601257027607,68.86704647464055,44.554307080150984,18.03576502481941,131.45711857961092,,,,19.77708631385171,2021,1,20.364624330136884,Pharma,neutral,1.2,44.15806306243407,18.03890285399313,10.902092993719315,1.2888353326499278,16.0
IPO_Synth_1275,,140.64111803176002,7352.998059611785,4.3765213376981755,2.7062592385328372,0.7539450327655149,7.836725608996527,,,,-7.194010579730019,2020,0,-1.2056490527879438,Tech,bear,1.2,43.10682097606657,13.763891543798293,9.756769967734556,0.546538077683567,9.179724792643704
IPO_Synth_1276,,1195.5766338891099,884.6540768810689,30.434509307305955,15.030418435677298,4.13203335283337,49.59696109581662,,,,44.05835359526384,2017,1,12.796233041489245,Mfg,neutral,1.2,51.59047948331977,23.74230021576691,19.219201760946067,0.0,11.335520503343485
IPO_Synth_1277,,354.4837568813704,2718.9755261061077,16.101295612826853,11.272644244939023,3.803115819657375,31.17705567742325,,,,-6.719939089454358,2023,0,-0.6894435466020694,Infra,neutral,1.2,45.858420132757836,8.135156414249632,6.0,0.7519186897856862,7.658586051112702
IPO_Synth_1278,,466.00588630086327,8675.644483545762,110.21396915249603,54.35276048548283,31.77543870655896,196.34216834453784,,,,28.70381527873537,2022,1,47.353474777841576,Pharma,neutral,1.2,71.46760219039098,12.88512336126378,14.226301979086914,0.0,5.013894956322959
IPO_Synth_1279,,941.8565507057348,1534.100741180874,103.11801793015076,73.74411762770363,31.712434606479377,208.57457016433378,,,,12.064809832078705,2016,1,20.162174770019142,Finance,bear,1.2,76.27928611731645,13.606513062878701,18.602763932734582,1.259917366057895,7.81386026628994
IPO_Synth_1280,,474.91716823722714,2740.46238505393,39.34747430983261,25.633350124171642,8.578704688474653,73.55952912247892,,,,1.5817023144697397,2023,1,7.572019185711937,Tech,neutral,1.2,61.58967594799909,16.97115466109412,6.0,0.0,7.846068212128161
IPO_Synth_1281,,820.9228286726765,71.9742,177.0133213680429,57.55236202945758,49.16865487703498,283.7343382745355,,,,53.037525536490705,2017,1,38.123902914065184,Infra,neutral,1.2,78.98327467848621,27.79602480880058,15.290893844031077,1.8837247684324343,7.825050714878813
IPO_Synth_1282,,40.04,6621.353961695294,13.637604925841245,3.729831574591571,4.204909144339495,21.572345644772312,,,,-25.373407402824622,2019,0,-11.559908198151144,Retail,bear,1.2,35.04417899642171,24.52555921803596,8.26823149177284,0.07585501441485254,5.199827110269505
IPO_Synth_1283,,263.63721594302,71.9742,0.5,0.5,0.5,1.5,,,,-7.223765815291011,2022,0,-11.559908198151144,Pharma,bear,1.2,61.3659787370146,20.63187237722608,6.698200545268891,0.0,10.408219690486188
IPO_Synth_1284,,550.3407162695985,2220.844498795522,80.69230962729311,47.844050398012094,18.70591783187932,147.24227785718455,,,,35.466228644105,2024,1,29.514866988959348,Infra,bear,1.2,84.26316274522405,20.34898448786724,10.20326492682294,0.48360966040499237,8.989611903450038
IPO_Synth_1285,,784.2195762246429,2147.0890414275887,46.58317801216993,25.66940123140004,5.3563593535823655,77.60893859715233,,,,26.870547225186176,2017,1,13.599461845514812,Auto,bull,1.2,77.58340446436301,19.929458374445264,14.174733839329935,0.5168229499581332,5.374250831824584
IPO_Synth_1286,,677.739510764427,1743.9011628254866,2.0,1.4762392800173463,0.5,3.9762392800173463,,,,34.04380345028865,2021,1,17.711097666412897,Pharma,bull,1.2,85.85329344329831,28.230949699750717,11.823560067701074,0.43568227930526776,10.318818425098613
IPO_Synth_1287,,645.7450633185364,391.2813035080256,19.510874510810133,10.19836383914859,3.511055801975653,33.220294151934375,,,,-7.272906298534471,2019,0,-11.559908198151144,Auto,bear,1.2,49.37917803710189,9.105869032431931,19.981800367745407,1.8797267793602526,12.286698196270793
IPO_Synth_1288,,777.2643919659337,2149.9274313379233,50.202074670631134,21.28316622072042,9.977803545846127,81.46304443719768,,,,35.28464121724662,2023,1,11.78792017781304,Pharma,bull,1.2,76.50941683953948,24.62934822972607,15.370738531679908,0.8808790575380989,13.59319139030037
IPO_Synth_1289,,577.082060549121,6096.0306377949155,38.085352482674026,20.279799905294386,12.862306192904283,71.22745858087269,,,,59.62044508982828,2025,1,55.652136575035556,Infra,bull,1.2,52.318029519570274,16.950835010696775,12.79969753957409,1.2960884812072442,4.0
IPO_Synth_1290,,40.04,7458.891742980666,98.433383310235,26.006678290001304,14.983414990491987,139.42347659072828,,,,41.58371542174491,2023,1,30.12867515949416,Mfg,neutral,1.2,70.71275226973468,23.01794190977849,9.105432529369585,0.25127442607441985,7.8072990275307586
IPO_Synth_1291,,907.458256894128,1065.8858012726992,32.21010395832369,17.381606597005003,7.581895391503786,57.17360594683248,,,,15.14911604986577,2024,1,15.963670450197565,Retail,bear,1.2,83.59578279567741,23.04665577790443,16.008490901280478,0.9269989862978221,5.887669155795664
IPO_Synth_1292,,128.68760588883328,351.84786565226926,19.73503708657291,13.83850605390732,6.863935232780546,40.437478373260774,,,,13.86954909486397,2020,1,2.7884436229480167,FMCG,neutral,1.2,45.70678282936321,24.399469651876707,24.0,0.0,8.04305494820539
IPO_Synth_1293,,521.9519391123167,71.9742,14.77770003375991,3.72641923528333,3.763860103810686,22.267979372853926,,,,0.1,2022,1,3.7511343278343583,Infra,bear,1.2,26.596255548939094,29.50188498865652,11.83687576170479,0.7581028349415886,14.165657895674627
IPO_Synth_1294,,476.6507444504117,8513.604844196492,3.574306532695696,2.404264102164333,0.5441083943678471,6.522679029227876,,,,-25.170488439386652,2019,0,-11.559908198151144,Mfg,neutral,1.2,93.25617627375107,11.77378735348048,12.365016925093778,0.0,7.818343904472345
IPO_Synth_1295,,430.9885291427637,1857.1198801596786,2.0,1.3019288940991132,0.6800954658890538,3.982024359988167,,,,42.45409061927387,2026,1,17.866797943436964,Infra,neutral,1.2,68.7862899397022,26.03266820965239,10.226784275281943,1.819636560985864,8.574877683091863
IPO_Synth_1296,,40.04,4424.1533598443675,218.70118126366862,66.27773522700525,40.25701911946229,325.2359356101362,,,,59.74273105169107,2018,1,30.58930756210154,Pharma,bull,1.2,58.072567945885346,19.61687077862752,20.328807118661043,0.5755051722032231,7.512782156054343
IPO_Synth_1297,,40.04,3335.1328132571816,26.32356929448313,17.726692906806207,2.947388914772224,46.99765111606156,,,,-22.917609301111916,2026,0,-11.559908198151144,FMCG,bear,1.2,57.08386958729209,17.23486424014097,19.171525050163865,1.1628683596688338,14.877797634779657
IPO_Synth_1298,,72.42367180980075,7270.09501240219,0.5,0.5,0.5,1.5,,,,-9.144708661573823,2024,0,-2.024094220531149,Infra,neutral,1.2,24.0,32.0,12.991780309775162,0.762322577712989,4.0
IPO_Synth_1299,,697.0534144844823,877.0236669592891,0.5,0.5,0.5,1.5,,,,-4.5153649869872465,2026,0,-11.559908198151144,Mfg,bear,1.2,63.75716164128689,24.211467436704282,12.304301172375233,2.306301468298805,8.330900231494345
IPO_Synth_1300,,40.04,71.9742,9.143352994801198,3.4068770477175807,2.786125432496503,15.336355475015282,,,,-10.83797733080093,2023,0,-8.602056605448793,Finance,bear,1.2,50.449825289112525,17.49677263242867,10.752660949447685,0.0,7.403182965736793
IPO_Synth_1301,,114.13059478588814,6361.801330691977,20.813658591557267,8.201626495660753,3.22588726896661,32.24117235618463,,,,19.26911581814327,2019,1,13.448248088813447,Tech,bull,1.2,60.944547283031206,25.74387395867778,13.698097592465187,0.3862031576983349,4.836485629487118
IPO_Synth_1302,,557.6208921397541,3873.0182010095073,0.5,0.5,0.5,1.5,,,,-1.194525086861413,2019,0,-11.559908198151144,Infra,bull,1.2,60.545272031429214,19.723649149807475,19.589455626505735,0.0,13.306654598368418
IPO_Synth_1303,,63.86839268423505,2709.4459440075984,116.50295978855647,43.47331241464118,12.703803600072183,172.68007580326983,,,,80.07052913159052,2017,1,25.585238477179825,Mfg,bull,1.2,24.0,17.40269089645414,15.18686270677303,0.0,4.590688432384925
IPO_Synth_1304,,229.3245283144381,5517.776228357979,42.32762549697955,17.46767297086712,14.06501829485908,73.86031676270575,,,,76.08261842439089,2026,1,28.60622837027588,Tech,bear,1.2,68.81937103058671,16.36347734109609,20.794412864187155,0.0,8.621659753875734
IPO_Synth_1305,,442.7711550046922,2857.936517481861,48.42448988392789,34.64381056738665,5.353248991134821,88.42154944244936,,,,3.976778267468208,2017,1,6.856219838339463,Retail,bear,1.2,63.40145093817474,21.827379054741733,11.759275037815822,1.6720356542050796,9.763804466688406
IPO_Synth_1306,,511.3688358186342,5608.119028842928,7.1464533834510355,4.3926698254021455,2.3914531492362143,13.930576358089395,,,,-14.943646592107637,2024,0,-11.559908198151144,Tech,neutral,1.2,65.81886010413614,16.316768087304297,6.0,0.4698246786074589,7.747235888482777
IPO_Synth_1307,,57.10455863530114,2163.6335720684124,3.4602357583999703,2.1385538134304802,0.5,6.098789571830451,,,,-7.583566009246772,2023,0,-9.274440051823294,FMCG,neutral,1.2,56.698444904216025,20.932573348300693,24.0,0.280228883635101,4.797208567757027
IPO_Synth_1308,,462.9661866837871,3869.4844059082275,126.45086264312698,92.05220826541711,40.22982358225271,258.7328944907968,,,,21.933422079779486,2017,1,38.97410138486046,Infra,bull,1.2,60.88062068967403,25.3220952647242,15.965624312597878,1.2735011602542383,9.49521991757703
IPO_Synth_1309,,551.0652110491283,2891.933021730403,0.9055089395227824,0.5,0.5,1.9055089395227824,,,,-14.964218075402648,2026,0,-11.559908198151144,Finance,bear,1.2,63.11055148637492,20.663066706624388,18.50336755106053,0.6154324352457977,7.714504779638112
IPO_Synth_1310,,40.04,675.0790489485203,2.358085443780581,0.8777806151788791,0.5862340941026146,3.822100153062075,,,,5.336305129635643,2017,1,4.7694117709254416,Auto,neutral,1.2,64.93673550999203,31.8590063549158,11.456181096436815,1.1133331729985545,12.425945638209523
IPO_Synth_1311,,488.2093986049554,987.153374396995,2.114574899636537,1.2243113382543502,0.5,3.838886237890887,,,,-18.959285514457097,2017,0,-11.559908198151144,Finance,bull,1.2,68.56055162917893,20.079237388647776,8.868555874101839,0.8228440999815767,11.548334044552806
IPO_Synth_1312,,170.04742053487377,499.1767248864667,10.0,4.691357669685707,2.5528570169240368,17.244214686609745,,,,69.89340906483567,2021,1,29.70384349103554,Infra,bull,1.2,65.08972906355446,28.09423148814419,15.696367756737926,1.0427020793336637,15.832830381118686
IPO_Synth_1313,,457.1497536688019,2212.816530104112,15.351287971331853,4.703672614518552,3.9063133791756393,23.961273965026045,,,,8.168680775740185,2017,1,-2.3205357332124703,FMCG,neutral,1.2,93.29511890218122,25.85777250491541,6.037393494105278,0.050312711219875794,10.329928715156461
IPO_Synth_1314,,661.815615237371,335.34756146817443,77.56428353747019,49.68898645211021,18.561084087619925,145.8143540772003,,,,24.91218537681193,2017,1,21.033420953931756,FMCG,bull,1.2,46.93173038121327,29.151807453278977,13.79822432463424,1.5470874087269488,11.767753325412015
IPO_Synth_1315,,354.61450497433236,2656.388939319201,182.554210825341,49.93519736159024,47.077334160403744,279.566742347335,,,,28.10614368036335,2022,1,24.52885731986204,Tech,bull,1.2,53.25081710824159,31.832624472830624,19.600401557306046,0.0,8.923195376324138
IPO_Synth_1316,,726.8318336696858,2567.894395836895,143.56564221863036,74.9305776510577,49.103304492743305,267.59952436243134,,,,77.5295376492461,2026,1,52.03166653781882,Infra,bull,1.2,90.47321575355127,9.431977988320426,17.018118192720117,0.41402025087125804,15.135187966805502
IPO_Synth_1317,,684.9529238931605,2055.773812596558,55.295855285037874,29.374936961244764,19.291441703915286,103.96223395019793,,,,8.59524996822011,2016,1,7.8985467637169995,Auto,neutral,1.2,57.217153260024716,21.590985773100076,16.147059035676424,1.5969214900495057,10.030807346069563
IPO_Synth_1318,,724.9239673489562,2100.9725541913467,10.0,5.67980659805327,2.3012395166146,17.98104611466787,,,,28.410132588694893,2023,1,20.4293804304166,FMCG,bull,1.2,76.76948145208846,19.32878804241032,22.846827206742272,0.3459358400863054,9.692337605219429
IPO_Synth_1319,,552.5187225571912,71.9742,0.5,0.5,0.5,1.5,,,,-17.30792367717409,2022,0,-11.559908198151144,Auto,bear,1.2,62.43908769172561,20.668598377797146,16.68903850764229,0.06914645233299382,11.621733453328615
IPO_Synth_1320,,790.8284394527733,787.8052674955424,28.937069858481443,7.575738507195793,3.8628748795567605,40.375683245234,,,,70.1852790461343,2016,1,38.05453783880125,Retail,bull,1.2,55.89938694498571,17.615600322961196,6.430082916615484,2.5,8.065123373833245
IPO_Synth_1321,,546.3651783575147,71.9742,7.709763309741297,5.354366188434372,2.159410025893012,15.22353952406868,,,,-9.600426225343721,2017,0,-4.168712818370883,Finance,bear,1.2,77.75246801871818,16.739260496889003,14.329184718008158,1.9185917999469149,8.501148723885754
IPO_Synth_1322,,40.04,1209.7591456802031,6.130862607638802,4.381129117635933,2.118157220506069,12.630148945780803,,,,19.466644917100204,2020,1,0.15452015217194498,Retail,bear,1.2,69.33160603309283,13.40247318739247,23.663930792945965,0.6416329070561315,11.619575518373408
IPO_Synth_1323,,144.26198638134835,71.9742,27.234391886188064,13.371932908162117,5.692363900402626,46.298688694752805,,,,33.72892688123306,2023,1,11.809258073262493,Mfg,bull,1.2,32.387822924732845,20.58429968154159,13.607534375368921,0.0,12.1967015405849
IPO_Synth_1324,,342.65966897187496,1781.6804300330898,16.240639777588434,4.2277662172849055,2.022116966908246,22.490522961781586,,,,-5.976437466989782,2018,0,-11.559908198151144,Retail,bear,1.2,63.12287703215396,25.6040926203518,23.38843212014832,0.0,11.79119713615174
IPO_Synth_1325,,385.02792962454043,71.9742,2.0,1.0808711602234489,0.5,3.580871160223449,,,,23.362650853282997,2020,1,17.241964382370092,Retail,neutral,1.2,42.088889861272285,17.037827622202087,19.606398407027264,1.208661683086706,9.759451771498
IPO_Synth_1326,,537.0205709280943,71.9742,88.36864887455458,36.051309283934046,17.342574385445058,141.76253254393367,,,,93.70541586984638,2021,1,33.22935398231489,Finance,bull,1.2,82.88074682255477,18.02895491504745,13.161858800031881,1.765868548057874,10.811282053359523
IPO_Synth_1327,,139.17877329066823,7384.731560131181,5.310190081291307,1.8120640703633366,1.8540466723938138,8.976300824048458,,,,34.51018532242661,2023,1,18.63064286870682,Auto,bull,1.2,91.56462074725417,15.811563636547389,10.137766529030102,0.8957706784239261,12.881267720449856
IPO_Synth_1328,,1100.9684824865788,919.3757581269309,14.151586574447894,4.733370715492761,3.8442195986248553,22.72917688856551,,,,-13.969631958891238,2018,0,-11.559908198151144,Infra,neutral,1.2,93.73149959983728,14.033896445430058,16.52952181614685,0.0,6.718073501889557
IPO_Synth_1329,,379.8237809134707,5288.367252564418,29.57318271460385,10.043872623430728,3.828737096266737,43.44579243430131,,,,6.174583234478609,2023,1,9.611191853560475,Mfg,bull,1.2,66.4352434589644,18.583137572930855,20.7172500959893,0.6603191685895595,10.004178382707927
IPO_Synth_1330,,412.1960438203989,150.0517382335738,171.12570690432085,71.08912677461399,31.533193557371728,273.74802723630654,,,,67.21355222041205,2025,1,28.350278052256314,Retail,bear,1.2,51.691782329620374,22.05929893216028,7.896126886517612,0.013149293973465481,4.0
IPO_Synth_1331,,185.70370658521642,5941.856121482247,25.598431676767316,9.991326628456141,2.870599888730617,38.46035819395407,,,,-33.00076403400108,2022,0,-11.559908198151144,Finance,bear,1.2,65.79165022485806,27.54407680262241,15.54174369056279,0.6616564961270187,12.220705841587758
IPO_Synth_1332,,72.08281918187006,71.9742,16.738730251257536,11.185027385757994,4.406723945882437,32.33048158289797,,,,-9.790808576017751,2023,0,-10.970089953013556,Mfg,bear,1.2,43.08495833974659,12.847381043285049,6.0,2.44342764712391,7.652160676206135
IPO_Synth_1333,,371.67871464400315,1979.969716915335,10.0,4.976573536950121,2.681848172192667,17.658421709142786,,,,43.295756967410256,2017,1,31.26154090341777,Auto,bull,1.2,96.0,19.81769221214695,13.471840527747025,1.2894015943797963,7.731823722356298
IPO_Synth_1334,,424.2330224198106,71.9742,22.292465529675553,10.339774874733525,2.5496826048747443,35.18192300928382,,,,38.85902222432661,2025,1,18.136358200899124,FMCG,bull,1.2,81.49842655463975,27.068819830858228,7.553702345659311,1.0760746326577137,9.634302484822092
IPO_Synth_1335,,385.1368794060466,8291.33401661498,95.05063198309416,30.693443879809976,17.477908814153928,143.22198467705806,,,,41.94955605618395,2019,1,21.206942721022735,Infra,bull,1.2,65.4814743196562,12.926972326238673,17.530061138160615,0.45465555353650383,11.857312974656503
IPO_Synth_1336,,980.1998748886081,872.959975100899,94.9962828300951,65.35225546333098,30.941200496861914,191.289738790288,,,,73.50225230885425,2018,1,52.53527009384372,Infra,bull,1.2,77.94688551929825,27.602098696528486,11.89950910609214,0.914474587507873,16.0
IPO_Synth_1337,,371.67660336733246,3678.1784612276156,69.85876644445909,19.379597446373964,21.425963628828566,110.66432751966163,,,,16.46804389690816,2022,1,22.431513223311686,Retail,bull,1.2,51.14896575249547,17.366276928149126,20.211163225463075,0.0,5.340894783651515
IPO_Synth_1338,,385.46986479146426,2694.594445941776,61.23910799336086,22.644120375295604,14.914977192789667,98.79820556144612,,,,88.97069371559236,2020,1,26.529241000344456,Retail,neutral,1.2,40.05675435835582,24.268030735005716,12.56778724358902,1.0549358310683983,7.451466826361882
IPO_Synth_1339,,693.3154550138311,1455.3556503387665,71.52097865847851,40.10439734947049,15.817282121323919,127.44265812927291,,,,85.0451484889391,2021,1,70.95864372273577,FMCG,bull,1.2,24.0,18.691600624477122,12.157924909124409,0.3066315236886893,10.6860564478233
IPO_Synth_1340,,356.3884255809293,2869.3617814150593,40.72255842113167,24.48061904505245,14.180123340283266,79.38330080646739,,,,12.430433810462679,2024,1,7.66345033519173,Mfg,neutral,1.2,61.49502170519342,22.752491222210374,7.731755165069163,0.0,7.8198244738320435
IPO_Synth_1341,,599.0526603454529,5059.608598257365,5.282026683202245,3.436371873609387,1.4818667222877757,10.200265279099408,,,,-9.393678961196889,2021,0,-4.977585685376533,Finance,bear,1.2,56.253220372503144,29.654240754136907,16.759725030529584,1.315001755397617,12.507814421369847
IPO_Synth_1342,,40.04,3261.0670806382036,78.44842058127008,35.705457434599346,26.52802398523104,140.68190200110047,,,,35.689421611031705,2020,1,21.549434648821585,Infra,bull,1.2,69.3472070596768,19.271515353217072,17.214454281306917,0.0,9.496613145642371
IPO_Synth_1343,,40.04,1944.630456156082,137.44687471583796,58.190889302740366,16.204478468760897,211.84224248733923,,,,28.37361823533973,2024,1,21.791716819532038,FMCG,bull,1.2,60.23530860800914,25.9790003913743,19.228849617296405,0.0,12.655931199267393
IPO_Synth_1344,,456.51555990365887,2873.5344756619834,13.34581185244718,5.261930764638019,2.042413539504802,20.650156156590004,,,,3.151749351209694,2020,1,0.891211473068114,Finance,bear,1.2,68.52993470235639,21.647822844425477,17.94840598072588,1.1133203921138763,9.254528538517832
IPO_Synth_1345,,335.7048045392749,6506.490450814843,8.6484761214888,4.618695629152575,0.932113374587475,14.19928512522885,,,,-27.033949572394594,2026,0,-10.053110039085805,Infra,neutral,1.2,74.59950120891789,15.283881673260689,16.805713798340232,1.7245846752131426,11.634652285938927
IPO_Synth_1346,,138.47069787102325,436.8412507667249,99.92077874536821,42.39816576818959,31.672828861178026,173.99177337473583,,,,34.93098381379298,2026,1,62.28205681596953,Retail,bull,1.2,33.716740133698245,19.126476732169767,17.681330219112095,0.9717029963654522,7.128612118178382
IPO_Synth_1347,,456.44490956279856,71.9742,35.6445070765862,14.758505510926787,9.750835087010184,60.15384767452318,,,,18.975564956172494,2021,1,19.36453956906903,Auto,bull,1.2,75.64019478041966,18.751373456957623,18.13574039971091,0.0,15.812264604333999
IPO_Synth_1348,,486.24771162679735,71.9742,3.940132813857413,1.0183093064017843,0.569006058085569,5.527448178344767,,,,-9.134779182176036,2024,0,-3.557880475347113,Auto,bull,1.2,52.68155543956487,11.529145758611644,19.084455706037456,0.44906762391526844,4.901021544734481
IPO_Synth_1349,,172.33138371682014,71.9742,12.89089472368142,9.335044461011778,4.428636612702071,26.654575797395268,,,,62.73756345235248,2023,1,32.113975844391256,Finance,bull,1.2,69.31641937306298,22.75422960060255,8.125925089735142,0.7912745430214136,7.8767075579578725
IPO_Synth_1350,,237.60879225553546,71.9742,36.9755499543146,10.364140242487688,12.532836983177745,59.87252717998003,,,,6.608753518581848,2025,1,9.928563663004349,Finance,bull,1.2,78.40008284690146,23.947827706505986,12.92181871541927,2.060534400826384,5.738847844771707
IPO_Synth_1351,,488.81522611288494,71.9742,38.053051544981926,14.667006810422329,5.94196311642061,58.662021471824865,,,,9.12602421066768,2021,1,6.817720521994912,Infra,neutral,1.2,78.52369633837743,24.87434495525349,7.696241860949601,1.4205979937097437,12.400895355629467
IPO_Synth_1352,,66.03617261650923,1460.3430062906834,81.24415236642497,57.74101639014725,21.26585497633374,160.25102373290596,,,,22.798876182621893,2020,1,24.459870154648037,Pharma,bull,1.2,62.324750693895865,28.57873910709274,16.494601836353628,1.4279295163862393,11.61883172996308
IPO_Synth_1353,,208.4930275833113,2165.7836824517144,7.51045673930999,4.639014589251258,2.0054851873183592,14.154956515879608,,,,-4.655631749250864,2019,0,-11.559908198151144,Tech,bull,1.2,63.21256488012862,25.723552553658724,22.334817751454043,0.5654192848773023,6.345436286204768
IPO_Synth_1354,,597.2067551455466,2137.8120241484057,26.036324945554497,14.035399139280342,2.629777879296733,42.70150196413157,,,,5.961877571499127,2022,1,19.92256947191752,FMCG,bull,1.2,76.05442017642825,16.381840827376454,19.03353613566818,0.0,12.991341489388535
IPO_Synth_1355,,406.6800361979524,71.9742,122.17926897165636,70.9136976631692,33.25657977261928,226.34954640744485,,,,40.60824210609577,2022,1,53.692289446105754,Retail,bull,1.2,32.978829112590006,17.658795602414116,12.268263591338613,0.0,7.904373510508272
IPO_Synth_1356,,251.81636431103124,4108.827422996407,207.61569486561945,61.97951887061599,32.24999407138484,301.8452078076203,,,,39.772873584302,2020,1,22.380109266564833,Auto,bear,1.2,42.871577010953885,25.032547958324695,17.27436080224485,0.19873406105052993,11.161956072214672
IPO_Synth_1357,,106.34641806702064,2912.9243734398833,0.5,0.5,0.5,1.5,,,,18.82301937853209,2019,1,4.148510699221125,Tech,neutral,1.2,54.97337889560546,22.338247827018613,16.5702307999003,1.1994306655514775,11.86638538196137
IPO_Synth_1358,,68.72346221393911,5637.813161497412,1.073250348569191,0.5,0.5,2.073250348569191,,,,8.41381263523376,2020,1,1.3156274566124373,Retail,bull,1.2,36.00970660258599,19.893044687852704,16.049083452731757,0.0,9.265387771962075
IPO_Synth_1359,,369.81628259011,3725.83424582616,0.5,0.5,0.5,1.5,,,,18.833609593957185,2021,1,3.409891068577634,Infra,bull,1.2,55.10909824730558,14.751675830211001,9.134943786052624,1.0721746530843919,12.729560003935868
IPO_Synth_1360,,1106.810904303942,611.9630439689847,87.44367702500377,31.977042319227134,25.305193705563106,144.725913049794,,,,4.691607643584106,2017,1,6.794319735738008,Finance,bull,1.2,54.12571895156551,16.81569529185701,20.918110168568763,0.0,9.567674609114071
IPO_Synth_1361,,608.0867763106636,4919.871036395007,4.095879965054925,2.3046787829148325,0.5784462169744041,6.979004964944162,,,,6.301958434085298,2023,1,4.114002933117169,Infra,neutral,1.2,61.56791855810111,23.49685646430423,9.69859358023005,0.0,11.016206945361594
IPO_Synth_1362,,40.04,2233.8976691434045,62.0956500093284,32.455051901083344,11.806778608105022,106.35748051851677,,,,47.492749546670055,2025,1,32.12222472132319,Finance,neutral,1.2,58.97609827607443,8.294916085930542,13.349654108555082,1.9080099051488792,9.177625160947361
IPO_Synth_1363,,656.3970956343455,3598.856822076546,16.444223321031252,5.287665447833468,4.558879199843838,26.290767968708558,,,,-20.313154062643335,2019,0,-11.559908198151144,Auto,neutral,1.2,79.24827352933384,8.0,19.31613797084188,1.266872219051868,4.395332524313915
IPO_Synth_1364,,155.5971867016748,3397.002194690208,141.30781403861062,60.96917587936151,25.552870175550368,227.82986009352248,,,,65.53823838228567,2020,1,30.946778969036774,Auto,bull,1.2,70.314084500876,24.160264345075024,13.319626980919328,0.19351127808608137,9.629396135682654
IPO_Synth_1365,,413.16287495071884,1198.1748218046519,11.670674465029332,7.476775317479377,3.2387082534256257,22.386158035934333,,,,9.71120947517985,2017,1,4.073314800563567,Auto,neutral,1.2,58.721437042122076,16.79911795061092,15.356857018555834,0.0,7.379001721513115
IPO_Synth_1366,,213.6756573659262,1790.5771273844778,49.09152410498902,17.491017305827455,9.034788448022649,75.61732985883913,,,,12.745010081051163,2022,1,20.448932803727647,Tech,neutral,1.2,54.0012776066784,22.811223704667906,15.538227347160058,1.4489149141953392,14.17680720324165
IPO_Synth_1367,,1105.7664338228253,1179.8116462038354,14.07946609571292,10.298124983591459,2.033530566258141,26.41112164556252,,,,-14.921728108085407,2020,0,-11.559908198151144,Pharma,bear,1.2,59.143954021611336,29.46003357727851,15.296610312856988,1.3764602309910003,5.90747186040283
IPO_Synth_1368,,40.04,71.9742,119.9544473082626,47.71090010836968,27.5344583433402,195.19980575997246,,,,66.6811872701519,2025,1,41.04593937473265,Infra,bull,1.2,59.46250122764443,13.921605214690038,15.517748723143919,1.1391973105789193,13.675056391075332
IPO_Synth_1369,,521.9475834734889,71.9742,147.1537794252828,82.90067527641057,39.96063003190234,270.0150847335957,,,,98.57056109467392,2025,1,39.249678592960166,Mfg,neutral,1.2,96.0,9.982440910180241,15.962634170490027,0.32217153411718047,9.463684778239433
IPO_Synth_1370,,180.72519681643416,71.9742,225.0983967136942,125.92758837373802,51.61481967001595,402.64080475744817,,,,66.66194998491675,2024,1,33.0589014593736,FMCG,neutral,1.2,33.76451017047856,18.341614101696717,15.336161795508197,0.0,11.218606373730598
IPO_Synth_1371,,667.1952762983053,2040.1862019210075,0.5,0.5,0.5,1.5,,,,-4.526306573610916,2018,0,-11.559908198151144,Auto,bear,1.2,43.3270492242302,15.89119935353752,10.970304047280424,0.4851640575488694,5.860250477338307
IPO_Synth_1372,,515.0617476920683,4347.476936047388,69.21356428289856,39.983307878228146,14.501124503478172,123.69799666460487,,,,74.85604727070626,2018,1,30.235188708863294,Pharma,bear,1.2,40.6873331754901,19.847845957811785,8.02481009704264,1.907599872219275,9.073629306516937
IPO_Synth_1373,,843.3594718972364,3593.680548308873,119.4285007818857,74.2592650040753,35.18158601120195,228.86935179716295,,,,25.126016372959043,2021,1,21.052922484776886,Pharma,neutral,1.2,64.84689030888474,23.228195465982825,19.49158021284921,0.0,8.006140986444823
IPO_Synth_1374,,660.1209368475664,793.9567107649193,9.583619192374698,5.362049176233426,2.5156195898517058,17.46128795845983,,,,-24.116437959857404,2022,0,-11.559908198151144,Retail,neutral,1.2,64.13412023937964,21.96016564946058,19.697004378830687,0.5474534272126076,16.0
IPO_Synth_1375,,177.92075521490486,71.9742,17.785377865965156,9.426202420372357,4.333436814470949,31.545017100808465,,,,16.498490731656837,2016,1,11.764899411802181,Retail,neutral,1.2,49.684707717108246,20.277511044555148,16.518630670755353,2.135792079452645,7.931964257665604
IPO_Synth_1376,,1410.9555151865309,1053.5704944240447,69.24809456082271,38.315919698910434,14.461974886672076,122.02598914640522,,,,44.90138613095627,2021,1,20.180275406902034,Tech,bull,1.2,76.13011800817698,26.348952207949164,16.481052788963012,0.19576708122007497,13.460129897008862
IPO_Synth_1377,,604.5477735003973,71.9742,10.0,4.509779602009799,2.3393188903448885,16.84909849235469,,,,0.1,2016,1,24.325737327961168,FMCG,bull,1.2,66.6538235600325,24.024197669058474,10.881653124762863,0.37251795575199625,13.50209446379733
IPO_Synth_1378,,226.7237762262374,71.9742,14.929543089932253,4.261437773788287,1.683342268492758,20.8743231322133,,,,37.574310403351234,2018,1,16.12717727800813,Retail,neutral,1.2,76.88580566409428,18.91160357712362,6.0,0.0,13.41781974216897
IPO_Synth_1379,,485.0317681531829,71.9742,2.0,0.659698379182782,0.5333598383417675,3.193058217524549,,,,22.435060746429556,2019,1,18.593798172946023,Finance,bear,1.2,81.6621783523965,23.81149176982874,13.880901858840748,1.1232006370492371,8.218373189216535
IPO_Synth_1380,,630.305903368753,5100.132166707189,153.56155251284497,84.97359551070895,23.203600875742854,261.73874889929675,,,,48.97250390806452,2016,1,44.1837067119758,Auto,bull,1.2,24.0,10.726313982872272,6.461915164596828,0.0,15.414688487147211
IPO_Synth_1381,,617.3122701172796,6356.161172916479,90.27452037681775,64.41871931615034,28.43983575067975,183.13307544364784,,,,95.23093343459188,2018,1,38.825458719580844,Infra,bull,1.2,72.34110013238273,26.382491449062705,15.829798633287705,0.0,16.0
IPO_Synth_1382,,584.2582470511095,3484.229738710878,9.967220358225767,2.620085949431735,3.0209243718678076,15.60823067952531,,,,-15.212043334496398,2022,0,-11.559908198151144,FMCG,bull,1.2,36.778911496855656,20.13314013077961,20.86907629972803,0.0,11.101348657868662
IPO_Synth_1383,,744.9586785107575,1370.4036973415193,80.08387325574098,41.80519119803072,18.57855096889175,140.46761542266347,,,,10.087240327563288,2026,1,5.420529655327588,FMCG,bull,1.2,64.48942724342336,12.795923016811223,12.22737646830997,0.7084461972718339,8.603803405700274
IPO_Synth_1384,,711.3769863187266,71.9742,60.95174656168938,22.919728931798534,19.003704201246826,102.87517969473475,,,,7.907009523949914,2024,1,8.72726600969581,Retail,bear,1.2,58.68787190770685,17.50016962667522,12.485870700696369,0.0,7.418060073640994
IPO_Synth_1385,,125.30550764041608,1102.3551149554976,2.497271417697146,1.3257263594974718,0.6685215836897341,4.491519360884352,,,,-22.782472845244783,2019,0,-11.559908198151144,Tech,bear,1.2,59.45615247519519,26.22524235719566,10.473775713902008,0.0,11.415277397811364
IPO_Synth_1386,,1134.9034615614878,3114.34832382253,10.388859713354895,6.49125748962859,1.4057686687050066,18.285885871688492,,,,17.611621829418816,2026,1,14.329137421231854,Finance,bull,1.2,38.31681599371975,15.394044256103264,15.199134182734584,1.0592841526019505,10.194706874221717
IPO_Synth_1387,,1087.366232413226,3681.897323891649,77.63297800231683,47.95595291630771,22.14039654144255,147.72932746006708,,,,86.18934484221943,2020,1,39.317264716907985,Pharma,neutral,1.2,78.54875765496179,22.463587828077138,14.850463543323857,0.42761564494231225,10.548145410425457
IPO_Synth_1388,,688.4203310830244,3314.7007171967625,22.639196733181024,13.865215276242063,7.8999842944491006,44.40439630387218,,,,-9.278460500058408,2019,0,-11.225513894725704,Retail,bear,1.2,36.77109040750485,25.272661813464964,10.413912493501835,0.0,5.95639637452813
IPO_Synth_1389,,428.0403356275016,4670.196992871919,15.520540803278696,9.924791918691822,1.7110515784737057,27.156384300444223,,,,33.41304740444586,2025,1,19.57138909696727,FMCG,neutral,1.2,73.50960500470674,20.146628307029935,19.10658540712839,0.1787327027622988,10.098850398225188
IPO_Synth_1390,,433.9119105894961,6579.147653848762,7.950110374668944,2.2761590809708023,1.2817951720818739,11.50806462772162,,,,-12.297488480866347,2020,0,-7.530142510445258,Finance,bull,1.2,34.225973003918035,14.812441166011286,24.0,2.23817058014021,13.431545895970126
IPO_Synth_1391,,304.2287617646638,467.524692315231,0.5,0.5,0.5,1.5,,,,-9.940959285255403,2024,0,-2.2512373196389093,Tech,neutral,1.2,59.678591108867046,19.61658118368231,20.35436483222226,1.7817317329351634,12.445553916795003
IPO_Synth_1392,,348.4231923065669,8823.813256505335,137.7924291306603,52.483653979451745,28.081905984382196,218.35798909449423,,,,48.24586265040321,2017,1,44.26556468212094,Mfg,bull,1.2,92.47904288829889,11.543645059839175,14.5022810024644,0.39256648707616365,8.757634204832321
IPO_Synth_1393,,40.04,71.9742,0.6799416285035731,0.5,0.5,1.679941628503573,,,,5.943477487928304,2019,1,0.5483383728575212,Finance,neutral,1.2,96.0,17.068066585333,14.448558585762097,1.3161822767533626,9.672874924021164
IPO_Synth_1394,,937.5383720699587,71.9742,122.1126075044149,78.3278634570164,30.11310129330766,230.55357225473895,,,,20.86327187471204,2026,1,22.29429216774777,Tech,bull,1.2,30.863060556552917,13.356624436114778,12.688983541292782,0.6210030884590021,5.5949953067760685
IPO_Synth_1395,,817.0235457298445,2042.3586026951073,0.5,0.5,0.5,1.5,,,,-22.22939694762412,2018,0,-11.559908198151144,Infra,bear,1.2,47.318311748700154,19.718543431398196,12.596221802535418,0.0,8.004243456081948
IPO_Synth_1396,,40.04,2950.8493843151814,71.59564453567168,26.606592828279368,8.42864952030166,106.6308868842527,,,,58.00594228993995,2025,1,52.59636213899431,FMCG,bull,1.2,50.59209648760858,12.384123703462759,19.31170489182678,0.0,8.97991487794883
IPO_Synth_1397,,718.8293316487478,1048.9855239637243,156.75404176503596,74.86731791258224,32.9424916334811,264.5638513110993,,,,63.711449653870716,2021,1,25.33379362851422,Pharma,neutral,1.2,96.0,20.500514705449174,19.507681275084717,0.0,11.900223751475744
IPO_Synth_1398,,412.18688528165916,231.3251217129962,34.610534445508556,25.31602462283137,10.902783772813107,70.82934284115304,,,,13.353737724466592,2026,1,8.340969256028439,Finance,bear,1.2,58.77012062067816,26.797220702431275,9.737117203735867,0.0,7.880956077489313
IPO_Synth_1399,,346.8307485001964,7254.955607254524,35.95611251171531,10.960738801816133,6.8564882220764245,53.77333953560787,,,,0.1,2020,1,24.747147672578812,Tech,bull,1.2,79.34395355203448,27.173989225373845,16.648419355908434,0.7715668321809295,6.892045231266076
IPO_Synth_1400,,583.1697534377772,107.01774918512567,15.175749510256779,8.103640574435499,3.428918129738871,26.70830821443115,,,,-29.877806247280958,2021,0,-11.559908198151144,Infra,neutral,1.2,65.39472841498478,12.527342424352359,20.00006434905105,0.0,12.273037260641413
IPO_Synth_1401,,40.04,71.9742,14.762963079559919,6.209948248145392,1.555937423776124,22.528848751481437,,,,58.83335987877118,2020,1,37.88393220739525,Mfg,neutral,1.2,38.414174945997836,16.003415837649907,13.42418091047397,0.9253290449996296,8.732185709686249
IPO_Synth_1402,,410.9795248425967,5922.878724643274,38.54671252158174,22.09382580232833,6.014962924322594,66.65550124823265,,,,13.593668481570647,2018,1,5.278851691036801,Finance,neutral,1.2,26.523562145070304,25.116591615927756,14.048097834452406,0.94069601134218,7.4831657441654436
IPO_Synth_1403,,441.97172831107946,3732.0595547854336,60.59201758116564,34.80122909968148,13.082651577745324,108.47589825859244,,,,-4.086034863024398,2025,0,7.87414306193911,FMCG,bull,1.2,48.96434850864537,24.224261652717107,18.13192204491439,1.190027457653151,12.437235681781864
IPO_Synth_1404,,442.3023108828852,4371.247820912568,8.964307078185763,3.3194447530628324,1.7905489073790681,14.074300738627663,,,,15.291309468395502,2022,1,1.6500001070075971,Finance,bear,1.2,96.0,16.308792221510732,18.259880625856553,0.0,11.376348508270755
IPO_Synth_1405,,40.04,2031.6110469762023,15.017659315502918,9.654923759233807,4.184876798950092,28.857459873686818,,,,-13.738431678195878,2021,0,-0.2761100411875431,Auto,neutral,1.2,64.63703868088795,17.081182515994772,16.930762483164422,1.0156717084382514,9.377586401380919
IPO_Synth_1406,,567.4822390733187,71.9742,92.80244731477636,27.43530217262649,23.476234670131543,143.71398415753438,,,,124.5231919576926,2020,1,27.325316221502142,Tech,neutral,1.2,78.97873127524323,20.493588531607347,16.144029398432032,0.0,8.946157812415247
IPO_Synth_1407,,776.8398533042794,1742.0306757566145,12.925485615660502,8.518792508841148,4.137068331054694,25.581346455556343,,,,19.4097106746252,2024,1,17.8292787706041,Finance,neutral,1.2,34.471633889523865,9.000244696759337,16.74864417226326,1.2113399315271842,11.138584550950295
IPO_Synth_1408,,553.9607353466106,71.9742,56.86752249701108,20.243895673697843,17.838925276841834,94.95034344755076,,,,60.20314407412168,2019,1,26.396357587066948,Tech,bull,1.2,54.14600551957057,23.15198340659182,13.75027219116877,1.722654159666356,11.616296487029906
IPO_Synth_1409,,336.53474684314415,2152.4804425957136,29.164096732071343,15.888298029236498,4.675149365658009,49.727544126965846,,,,10.052076989495593,2018,1,12.100419749696782,Auto,bull,1.2,74.01919062539858,26.498428463144762,9.970277931208646,1.2231535737897126,10.626735131902066
IPO_Synth_1410,,1333.3602073291518,3222.53585559989,113.72147199217098,48.1786546883337,11.87362275666781,173.77374943717248,,,,29.397620980617063,2016,1,23.3977960628349,Auto,bull,1.2,40.35899474723403,17.665329706526094,7.995234862163359,0.32292245704511735,10.361918743109223
IPO_Synth_1411,,99.00045576393155,4321.0176130979435,0.5,0.5,0.5,1.5,,,,7.9026894000499235,2025,1,3.225738202790765,Finance,bear,1.2,58.84858695600912,11.48468592328879,17.68002643503996,1.066768253556304,8.180125252512198
IPO_Synth_1412,,679.0220774360405,1281.2910165901474,69.63430413478598,26.71930392260052,12.692956000526955,109.04656405791346,,,,80.99142264696472,2016,1,60.54820335508278,Infra,neutral,1.2,44.164209895295684,28.475681737996712,15.486886883663264,0.0,8.359894706273671
IPO_Synth_1413,,497.9209325075771,3468.9991140854213,3.4868512436656194,1.8636586544870026,0.6512651047050614,6.001775002857683,,,,-4.333540533818997,2025,0,-11.559908198151144,Pharma,bear,1.2,74.87581891057027,21.316575291745615,17.049838128112967,0.0,9.484526295684333
IPO_Synth_1414,,1102.1996414887262,71.9742,169.7279753919165,43.127730901871296,23.6938046419012,236.549510935689,,,,70.50500954064601,2020,1,39.58086322713428,Tech,bull,1.2,67.17329782429019,24.25375772363024,11.270043188031531,0.9667960826874158,7.116697266880093
IPO_Synth_1415,,546.930336316035,4037.8490300138583,67.84907966300537,29.665465078269843,18.539884268266828,116.05442900954205,,,,19.033493555379017,2016,1,41.89598681457661,Tech,bull,1.2,72.30093753722042,12.073204328139543,15.461636746882997,1.8077344408478304,6.76585442624809
IPO_Synth_1416,,620.1681891919302,3277.6529890582356,0.5,0.5,0.5,1.5,,,,-14.959406554709375,2026,0,-6.152266404276713,Mfg,neutral,1.2,75.67935064441085,12.095111221076149,15.353880117306977,0.0,9.730801255088686
IPO_Synth_1417,,587.5678323546198,71.9742,10.0,4.815032932527538,1.4418577526556091,16.256890685183148,,,,91.62833791446502,2024,1,60.538285996977386,Auto,bull,1.2,55.901853542299804,22.48472724584371,20.755532934275685,0.5151846049017808,12.96833755460488
IPO_Synth_1418,,53.31412409873554,2902.2701007258265,87.88235309214426,43.90870836634014,19.848026021536867,151.63908748002126,,,,80.4739650515927,2023,1,33.83586954265365,Auto,bull,1.2,78.0581709945107,26.165389451218417,18.83289719119069,0.9388635516798225,4.0
IPO_Synth_1419,,118.0248495328003,4358.243532222399,122.8441755620196,68.88959099150068,35.330473379088374,227.06423993260867,,,,70.70132031926296,2022,1,33.30884190201112,Pharma,neutral,1.2,49.382733296560886,13.224570516712962,11.670177862538623,0.0,8.825684481404327
IPO_Synth_1420,,320.6578500402923,1726.4812929559528,39.92315900495978,18.64829917910438,6.683122819621844,65.254581003686,,,,17.740182629099422,2024,1,12.897236781630555,Pharma,bull,1.2,71.26296182584743,19.389186665285912,17.270488242058295,0.16061726747506244,10.81755543556018
IPO_Synth_1421,,741.8504742713488,71.9742,19.3707753508555,13.240668090060321,5.43369135576334,38.045134796679164,,,,-5.412764231934579,2017,0,7.589397631189058,Retail,neutral,1.2,24.52284095826957,10.476662888440186,11.638988403864683,1.1132432848452005,13.216916722376181
IPO_Synth_1422,,494.44462496121514,1984.457771752617,36.24581304885826,16.370868552869528,7.810747169476687,60.427428771204475,,,,9.25089418640108,2018,1,7.758585873592286,Infra,bear,1.2,46.5655885927942,15.790635062228617,6.0,0.6081864234910405,15.399694638203343
IPO_Synth_1423,,344.2043814748439,2959.763975843803,126.5615200940121,91.28581444657162,25.431674415811102,243.27900895639482,,,,3.5366739211311007,2021,1,20.742901653678413,Tech,bull,1.2,96.0,18.45785640790982,22.766779779169802,0.6125572226571474,9.226489516737226
IPO_Synth_1424,,883.5460710119507,71.9742,145.64751148461312,100.2737982828602,27.655581091166507,273.5768908586398,,,,82.67925132166094,2024,1,42.6162308039608,Infra,bull,1.2,70.99778286114878,22.93283143595275,13.312816109596397,0.0,15.917570313660182
IPO_Synth_1425,,40.04,71.9742,22.42062074860368,10.325679925584701,3.058065977771177,35.80436665195956,,,,27.026714121407664,2022,1,16.21489196054007,FMCG,bear,1.2,71.00424395753345,8.0,19.677584029449548,0.46885064967481704,11.366698153316266
IPO_Synth_1426,,40.04,2879.5196721972497,0.5,0.5,0.5,1.5,,,,-11.801636164148839,2020,0,-7.435350591030001,FMCG,bear,1.2,45.169873234211565,27.922391151174992,12.023956264079164,0.10208667371628116,12.442685677316009
IPO_Synth_1427,,40.04,3664.813433232242,81.51534167168752,47.956617490564014,26.069656400782105,155.54161556303364,,,,65.8861106800689,2023,1,30.133597633803983,FMCG,bull,1.2,40.304211792299704,18.97670556285408,11.366932053228128,0.15561809047793695,6.803869542804445
IPO_Synth_1428,,827.5638124707401,7117.447637370528,23.64709788192458,14.842180778868025,2.9686976040139497,41.457976264806554,,,,38.33736055752161,2016,1,32.22696040960692,Retail,bull,1.2,55.24151704369626,27.766324502650303,12.540332103070249,0.0,11.360200925221104
IPO_Synth_1429,,381.7818071248085,3254.613603604544,123.18593718427101,42.244250590705875,41.83086508443126,207.26105285940815,,,,8.386137713571046,2021,1,26.459367896566825,Finance,neutral,1.2,58.79168727670157,24.19218418814758,16.13692196032831,0.4727198202185747,12.701687758743521
IPO_Synth_1430,,744.8936490334644,71.9742,129.0276594661388,47.80766406288054,16.37027228223653,193.20559581125588,,,,66.95685567058207,2020,1,28.425378337449136,FMCG,bull,1.2,94.46040936804374,25.113801926194814,15.792659553041487,0.0,7.931937619612447
IPO_Synth_1431,,377.5009893370585,6831.193069607535,41.64925869990744,13.45796912567966,7.934513251910279,63.041741077497385,,,,9.60257722725657,2021,1,6.427141352435371,Mfg,neutral,1.2,78.34090959497107,32.0,17.239635128943597,0.512089777426607,4.0
IPO_Synth_1432,,764.3271114946454,4267.833061035655,11.569658161203593,7.292887038622283,2.9106546090952565,21.77319980892113,,,,-8.555322295553573,2017,0,-7.8150837355309735,Mfg,bear,1.2,61.96070168274572,15.310312428515127,12.766339831097753,0.13496842138474202,10.447020951360305
IPO_Synth_1433,,371.52529287713145,71.9742,9.398141763471605,5.706560442448871,2.9083522479510133,18.01305445387149,,,,-14.136152983438297,2025,0,-6.499299158070503,Mfg,bull,1.2,61.1828304708587,20.81266043491643,15.181921825704627,0.0,9.35519647615942
IPO_Synth_1434,,554.8420134270226,71.9742,0.5,0.5,0.5,1.5,,,,-6.966912698476287,2025,0,-11.559908198151144,Auto,bear,1.2,73.64653369360444,14.055750941833825,11.20572979582509,0.0,14.032758507922805
IPO_Synth_1435,,504.8345559731353,242.2770155662643,33.12468263802506,17.173074113366354,4.480959861666271,54.77871661305768,,,,38.12726885069867,2026,1,17.418971085377233,Tech,bull,1.2,36.26167442084918,19.386744353036207,21.61184051632193,1.4474659478735772,8.385065100641766
IPO_Synth_1436,,530.1781051751776,3703.2854234782553,30.936396921986198,19.55550531035693,7.953578462605737,58.44548069494887,,,,23.648668594756995,2025,1,10.484702746166347,Mfg,bull,1.2,25.41570161759151,24.32056787480052,9.08699711686807,1.2463097873563196,7.884970437566756
IPO_Synth_1437,,990.3044195103485,71.9742,18.427449173918642,13.332523567953482,3.1913883397605867,34.95136108163271,,,,24.682847607878724,2023,1,2.7682337797324728,Tech,neutral,1.2,73.38098545596857,26.764017726348733,11.301132149260422,0.0,6.485736988628528
IPO_Synth_1438,,40.04,1211.7293850749177,21.113928615209325,7.163139441562482,5.513385678718573,33.79045373549038,,,,-29.05282360579556,2019,0,-11.559908198151144,FMCG,neutral,1.2,61.29622794939225,17.706442244520925,13.094591013958803,1.1816680567462818,8.109748027884187
IPO_Synth_1439,,391.4633016551962,3554.7897652271618,9.643808637146098,3.8784012392070024,2.942767708691814,16.464977585044913,,,,-29.85553406984282,2017,0,-11.559908198151144,Infra,bear,1.2,36.381904894542004,12.771281824296203,24.0,0.0,16.0
IPO_Synth_1440,,482.451709474543,71.9742,92.7256593154828,39.33143288074358,11.054533134857826,143.1116253310842,,,,49.86658360540695,2022,1,36.54879138748559,Auto,bull,1.2,24.0,20.439836105177328,18.4507410626236,0.19287089526561502,5.240049421183022
IPO_Synth_1441,,431.3162448506442,3465.5340230159177,21.18018344961709,11.91361342155357,6.5896534571894465,39.68345032836011,,,,-19.932032200085754,2026,0,-2.0935480134607984,Retail,neutral,1.2,76.08960234310983,14.886992220448287,11.1588926476805,0.0,5.994127057769609
IPO_Synth_1442,,278.9101392127859,3778.367730800558,85.13346452307447,27.090270803041324,9.313289352754433,121.53702467887022,,,,39.624886383082696,2020,1,20.09494227829028,Auto,bull,1.2,50.61200705636486,16.532717540419373,18.699859941469477,0.22240908624685773,9.837091902471442
IPO_Synth_1443,,232.1705889757331,71.9742,9.703713549379046,3.3644185274140206,3.1508593131188385,16.218991389911906,,,,-4.209008499705416,2026,0,-11.559908198151144,Finance,bear,1.2,67.20469230313402,24.030396201906022,17.32123461628695,1.146179944756533,15.923695910226307
IPO_Synth_1444,,937.4533863728819,71.9742,10.0,6.402184186959932,3.439045354000079,19.84122954096001,,,,54.058348149304905,2017,1,43.42824817898677,Retail,bear,1.2,55.25231952707573,22.91377791340926,16.231850173474886,0.09812589946642147,12.224636485965139
IPO_Synth_1445,,390.66476533693805,71.9742,42.8522887718726,22.327192302526385,11.435724646721797,76.61520572112077,,,,16.153009835827387,2019,1,9.173611599772515,Retail,neutral,1.2,59.38369848406859,25.005213948981243,18.131163312231244,0.1603605413846257,14.656985908586384
IPO_Synth_1446,,1247.5900355386352,71.9742,25.337873081959863,8.366391259770918,8.768521307426282,42.47278564915706,,,,9.343479123041764,2023,1,18.568021262973875,Tech,bull,1.2,49.33948697191292,17.97668799663247,15.26132184973001,1.2432272156568203,8.844843391002406
IPO_Synth_1447,,595.2733267750646,672.7203766415396,183.50242542281075,81.5147820422811,56.05961671937181,321.07682418446365,,,,45.02261070581628,2021,1,62.62694142496582,Auto,bull,1.2,58.622819561327795,26.053842455107866,15.76858977258263,0.5617079767044878,5.829685627960695
IPO_Synth_1448,,315.8798538670158,2093.3657034665025,126.59806691925314,40.16286930024219,14.06395333063696,180.8248895501323,,,,33.00133701636433,2024,1,45.11063608490842,Finance,bull,1.2,70.38731825506574,20.08609244879615,8.01182649281325,0.0,8.652353173813207
IPO_Synth_1449,,603.6093371228376,71.9742,32.644044540714724,14.080845412602354,3.2955056121433492,50.020395565460426,,,,17.129588722973104,2019,1,5.655849417924167,FMCG,bull,1.2,55.03688663797997,18.295067395820055,21.493945199378313,0.7406417346390759,9.625889726344482
IPO_Synth_1450,,452.03200903697467,4051.952052034533,5.607400277002717,2.5238888886636883,0.5898963915371842,8.72118555720359,,,,0.1,2024,1,-0.5481325650040587,Finance,bear,1.2,54.00917590610386,13.40718447153628,12.986227111720472,1.4926619986187069,10.032871874585224
IPO_Synth_1451,,873.2299969823033,1788.74674477995,47.01194533111201,14.3882506039688,10.012450856730938,71.41264679181175,,,,7.692918515493027,2019,1,5.24508395311755,Pharma,neutral,1.2,70.93568204657986,8.0,9.432484080552276,1.5559165300699738,9.358044054793739
IPO_Synth_1452,,40.04,2198.5801804101334,116.47078216138758,32.60211851398888,29.798543291809374,178.87144396718583,,,,12.107413503077339,2017,1,23.32634129639452,Pharma,bull,1.2,72.1352381783528,10.616433692832626,12.730543690068494,0.0,11.772203532192199
IPO_Synth_1453,,40.04,475.4003607146797,52.9989675371383,36.611736865503886,11.679274129051866,101.28997853169405,,,,51.33714685180587,2022,1,10.013425108936973,Retail,bear,1.2,39.52517615019567,21.292773464139913,12.91175538144194,0.0,7.864249641547859
IPO_Synth_1454,,538.1280779540814,3455.865499461685,21.75443338563837,15.093748964393242,5.858089980145962,42.706272330177576,,,,14.32371426004164,2021,1,3.736605724287909,Mfg,neutral,1.2,59.47964084668075,14.554880530664782,11.394440708752976,1.4990842030920422,7.218524338520294
IPO_Synth_1455,,700.2839489296066,4881.015432529132,64.23798779340503,16.142327825566714,13.644190909846964,94.0245065288187,,,,42.775671116891296,2022,1,44.044541014460606,Retail,bull,1.2,50.57226942299799,10.128419437840392,18.499424549807653,0.21248055094666463,6.386143139787029
IPO_Synth_1456,,512.483331434277,461.02701229519863,33.92325091979122,19.356676456844795,3.7533007352326986,57.033228111868716,,,,8.336970673125917,2016,1,9.818948952327462,Auto,bull,1.2,60.24692356724409,17.48374792248207,19.383869041497327,0.0,10.615079060925787
IPO_Synth_1457,,644.5300668454613,3502.6866152220937,116.41885474326223,34.557715071402285,18.22440266427953,169.20097247894404,,,,51.766450178435015,2020,1,62.060103689261936,Pharma,bull,1.2,85.81140398765311,21.678680219884797,6.183602576451165,0.0,10.317252692006862
IPO_Synth_1458,,594.3038639981634,3531.3076626055304,17.749315579891,11.627058760446527,6.179531764925448,35.55590610526298,,,,35.33202351790312,2016,1,14.254675792223306,Finance,bear,1.2,66.4614115262354,22.49041660729152,12.683508405589423,0.060958036170508156,13.274268030546406
IPO_Synth_1459,,40.04,2609.4607612658756,71.98569416209513,49.654378219554154,13.422881526785662,135.06295390843493,,,,22.162053568673407,2024,1,50.929891388092464,FMCG,bull,1.2,96.0,19.82677897120288,13.00602883790704,0.18743058273945562,14.640970711401664
IPO_Synth_1460,,510.8895788564702,5887.032526351559,61.66581215813549,34.42849021199381,11.173316960604742,107.26761933073404,,,,47.16433431821179,2016,1,20.024121808955716,Infra,bull,1.2,63.95270153523221,19.63483267444443,14.225345881938066,1.2649284335124742,6.377875580951224
IPO_Synth_1461,,864.6156798396814,71.9742,115.25281730998132,64.1471512733097,15.927710259004286,195.3276788422953,,,,62.01256272392527,2026,1,33.131838424710466,Pharma,bull,1.2,57.003746840749905,16.769542841022307,22.678426547620873,0.0,10.070565180049002
IPO_Synth_1462,,473.49524085290375,424.5087005492896,22.504384776691936,9.806077602758574,7.804204015784426,40.11466639523494,,,,-14.377098783094091,2016,0,-3.3917871686911845,Finance,bear,1.2,59.64571561091143,23.803434625033074,11.338896070101644,1.4355323874310795,9.383929410956865
IPO_Synth_1463,,40.04,71.9742,7.414759109280293,2.7785659338530957,1.168675999452349,11.362001042585737,,,,-14.809501107999061,2022,0,-6.186903759296711,Finance,bear,1.2,62.56733729546865,18.93911252941699,22.030854624092015,0.785132474666097,5.389812468157765
IPO_Synth_1464,,300.781230667396,3408.954633472871,25.615766511219114,12.798544120530943,6.703816231128929,45.11812686287898,,,,31.003572071978066,2019,1,22.240043975937592,Retail,bull,1.2,65.81132570317648,19.542006123827406,14.3420567686666,0.0,8.415495658015505
IPO_Synth_1465,,605.0022862385094,812.5073795131873,137.72549778105076,43.6395100278669,15.220301554214828,196.58530936313247,,,,59.45163264220142,2017,1,33.685733177773216,Pharma,bull,1.2,42.144587620809155,26.22707153489738,22.072774653869452,0.1805263128892649,14.699852323113987
IPO_Synth_1466,,1028.1839164884573,71.9742,5.174678984002716,3.0329437639807817,0.6034611407494056,8.811083888732904,,,,22.427058169225834,2019,1,13.16202052945233,Mfg,bear,1.2,55.803116553577624,24.751400574286524,13.600693708600863,0.9946670842275555,8.10189214493035
IPO_Synth_1467,,40.04,5850.834649326764,8.251477346827977,4.002325020840215,2.3037128331169567,14.55751520078515,,,,-13.98548949970098,2016,0,-11.559908198151144,Auto,bear,1.2,46.96087001575758,18.89080853193016,13.0736323437894,0.5395621879694609,7.603042758949264
IPO_Synth_1468,,538.2138530958744,6231.795351428638,0.5,0.5,0.5,1.5,,,,-19.346550038837204,2023,0,-11.559908198151144,Finance,neutral,1.2,78.533196908586,18.037660647033032,14.898131994554268,0.8789733001889072,9.843841860726338
IPO_Synth_1469,,96.39320946085256,666.2052012349257,0.5,0.5,0.5,1.5,,,,-30.558061295126123,2025,0,-11.559908198151144,Tech,bear,1.2,25.33796475330279,17.99097143044508,20.815128223306207,0.0,12.735072814429897
IPO_Synth_1470,,588.2544590447618,71.9742,0.5,0.5,0.5,1.5,,,,-21.485881154517962,2019,0,-11.559908198151144,Infra,bull,1.2,62.82425432617731,8.0,15.712423548515552,1.0547680770599808,9.085969739739394
IPO_Synth_1471,,615.61690459161,6372.384075977184,18.44076746762869,10.03914884574143,6.384603923793383,34.864520237163504,,,,19.772716091700854,2020,1,14.660320709741471,Tech,bull,1.2,32.6729438256757,26.58137824827446,15.941636192811517,0.1015380457878115,10.383059530085413
IPO_Synth_1472,,335.1823042703803,2747.05166490427,202.59537250982274,104.30231862677377,48.54059324540288,355.4382843819994,,,,92.03596869489542,2017,1,36.63976155350963,Mfg,bull,1.2,67.78028409406626,15.891156218412823,17.86513961144829,2.5,4.0
IPO_Synth_1473,,630.5674131061076,2616.8837193553627,16.352972484523477,11.019593418392253,5.59904589433482,32.97161179725055,,,,27.012091861687193,2021,1,12.000406671600249,Mfg,bull,1.2,52.81971172539309,25.127705535510124,11.041245163682435,0.0,11.716978276592098
IPO_Synth_1474,,804.1942913221409,1795.0818408812345,10.073071406755712,2.572437732249183,1.4207325664274653,14.066241705432361,,,,-24.07237687515579,2026,0,-11.559908198151144,Auto,bear,1.2,27.297697807229195,20.24952977448192,16.515096488236452,2.5,10.663394775980521
IPO_Synth_1475,,358.6067260405046,71.9742,35.17686897967785,19.641842493852398,7.08021999332239,61.89893146685263,,,,12.713433986590598,2021,1,8.162187091737925,Pharma,bull,1.2,76.96015001242803,28.350002313639592,12.173333682431876,0.0,12.654041157636712
IPO_Synth_1476,,40.04,446.0163774422728,12.716965411774474,5.784262014523462,2.3389218247299053,20.840149251027842,,,,0.1,2025,1,8.767348980160945,Retail,bull,1.2,24.0,23.176909798517134,21.620694046855476,1.7712246205542104,4.397125508467272
IPO_Synth_1477,,901.7775374459648,3285.8316845321924,151.98891543035174,52.707183356842634,43.889646337704264,248.58574512489866,,,,89.42344273780608,2024,1,57.65385666177989,Auto,bull,1.2,59.43444926278693,25.47273870141676,16.883979361128226,1.327440723721511,9.092549896132725
IPO_Synth_1478,,697.8924933217811,356.801062886941,0.5,0.5,0.5,1.5,,,,-24.789131249817462,2017,0,-11.559908198151144,Pharma,neutral,1.2,72.44142917154426,16.447533394153414,18.11726915618667,0.0,12.892545655435248
IPO_Synth_1479,,607.3932851161969,2648.7986904508853,15.693070523730706,7.091807080564968,3.478148567735461,26.263026172031132,,,,5.735798942769084,2016,1,3.8354380835089157,Mfg,bear,1.2,84.78117083506054,12.287544522016724,6.0,1.0994714700370252,8.329189518767773
IPO_Synth_1480,,178.7976810628442,1556.5608580827188,76.26626678770312,31.85118824578289,7.934513678202394,116.0519687116884,,,,54.37342360524518,2019,1,49.21003788299032,Finance,bull,1.2,31.01717764344428,20.885156030763966,18.180293664617874,0.004190259903189941,10.153159591671779
IPO_Synth_1481,,751.4330005000083,71.9742,63.87445205959696,21.366273755839853,9.185237373855209,94.42596318929202,,,,17.59777168091974,2026,1,22.029512040979064,FMCG,bull,1.2,50.711570626298936,8.49689014280503,14.201066699471605,0.774849579494659,8.77112423708949
IPO_Synth_1482,,1112.4857104289192,5741.467213210683,62.6445018426174,46.91340094630366,7.051667103229673,116.60956989215074,,,,42.83198179316072,2017,1,24.482382937686705,Auto,bull,1.2,79.50575449753879,17.192282392433473,8.53278859705513,0.6478672930982549,8.844630196215766
IPO_Synth_1483,,373.3841980655875,3067.9996477695136,35.74225328595821,24.2341655179899,11.142777646346056,71.11919645029417,,,,31.736912169408107,2016,1,14.770678573996335,Mfg,neutral,1.2,80.72233265326568,12.863403096843669,15.427407041983301,0.15069014243077083,13.501401201574307
IPO_Synth_1484,,447.09945160175135,2382.4252208346134,18.004467689313692,5.131024997916567,3.1047424741049783,26.24023516133524,,,,32.40464232017066,2026,1,19.431633451851866,Finance,bull,1.2,83.05338337532115,14.962044854033904,8.16770485319726,0.06757002110617005,5.7298228148614445
IPO_Synth_1485,,50.96807008964292,2966.4547498230972,137.66024417456438,73.35596940882824,17.82433916482023,228.84055274821287,,,,87.88005123630954,2018,1,29.120339299302934,Pharma,bull,1.2,96.0,23.574157103476743,17.74962861133742,0.8408723822258042,9.8491723005043
IPO_Synth_1486,,169.03674606097132,71.9742,16.319294443400345,5.282565491645323,3.0768902225264916,24.678750157572157,,,,-5.1732873193185736,2019,0,-5.22871808305968,Retail,bear,1.2,50.843528146850105,23.179798767346735,21.45286966885382,0.0,10.755285446807921
IPO_Synth_1487,,47.764428056838774,238.05718803245858,144.970822048492,88.12641558285287,17.298256129900054,250.39549376124495,,,,26.72199836517582,2024,1,31.294329066326544,Infra,bull,1.2,66.70287438186996,19.02823961776496,6.942438837966368,0.0,12.814302067385578
IPO_Synth_1488,,459.50920616685215,71.9742,0.5,0.5,0.5,1.5,,,,-11.832755799668714,2017,0,-11.559908198151144,Retail,bear,1.2,53.77443899518187,21.9200513105952,14.865082445607673,1.4549761523232942,9.634136196918565
IPO_Synth_1489,,298.4168301555321,1846.321143818154,2.0,0.6103889641992759,0.5,3.110388964199276,,,,15.953342367863767,2017,1,19.397533935439025,Retail,bear,1.2,24.44795240989464,16.75586466677358,14.257991707350499,0.9283862091724824,12.906641708105376
IPO_Synth_1490,,542.1653647732588,2370.099101144786,43.056055569010994,22.755962620440517,14.349148466149353,80.16116665560087,,,,36.73040432350959,2023,1,16.159199754486206,Pharma,neutral,1.2,58.37994755965319,32.0,6.0469306388441275,0.0,9.836107624206795
IPO_Synth_1491,,110.16141292937854,1889.666775898558,22.056637857725843,15.557380985543173,5.970338658120053,43.584357501389064,,,,-15.952562168152973,2016,0,-1.0474927520968988,Pharma,bull,1.2,24.101439204494614,21.80502486267944,19.1242680256379,0.0,10.35862822477144
IPO_Synth_1492,,357.58714555817596,4589.560923379938,63.01264217580906,26.50294975902616,15.219238475524238,104.73483041035945,,,,25.73506944386527,2023,1,11.799789809580366,Infra,bull,1.2,50.62508656160324,16.458067375941194,17.815696957065654,0.0,10.24401594474408
IPO_Synth_1493,,89.10763891398331,71.9742,0.6339374804280027,0.5,0.5,1.6339374804280027,,,,-9.265782440348799,2021,0,-1.1826961654142034,Tech,bull,1.2,33.573153875527304,25.252199755597513,24.0,1.4096898196254022,11.965833114318167
IPO_Synth_1494,,478.89387581603984,71.9742,17.200368945646606,12.429047758312013,4.67583475529372,34.30525145925234,,,,-31.93812871540657,2018,0,-10.903761817781808,Retail,bear,1.2,67.89942842564726,27.44111658616913,17.232753399366423,1.1885760585578815,11.625195089113042
IPO_Synth_1495,,40.04,2600.291638981562,7.469090416856131,2.396828082353717,2.028372170964221,11.894290670174069,,,,13.645738382238514,2022,1,4.637578886417551,Tech,bear,1.2,45.9865268602017,15.354686525715179,11.04450115927719,0.0,6.660822434476429
IPO_Synth_1496,,466.5990853938049,2208.7808421407317,15.355333111005907,7.486124137042084,1.5759219092662584,24.41737915731425,,,,-22.55240748464072,2019,0,-11.559908198151144,Mfg,bear,1.2,27.866255390574683,11.488638601690724,17.31451172611054,1.1496509272015771,10.65106442663699
IPO_Synth_1497,,319.6117769091354,71.9742,2.0,1.0446771278482843,0.6538918727641696,3.6985690006124536,,,,38.174479473968105,2026,1,19.27697302262435,Retail,bull,1.2,75.58185593758847,12.677276691257719,20.78163194633198,2.4855012128508673,11.621984774983142
IPO_Synth_1498,,476.6368513886225,4636.259419528778,0.5,0.5,0.5,1.5,,,,-33.9925158768027,2020,0,-11.559908198151144,Pharma,bear,1.2,49.132472608271634,15.980263657350285,12.908085637798159,0.0,14.3851927664056
IPO_Synth_1499,,40.04,5538.6764766931,85.46595776960699,28.94809045927093,16.094802198693422,130.50885042757133,,,,75.9975420520387,2024,1,27.69987388749855,Tech,bull,1.2,52.222161976194094,19.67438803120082,18.83586301593038,0.0,6.9740300075255774
IPO_Synth_1500,,638.4636718741318,2629.5460345168626,15.045572729354312,4.6125128107428806,3.03390417270026,22.691989712797454,,,,-18.22196871758292,2018,0,-11.559908198151144,Retail,bear,1.2,42.400369255437795,10.225219536318749,6.0,0.0,11.615340227703339
IPO_Synth_1501,,312.77575194488446,71.9742,6.838757959777344,1.9488931119576896,1.8554966058539897,10.643147677589024,,,,13.33199772452577,2025,1,0.03460326682264572,Infra,neutral,1.2,80.68337136569005,17.490518531995654,21.637801537461115,1.4485438866778098,8.956347003397306
IPO_Synth_1502,,488.9847093518647,1937.525414909802,5.029468581547033,2.535170398890886,0.9757392055462899,8.54037818598421,,,,3.888517645198351,2019,1,-1.2273506097601985,Finance,bull,1.2,64.86934200904822,18.752375375897984,18.601745981322807,0.4039423521407795,10.575572251041176
IPO_Synth_1503,,40.04,2407.6603796950303,10.0,6.710103884171582,1.9345776548180071,18.644681538989587,,,,35.55420757339474,2021,1,40.970528853628025,Infra,bull,1.2,48.96440763923666,21.949159514288844,6.0,0.10189509154303172,6.779506635291571
IPO_Synth_1504,,40.04,814.1835346503914,42.109090173208436,13.196120810162771,4.879021102097331,60.184232085468544,,,,29.215684661839163,2024,1,19.439130637689633,Mfg,bear,1.2,25.54736006667526,23.670693652470625,16.72195222257283,0.7274180553550095,9.959852303008223
IPO_Synth_1505,,281.5509594401042,5028.559993062431,20.499754966797965,12.306197945803877,4.18523850410752,36.991191416709356,,,,13.969736962186321,2026,1,7.708267099796623,Auto,bull,1.2,96.0,22.409260897958326,6.060734927191982,0.0,10.956776892303445
IPO_Synth_1506,,884.6734194452371,1219.9904610436747,74.94482024322299,34.19809979481418,10.295141422391016,119.43806146042819,,,,28.231929084008677,2024,1,23.084401594212405,Auto,bull,1.2,95.62861349858979,30.753039736974575,12.25011747178442,0.09836770666157363,7.089620415459886
IPO_Synth_1507,,594.9304982914117,6999.75599294467,4.393280024988799,1.1756949789796538,1.379038797362855,6.948013801331308,,,,-12.024550606940638,2023,0,-11.559908198151144,FMCG,neutral,1.2,85.9758362610506,26.564740272211864,18.05490628236847,0.7747624655952877,14.346282738943447
IPO_Synth_1508,,459.1855575348655,3560.1735673978988,29.988350702870967,15.533550475442476,5.506693989516466,51.028595167829906,,,,28.080814409219464,2023,1,11.357232844823498,Finance,bull,1.2,47.34290951639117,21.331772227888504,14.387882568652223,0.0,5.367333325828103
IPO_Synth_1509,,99.09152925165128,2240.3895001580436,142.1178032862638,53.43688141797954,48.350871294104536,243.9055559983479,,,,41.089858290847744,2020,1,55.52238348634338,Mfg,neutral,1.2,50.98295025151298,14.177074162516563,20.654757589057255,0.03101449455123495,11.612669891991308
IPO_Synth_1510,,40.04,3917.5828761973694,69.57795109058446,38.45065761412018,18.864809079743686,126.89341778444833,,,,25.037369730072605,2023,1,15.155097914920376,Auto,bull,1.2,67.21197718483512,15.947015310430334,15.286805772346467,0.3434799009493269,4.0
IPO_Synth_1511,,509.3235743089136,5506.564472045144,2.0,0.8493230108388712,0.5780757674136618,3.427398778252533,,,,11.869163235799222,2022,1,13.760585794483134,FMCG,bull,1.2,43.91063461144567,11.428006813293521,14.831476427562153,0.5913402010877098,9.235049668185647
IPO_Synth_1512,,654.1676097061925,3861.944207801545,60.58801861715925,35.33651738747237,20.414393417531983,116.3389294221636,,,,32.87364705646528,2021,1,24.1537449909037,Auto,neutral,1.2,42.190814120812846,20.920068831086443,19.943226523399538,1.1016443453620908,11.43891056611247
IPO_Synth_1513,,486.2046743051707,1324.3775994582975,109.90658385041617,77.95142940003824,17.55578435354383,205.41379760399823,,,,70.97670541893599,2019,1,31.674086459599582,Pharma,bull,1.2,86.25405410923543,21.988173008457878,13.480815266844836,1.0832278482008542,12.13788554363624
IPO_Synth_1514,,998.7825752572703,71.9742,0.5,0.5,0.5,1.5,,,,-1.335049122104052,2019,0,-11.559908198151144,Auto,neutral,1.2,59.00747351506423,25.35747682726903,14.886751644779691,0.0,9.683880904842647
IPO_Synth_1515,,181.70284308779446,71.9742,0.5,0.5,0.5,1.5,,,,-26.750737470128822,2017,0,-11.559908198151144,Mfg,bull,1.2,39.84235823150675,21.603909769321703,15.48001061566435,1.9079513112224356,9.275126242447616
IPO_Synth_1516,,476.09231299706744,71.9742,11.668301452592168,4.109044048566241,1.4607508315178936,17.2380963326763,,,,24.78646511589781,2023,1,16.842034392730778,Pharma,bull,1.2,77.14801206367746,26.323932751111453,14.696244037952855,0.5591168847990579,11.702329525680454
IPO_Synth_1517,,40.04,1975.2891325566484,11.464732421789137,3.271432059587662,2.1971784788714093,16.933342960248208,,,,-7.9394314943438795,2016,0,-3.181106419492981,Tech,neutral,1.2,49.66983025820675,26.446994171475826,20.220980774883934,0.16833908261494773,12.851987631257487
IPO_Synth_1518,,486.9122417174376,512.6926606109041,63.45920222990118,21.97912602175619,17.17367596326259,102.61200421491995,,,,66.3971917585515,2017,1,40.68654473804603,Auto,bull,1.2,24.37161802074243,13.83142382567408,11.99939201043304,0.0,14.13884050857116
IPO_Synth_1519,,916.7391300664949,652.056605482999,16.157264551828607,10.622728488845018,4.975199845215255,31.755192885888878,,,,18.604281418111224,2019,1,5.46953232389088,Retail,bull,1.2,39.573375029042396,16.89162003790005,11.263621501150698,2.4891671038695593,6.127559731167098
IPO_Synth_1520,,59.05742712676224,4199.819401241723,13.887187170373691,8.17647199081558,2.2789020047922466,24.342561165981518,,,,-16.17208879498231,2017,0,-11.559908198151144,Retail,bear,1.2,50.70311825372134,19.93376923231775,10.222438263793997,2.5,9.398062670882373
IPO_Synth_1521,,702.4822735859061,1230.0537943468776,8.555504560428261,6.2918641529309065,2.4577338353901865,17.305102548749353,,,,-15.420173209779982,2024,0,-11.559908198151144,Mfg,bear,1.2,63.95926907337936,15.763551918302962,6.0,2.3661806680858772,4.0
IPO_Synth_1522,,907.0608197001793,6454.600864448008,4.966286261937464,3.004174375540043,0.7751021496708222,8.745562787148328,,,,-24.682941488679,2017,0,-11.559908198151144,Pharma,bear,1.2,63.09127713488584,18.54006015231941,21.676839352802432,0.6214156921893098,5.897497409241835
IPO_Synth_1523,,179.22598673108178,71.9742,19.448998328932852,8.874881974314684,1.9743437012025848,30.29822400445012,,,,8.795443514699983,2021,1,7.223649247745904,Mfg,bull,1.2,82.09986375225748,21.80755147540842,10.946460035878653,0.8441052525922861,7.887643670081886
IPO_Synth_1524,,574.3220610696981,71.9742,20.05148135273148,13.960151856395548,2.2779135740845526,36.28954678321158,,,,5.280939444805444,2024,1,8.213617382497828,Finance,bull,1.2,55.733408126269936,19.261542056119936,13.92632133437441,1.9910362720262695,12.595035933210411
IPO_Synth_1525,,954.4018802101194,71.9742,18.176250999034792,13.251654967903821,4.478440225594961,35.906346192533576,,,,5.748466508305072,2022,1,3.104236760101858,FMCG,bear,1.2,51.61824469300219,20.001855891017758,22.0109374396971,0.2592491322623578,8.557320765281101
IPO_Synth_1526,,493.5491316503902,3403.044445255169,54.920574622250435,35.46921523639324,12.317964688110404,102.70775454675407,,,,97.28365646966873,2022,1,35.6406283222089,Mfg,neutral,1.2,82.41083952868794,14.344166876474514,14.36150833912998,1.0413025774454021,9.133105601981464
IPO_Synth_1527,,683.5527681775814,4519.013349347241,73.24644400187347,38.69754612701675,12.276565978744104,124.22055610763432,,,,77.51017923358248,2019,1,38.229979570463264,Mfg,bull,1.2,77.61660690124775,23.03865262425278,17.31481990353601,0.7272192310818286,10.900092018723587
IPO_Synth_1528,,40.04,71.9742,31.886861766852444,21.137255101856805,3.240883842219551,56.2650007109288,,,,14.588164954018598,2020,1,8.603093208109751,FMCG,bull,1.2,56.15776269348516,22.59957015336238,8.607333364912082,2.4187678171405578,7.988316290130017
IPO_Synth_1529,,618.7954520592734,71.9742,10.045527748133292,3.410681224874788,2.43104370597631,15.887252678984389,,,,-8.119549372109592,2024,0,-11.559908198151144,FMCG,neutral,1.2,65.25653245766063,15.42499783115618,21.292595144577078,1.936327788515242,4.01597231106841
IPO_Synth_1530,,591.503160172641,5504.9791523042195,28.241801391226016,19.774203612885263,8.596851202495422,56.6128562066067,,,,46.634255236555745,2021,1,25.650407757310102,Infra,bull,1.2,51.444199594746465,12.240635536685923,14.452808797770729,0.3620283590076976,7.762220585157427
IPO_Synth_1531,,40.04,71.9742,79.11764723821501,59.3207892946332,9.267542091703595,147.70597862455182,,,,37.09797060673808,2023,1,24.31026180860034,Retail,bull,1.2,39.08108648354623,27.381468393691993,10.417675424767936,2.025050602717732,9.637830132260971
IPO_Synth_1532,,85.42109830071595,4151.307592403899,27.29077908794025,15.898791444609381,7.753818338955291,50.94338887150492,,,,32.67166469325292,2025,1,18.986833129485333,Mfg,bull,1.2,96.0,30.489052294088737,10.414392060067874,0.49615727742142096,11.405388409141413
IPO_Synth_1533,,621.1405327493578,71.9742,131.96983585499555,45.91818116333211,34.13210434154951,212.02012135987718,,,,62.74537170549095,2018,1,33.53264360698437,Finance,bear,1.2,50.24600873902674,21.408257679872175,22.604891412615945,0.0,9.380833069802087
IPO_Synth_1534,,311.41999384721004,2555.384149550435,24.537460017250325,7.906419416133981,5.3942831409659036,37.83816257435021,,,,-17.804218537074803,2017,0,-11.559908198151144,Finance,bear,1.2,65.30986884526844,17.829890366419303,12.362203171636978,0.2146634300021409,11.3555006896551
IPO_Synth_1535,,794.6444648642821,4324.927310387618,85.40759623874611,62.322538149262044,9.572939355731753,157.3030737437399,,,,67.48319883719233,2021,1,55.76567371478563,Retail,bull,1.2,32.72374591843836,26.277668076306227,10.515324856692056,0.6474112771389594,12.774118261283101
IPO_Synth_1536,,520.9619971714241,2761.4345722195603,5.180070561971949,3.5518521900236197,1.7140483326803118,10.44597108467588,,,,-8.704533334874913,2020,0,-8.473857267126844,Retail,neutral,1.2,73.256129062435,22.8221002202788,13.051187426148658,0.0,13.361687342124124
IPO_Synth_1537,,434.1065065042125,753.2390979984368,92.60080546311634,57.81433370982826,20.31293558024243,170.72807475318703,,,,43.8976498482736,2017,1,28.50597624207816,Tech,neutral,1.2,38.29456035558702,18.73575729972293,15.204175803786223,0.0,10.516928184589533
IPO_Synth_1538,,356.5991142438899,5155.720172886673,9.610326596430584,6.963254652209912,1.9211210107119163,18.49470225935241,,,,-18.110915455585815,2024,0,-11.559908198151144,Infra,bear,1.2,90.20325446618365,25.80844715069673,15.683187485930912,0.0,6.588519899706795
IPO_Synth_1539,,514.7981499751016,2274.2829674499712,0.5,0.5,0.5,1.5,,,,-6.861818905601275,2022,0,-7.842689449757959,FMCG,bull,1.2,92.35338108695201,15.14220099339971,16.99960919446096,0.0,6.264954739630344
IPO_Synth_1540,,689.0923934086619,10074.97379999999,10.0,6.938732015011821,3.1139455724593446,20.052677587471166,,,,50.95470366936848,2023,1,45.10908962955204,Tech,bull,1.2,70.181503004579,15.855169700466405,16.05642467687764,0.7345468988209991,6.544395423630304
IPO_Synth_1541,,597.177909064699,71.9742,9.581246445728166,3.1753223887787922,2.7001412498349056,15.456710084341863,,,,4.675622239433116,2023,1,6.644181109777169,Auto,neutral,1.2,62.067867817331646,22.181790540576802,17.912124218088437,1.5421382628785718,6.775340760789616
IPO_Synth_1542,,270.32832857593513,71.9742,63.14569401907562,21.558246766429395,19.40719732987499,104.11113811538,,,,41.82420824127269,2020,1,30.468963193038213,Mfg,neutral,1.2,56.626527836912665,20.685448477560563,13.772640541036996,1.4140320534214255,10.298217446289165
IPO_Synth_1543,,838.1961995593211,4109.7657810653955,19.163020939651283,9.699775491050204,2.51192941508291,31.374725845784397,,,,16.362183240858098,2021,1,17.4191177617828,Finance,bull,1.2,59.144207895432615,23.823674134893626,24.0,0.9298398439507785,15.662327807959127
IPO_Synth_1544,,639.481107602039,1439.124953131292,47.81000134210274,19.9011440011451,13.875843561614772,81.58698890486261,,,,31.881580611407323,2018,1,10.01918159944791,Retail,bear,1.2,67.3662322405146,27.159985527771056,12.802019334515057,0.0,10.635715887667736
IPO_Synth_1545,,546.4125180897695,3584.881087493877,151.52789879658508,70.65134263479533,27.579368711720885,249.7586101431013,,,,27.79288548948988,2024,1,41.80817961214338,Tech,bull,1.2,61.61541128068955,10.68530540064307,21.085771972387036,0.0,9.748015608219273
IPO_Synth_1546,,446.1445408165032,71.9742,32.04137697810292,20.798009514946244,10.153069623824946,62.99245611687411,,,,0.1,2026,1,7.168822040398086,Finance,bull,1.2,77.67068671166287,20.233710673630355,12.304444318735424,0.3025572515844529,12.885671884864319
IPO_Synth_1547,,585.6319230320378,1662.6751163581657,0.5,0.5,0.5,1.5,,,,-12.842242197022175,2025,0,-11.559908198151144,FMCG,neutral,1.2,43.47063373671152,31.40648246862338,8.575047174679588,1.462833105459259,7.514308825646188
IPO_Synth_1548,,40.04,2712.1383637428744,8.664603811794352,5.289064070055056,0.9840909388132112,14.93775882066262,,,,-16.440283719659266,2020,0,-5.093532796214024,Mfg,neutral,1.2,87.50548321938109,16.420677858274704,7.4981010738941025,0.0,13.126104951524887
IPO_Synth_1549,,497.2499106444117,106.5277009951434,94.3505427062875,27.74987535714876,19.209304327139726,141.30972239057598,,,,41.027312835688704,2016,1,24.22004417042827,Mfg,bull,1.2,52.39214230003998,15.71151349814473,16.367778374549996,0.0,12.903743678393079
IPO_Synth_1550,,975.0853059039019,2125.2085666570483,29.04337910761958,19.567991925604897,8.399178493177729,57.0105495264022,,,,12.307997219380727,2025,1,20.850650109598487,Mfg,bull,1.2,46.57417854515904,8.0,20.228815462384432,1.94828817924989,10.176991237589474
IPO_Synth_1551,,489.96641719043134,71.9742,2.8680286567293685,1.006534379648558,0.6459747421637906,4.520537778541717,,,,-31.383057923427103,2022,0,-11.559908198151144,Mfg,bear,1.2,66.52699626176918,20.610490391696057,9.820403676572186,0.0,16.0
IPO_Synth_1552,,443.33675369513327,2549.468984735163,0.5,0.5,0.5,1.5,,,,8.804714133686279,2024,1,-3.3859754057508162,Retail,bull,1.2,67.67794494167522,23.483650886134466,11.051274896028406,0.0,13.345693542320447
IPO_Synth_1553,,211.2764607510986,5284.1769522857885,0.5,0.5,0.5,1.5,,,,-14.04023935437014,2019,0,-0.2992665835319299,Pharma,bear,1.2,28.739938318625672,23.47132533956196,16.737576949161298,0.7273353340965671,10.136169534924061
IPO_Synth_1554,,583.1307346549222,71.9742,3.460585544548243,1.5323855308343264,0.5,5.492971075382569,,,,15.23867643657017,2025,1,4.381007735396956,Finance,bull,1.2,51.34002383538444,13.77769247970942,14.988561022484525,0.4499253587772337,9.569041161852715
IPO_Synth_1555,,348.18743579808694,71.9742,7.928227178294968,3.042600880448928,1.9099256470285153,12.880753705772412,,,,-25.249676834149973,2025,0,-11.559908198151144,Retail,bear,1.2,24.0,19.947717923764692,12.364587206881604,0.0,8.704266508450985
IPO_Synth_1556,,862.0603169570595,4619.057138174525,16.309554853008148,4.545956648483708,3.2020294362999215,24.057540937791774,,,,-2.6388056911395106,2016,0,-1.3088938513230086,Finance,bear,1.2,47.83727243624022,21.32927678837208,9.243319644365855,0.5003678961163023,9.607780605640153
IPO_Synth_1557,,119.82185120834438,71.9742,9.362803172968432,3.9950154545167798,2.5283682200497206,15.886186847534933,,,,-8.543531139122727,2022,0,-3.478345758814068,FMCG,bear,1.2,48.61242109312286,20.312646066972412,16.390840218019424,0.0,9.694605106827677
IPO_Synth_1558,,260.3211370424419,3709.8000110714543,180.71274416742344,63.29723698679578,61.55772863603266,305.56770979025185,,,,79.00181146035074,2021,1,28.988832330297246,Retail,bull,1.2,65.35429773101723,13.431172999715011,17.93819153399543,0.0,9.041529188065898
IPO_Synth_1559,,209.5706661061932,1665.8395988354382,146.32184340021513,46.52394490975032,38.77023895986639,231.61602726983185,,,,75.8005847444832,2023,1,29.802339674045296,Tech,neutral,1.2,45.81967638784673,20.463845150483937,17.212872585255006,0.46387053021243185,9.358090687722429
IPO_Synth_1560,,1041.4882760348103,434.2082014737915,48.0958855035573,29.783331950208837,9.827948051782416,87.70716550554855,,,,8.977658834031393,2018,1,9.135027016486132,Mfg,bull,1.2,50.081140405903334,15.112611514591363,15.119311164017217,0.0,6.4225213158193215
IPO_Synth_1561,,350.0008280246056,5339.038481102595,12.688039353091398,4.520209122821526,2.9891879377366135,20.197436413649537,,,,3.6062850513436295,2017,1,3.805956527701002,Pharma,bull,1.2,83.4699787834827,8.768555032754183,10.249328202533658,1.4550655389306442,8.295585374334369
IPO_Synth_1562,,227.6065999639462,3937.678631414123,10.780933441712978,3.898159390133555,3.538373729921159,18.217466561767694,,,,31.820310718896803,2019,1,15.319102175138438,Finance,bull,1.2,96.0,24.087838767873592,16.41549579468622,0.0,5.2082228754618685
IPO_Synth_1563,,40.04,2249.852462371632,0.5,0.5,0.5,1.5,,,,-8.625364607168867,2021,0,-5.382138687897433,Pharma,bull,1.2,43.42372029266451,20.840215178443888,16.079226694036674,0.0,11.243297464351832
IPO_Synth_1564,,103.51034495933179,71.9742,14.472551137327216,6.9660235400678365,4.35326920215902,25.791843879554072,,,,-19.795235192599804,2018,0,-11.559908198151144,Infra,neutral,1.2,78.34662127665042,23.551371559866293,9.090531826484897,1.5001534782949781,10.240176303448816
IPO_Synth_1565,,595.1400936257389,3375.7205586733453,2.7498145443801505,1.3937610240356668,0.5,4.643575568415818,,,,-10.180901511163249,2021,0,-8.05817557421464,Infra,neutral,1.2,66.98053126997858,16.793272258193117,13.639463044674763,1.0693114992815231,9.63224087027196
IPO_Synth_1566,,593.7706071676283,71.9742,0.781091508850233,0.5,0.5,1.781091508850233,,,,-12.52079968787258,2020,0,-1.4483174067658136,Finance,bear,1.2,28.70180280901208,23.759251889384217,16.648936525462776,0.5873231178319959,12.65870067806817
IPO_Synth_1567,,192.3803000854098,945.5285399811485,10.895582083974464,5.930040661217057,1.4693546908283026,18.294977436019824,,,,-23.42763154324918,2023,0,-11.559908198151144,Finance,bear,1.2,45.75893537703142,26.132769009916153,14.647918361551502,0.0,7.409369209804293
IPO_Synth_1568,,211.354480945493,1540.8612389385894,41.743078024887154,20.489253393601572,11.99879331667893,74.23112473516765,,,,38.90304161935777,2020,1,15.798168937608361,Infra,neutral,1.2,24.0,30.523933446543392,6.177595714699688,0.0,7.867512168198168
IPO_Synth_1569,,1050.1276573730447,6460.2587917524515,165.9541838366441,74.17655935945791,53.170002576841114,293.3007457729431,,,,64.38293319595262,2017,1,28.083786386722092,Finance,neutral,1.2,65.82419312260261,24.88313107965619,12.118407831996791,0.2838431510723658,5.556362416170995
IPO_Synth_1570,,1335.8671601425413,862.5987797175476,2.5450517980231604,0.9744827877859216,0.8272897445306002,4.3468243303396825,,,,-27.48845268476098,2022,0,-11.559908198151144,Auto,neutral,1.2,40.61776203916072,22.30873788399724,11.819055288792397,0.3564824359779467,13.069057344318757
IPO_Synth_1571,,807.5680912357186,71.9742,26.365487343906477,15.950363333956648,3.405037179167864,45.72088785703099,,,,10.013256644678293,2018,1,12.834614119817987,Mfg,bull,1.2,62.410684867691465,11.720697317137521,17.516822350362716,1.6414187479386937,11.816597773109478
IPO_Synth_1572,,947.449974408346,5347.156720726394,11.13681618026581,4.552180966174877,3.4242425857304224,19.11323973217111,,,,-2.900989093197817,2019,0,7.530753738645317,Tech,neutral,1.2,96.0,19.360848624567513,24.0,2.4942933627111143,13.988759602652948
IPO_Synth_1573,,1019.9158251545206,3410.8042009554374,37.37307888421401,25.21900594045538,4.764474472837907,67.35655929750729,,,,17.025339438472933,2023,1,19.681934587733572,Tech,neutral,1.2,88.67648411245479,11.464031365772973,15.602843414724601,1.1148535456789102,14.747711386058635
IPO_Synth_1574,,1171.2883099527662,3507.7468075328384,23.64768150177345,12.842611908011584,5.193012845839738,41.68330625562478,,,,31.60857450181274,2019,1,12.010730652266655,Auto,bull,1.2,46.193886219356855,15.086744781593872,9.60914677056691,0.0,8.726908011212881
IPO_Synth_1575,,311.6878121237686,5396.024972063536,14.668752646218763,8.316774068162438,3.969810138293179,26.95533685267438,,,,-1.1766835638729665,2016,0,-11.559908198151144,Tech,bear,1.2,41.84192006255551,31.73034995200213,14.277722883785888,1.714413322446803,7.866555029954412
IPO_Synth_1576,,114.81820951077793,6007.170045926626,11.128548301397611,5.6131854051504515,2.460102236981606,19.201835943529666,,,,-3.7745288127298062,2019,0,-11.559908198151144,Auto,bear,1.2,83.27366770400359,13.861798932491375,15.047855958529581,0.0,4.613601966359049
IPO_Synth_1577,,1041.1161847046237,71.9742,32.178211699451545,22.984189736454493,5.952241954593775,61.11464339049981,,,,40.69401721754688,2020,1,12.927566629734255,Infra,bull,1.2,41.913573645932075,8.0,18.404679288321894,0.0,6.706039012881951
IPO_Synth_1578,,85.43292947670415,71.9742,141.60065488397103,65.24926802721914,38.367446419629154,245.2173693308193,,,,63.99133482482322,2023,1,34.55636918629031,Infra,bull,1.2,77.84020980670357,24.878997166556893,20.58954864883881,0.0,9.0252820087101
IPO_Synth_1579,,63.46825245160134,3714.6629816843374,0.5,0.5,0.5,1.5,,,,-19.23404420286925,2023,0,-11.559908198151144,FMCG,bear,1.2,96.0,15.961597589874478,21.259580263282405,0.0,4.0
IPO_Synth_1580,,71.31154434802578,838.5860397676781,2.0,1.39301449577183,0.5,3.89301449577183,,,,16.398477746007586,2016,1,19.773221255901227,Mfg,neutral,1.2,72.1575281004239,24.608044966519365,17.417531415567904,0.11617041789465704,6.768005250603912
IPO_Synth_1581,,369.9389609847564,1074.6443381329868,145.108281995977,80.16557253299761,33.6806721253926,258.9545266543672,,,,70.42362007068954,2024,1,38.03740637734149,Finance,bear,1.2,81.31224692909143,12.979219829841014,14.99643318774417,0.3217162530676766,9.751495689397666
IPO_Synth_1582,,40.04,71.9742,10.63586511900322,5.047508859158544,2.940125105941354,18.62349908410312,,,,0.1,2024,1,8.97886580474733,Finance,neutral,1.2,79.22453982282723,17.44451760354501,21.67530902546625,0.0,12.680312215713037
IPO_Synth_1583,,40.04,3041.615497206649,29.013833095006124,11.056462614880665,5.824795783058045,45.895091492944836,,,,42.91396460641889,2017,1,24.1986344931586,Auto,neutral,1.2,49.97223010960662,27.17528886571389,13.436240103526986,0.0,7.848761447575105
IPO_Synth_1584,,202.23998282796185,2568.492048063689,24.69503712221316,9.199450114127906,2.894062319927966,36.78854955626903,,,,-13.095373320000226,2019,0,-2.925560516193013,Tech,bear,1.2,65.22343007774481,12.067878590130116,15.245158049648072,0.0,10.383939265924369
IPO_Synth_1585,,40.04,1117.0198860184494,9.693977110046676,6.308037223886281,2.271915640875935,18.27392997480889,,,,6.257219909651708,2024,1,9.707352477383552,Infra,bull,1.2,42.78415829048523,18.984404108934726,13.904533029461115,0.3729970079371603,15.591274470986269
IPO_Synth_1586,,777.7268894800853,71.9742,19.779586448515317,7.708758333021762,5.55537155416787,33.04371633570495,,,,-11.671603459905386,2022,0,-11.559908198151144,Infra,bear,1.2,83.2187065337208,21.74782629697688,6.0,0.0,4.5818691506960745
IPO_Synth_1587,,417.09301721219333,4669.108865244863,19.730137645313043,4.9891371210540525,3.4486303033373376,28.167905069704435,,,,-3.8412695704171806,2019,0,-11.559908198151144,Infra,bear,1.2,40.46771478764714,15.684589413717001,20.72290737068114,1.5099395382196148,13.257617987488779
IPO_Synth_1588,,611.924588064772,2187.3531015869544,146.52389213937857,38.056697341600106,19.80824035961889,204.38882984059757,,,,97.18284610333049,2024,1,32.694768802580064,FMCG,bull,1.2,72.61779287906785,21.451821247148917,18.039836437557593,0.669684566285133,11.142318029430452
IPO_Synth_1589,,574.5237624424412,4431.444595975424,10.788443175521877,7.974831282876338,3.538181044631696,22.30145550302991,,,,-7.201442505479466,2022,0,-9.027200247199703,Tech,bull,1.2,80.37092430343584,20.093886165223903,6.0,2.104787315423901,13.799593692008507
IPO_Synth_1590,,344.19133184588776,71.9742,16.925865993129683,8.969337444857514,5.347514368589168,31.242717806576366,,,,16.540492524593777,2021,1,2.4319030047886905,Pharma,bear,1.2,51.15043722464682,23.207256829557217,19.50789337452086,0.04523498114670593,12.900677175822457
IPO_Synth_1591,,752.3537966162735,1669.6780597538586,6.528603018701912,3.2284745985638983,1.6622381796036578,11.41931579686947,,,,-23.42828822650282,2016,0,-11.559908198151144,Tech,bear,1.2,47.022079728140916,31.053171427750648,13.634532128874683,2.5,8.010392900540998
IPO_Synth_1592,,569.269388997575,71.9742,5.908865782282859,4.18901969413597,1.752875601883518,11.850761078302348,,,,-5.253495183931966,2023,0,-11.559908198151144,Mfg,bull,1.2,56.945527013554326,32.0,19.44845716085647,0.5025199505829039,10.005404920265642
IPO_Synth_1593,,306.06106962899185,1615.8601453004233,38.29671570794484,16.308415095585115,13.105186999859994,67.71031780338996,,,,15.509038360063878,2017,1,8.528441507218197,Retail,bull,1.2,43.936231411966546,22.779974692468596,15.341055358890467,0.0,5.618369597915292
IPO_Synth_1594,,40.04,3976.885993838056,0.5,0.5,0.5,1.5,,,,-7.4076096660170965,2026,0,-3.4992679600000836,Pharma,bull,1.2,62.81515670151586,19.337634811763667,8.891973383222524,2.5,8.43119089918534
IPO_Synth_1595,,592.6716063279346,2484.719720940504,121.12463116199547,73.99563146155052,19.506567237132266,214.62682986067824,,,,25.270388468711953,2018,1,20.471077892193634,Tech,neutral,1.2,43.49453743614136,22.64551293757685,15.11859082921987,0.0,10.087744122649264
IPO_Synth_1596,,40.04,1568.9421221378275,10.0,4.88548241160919,2.597029976331553,17.48251238794074,,,,34.01449992537057,2016,1,22.08491906227941,Pharma,bull,1.2,44.797992528009985,18.60654653065524,10.956964085125824,0.0,10.91076095426538
IPO_Synth_1597,,544.7214066421739,1555.0377717446424,70.65707340003217,45.03087976838051,23.22133546586197,138.90928863427467,,,,29.417241580077523,2020,1,19.234816964853568,Mfg,bull,1.2,69.84425215785043,10.475705352661862,9.497017391341878,0.0,12.368307946050136
IPO_Synth_1598,,441.76929836669365,71.9742,15.566917811191193,11.408825844537466,4.24256186329701,31.218305519025666,,,,0.1,2019,1,17.45472872688633,Retail,neutral,1.2,71.11604705165523,19.720457160750215,18.90163050373005,0.0,14.748780772469717
IPO_Synth_1599,,40.04,71.9742,79.43783601943602,27.827366915890355,8.46490357424664,115.730106509573,,,,61.93561765751397,2019,1,46.437942546147916,Auto,bull,1.2,54.71674210216742,26.49270235130841,16.761955199046092,0.0,8.693363778180352
IPO_Synth_1600,,503.0868493148575,4440.408617532696,13.448639130244942,3.4798986810642933,4.42841026900671,21.356948080315945,,,,-32.36324307511014,2026,0,-10.814863129510202,Mfg,bear,1.2,30.364372173903757,11.211517218364369,21.73905949807369,1.1167571470739648,13.434305030574338
IPO_Synth_1601,,480.1740913602991,205.89213441845666,29.720670342370507,19.637255390527095,8.572000485888333,57.92992621878593,,,,33.35114018006144,2019,1,11.101821222377833,Finance,bull,1.2,81.07549122181176,14.092460699815886,13.225267562551585,0.0,10.801907971583757
IPO_Synth_1602,,481.4133867112778,4490.206649968468,184.28458328927945,83.25858359239314,36.941273543090034,304.4844404247626,,,,55.74310918341125,2025,1,36.80523953466323,FMCG,bull,1.2,51.92877541051316,16.508288933856644,10.666934714200535,0.24522437580031248,6.077748482670248
IPO_Synth_1603,,465.03414743939766,3672.760148324043,98.0302494689721,51.19151849264639,34.004044012266085,183.2258119738846,,,,94.12755722246894,2017,1,39.65883078698331,Retail,bull,1.2,96.0,22.234063140470848,17.87461987511688,1.3919161401439233,9.548789691150757
IPO_Synth_1604,,191.97553672242208,3810.2840185566556,0.5,0.5,0.5,1.5,,,,-1.1050795632586266,2022,0,-11.559908198151144,Tech,neutral,1.2,57.616856307757914,32.0,11.248431163518218,0.9633451646264511,10.347640105425196
IPO_Synth_1605,,616.907373137774,2388.325327507446,49.95416773525991,33.513970437442666,15.303972337924625,98.77211051062719,,,,13.179611903851628,2017,1,5.53054200678971,Infra,bull,1.2,62.44399297311852,15.144103038393146,13.604123155195067,0.9139199116763087,7.489908023390158
IPO_Synth_1606,,179.92862210349867,386.8704877679793,140.1454934474039,85.57327618867419,47.05968505703001,272.7784546931081,,,,67.62881260424834,2018,1,41.68418356109965,Pharma,neutral,1.2,52.22847424821849,20.547290985131514,17.362929458066514,1.7138213587016002,6.878302704416059
IPO_Synth_1607,,47.757074525444025,1128.3323061538695,118.80087072422322,86.3306104555352,13.055576090119972,218.18705726987838,,,,40.533902728606826,2017,1,23.286970103497005,Finance,bull,1.2,64.38136504351483,20.03467199153768,14.433244645649252,2.1094299464346857,6.777525614696799
IPO_Synth_1608,,645.2673884869616,3188.653377306786,32.92946675302712,16.057262040834637,9.668254802075277,58.65498359593703,,,,32.351115996359184,2019,1,16.51678210765555,Finance,bear,1.2,96.0,18.192524599045733,12.80071059843309,0.0,8.369352887915017
IPO_Synth_1609,,734.6934943268263,71.9742,78.2240867745215,57.75147484321271,15.37780794856609,151.3533695663003,,,,0.1,2021,1,7.579473685855974,Mfg,neutral,1.2,53.71855815955033,19.71378371949775,8.688020416193867,0.9832027342094587,7.4061101000040175
IPO_Synth_1610,,621.8907569024803,4759.239004969252,0.5,0.5,0.5,1.5,,,,16.326618681167815,2025,1,3.9842680166649553,FMCG,bear,1.2,82.97391332388645,17.211576537900065,19.21601132570529,0.22778342811324626,13.69122352928721
IPO_Synth_1611,,344.0472606180489,219.99323954920408,65.31902094569881,36.62509652101739,20.88405630026756,122.82817376698375,,,,23.76284402298633,2024,1,18.528602670033514,Tech,bull,1.2,61.631406916629885,32.0,13.3420791323826,0.3533247980365869,4.0
IPO_Synth_1612,,40.04,1297.1791711154222,32.937070888548114,19.336159358798266,10.116773414481687,62.39000366182806,,,,12.041097231441912,2023,1,6.828700331185114,Auto,neutral,1.2,81.12827960614842,24.498051226542714,17.78141829004344,0.0,10.333814212600606
IPO_Synth_1613,,920.9464280227688,1319.6206780655407,67.27237744077756,33.29213947465772,19.831906719105167,120.39642363454045,,,,43.45679284314622,2021,1,11.369243869976943,FMCG,bull,1.2,25.226036843731464,17.26313517650861,17.186966610727648,0.0,11.584943192047055
IPO_Synth_1614,,40.04,1418.0895657748806,3.050482036320693,1.62099594055409,0.9107845833273785,5.582262560202162,,,,24.457399514552066,2019,1,13.991849786447398,Infra,bull,1.2,95.00798531138909,27.10149156106426,19.910791708180557,0.07725488971831779,7.111524996966153
IPO_Synth_1615,,615.0123436249197,71.9742,17.063787509743598,6.171179028181294,2.971455965423509,26.2064225033484,,,,-6.470574677323204,2019,0,-2.384545704515219,Infra,bull,1.2,66.13845803140762,21.54015234748525,13.939942436420788,1.930253910095009,9.304258753205977
IPO_Synth_1616,,1135.649057015838,1916.7013918351852,119.09324672271053,51.35080822338681,24.01301566025885,194.45707060635618,,,,46.01922247157432,2017,1,23.807483126994242,FMCG,bull,1.2,55.180405713611286,20.347684552857817,13.4352655390391,0.0,8.97369313903238
IPO_Synth_1617,,465.8777040765391,3068.8630525322196,27.720236521935714,16.659768525863083,3.5693608480171495,47.949365895815944,,,,20.453979260645887,2023,1,75.25866115220047,Mfg,neutral,1.2,76.25957817650213,18.907906897633833,10.012791830282188,0.0,9.767866018593997
IPO_Synth_1618,,514.3031622988236,71.9742,0.5,0.5,0.5,1.5,,,,-22.297905779938695,2024,0,-11.559908198151144,Retail,bear,1.2,62.590381849735785,18.499797986599507,12.558071363954175,0.4938995678730099,11.98880297243626
IPO_Synth_1619,,544.3927409783784,71.9742,38.3338113178748,23.008205022163462,10.024353720384406,71.36637006042267,,,,25.840958630742605,2022,1,19.303270217596822,Infra,neutral,1.2,39.33822642997351,12.680175912455885,16.535235573919273,0.0,11.720143679558245
IPO_Synth_1620,,482.5132377837992,3853.649539149525,4.506191896359111,1.8109836479640913,1.140873963741481,7.458049508064684,,,,-1.2705176011067596,2022,0,-4.161813999544405,Finance,bull,1.2,24.0,9.95802832318112,11.323254949262768,0.36042350409107804,8.200066729595004
IPO_Synth_1621,,1217.7583046380762,3369.326263099613,10.0,3.8591791818711108,1.6151950977663696,15.47437427963748,,,,30.880858151704963,2020,1,24.787318006186048,Tech,neutral,1.2,92.86905702433208,22.224438835375494,16.42104140493347,1.160755708845063,5.486643705460476
IPO_Synth_1622,,126.80893389462392,2299.3748617202814,11.897641934478246,7.099849200898834,3.0191339696551958,22.01662510503228,,,,24.487550026942156,2026,1,13.298390633250678,Finance,neutral,1.2,55.988706759408764,18.84750641543294,21.602814111661644,0.40018441389617454,10.495205795267413
IPO_Synth_1623,,83.91880640675465,71.9742,16.550030955144386,5.916182287129629,3.5357143761300347,26.00192761840405,,,,74.65660411083779,2025,1,28.77936365735884,Finance,bull,1.2,48.96727268336563,25.264590498262805,12.996544914630281,0.06875502395091171,8.029979242622243
IPO_Synth_1624,,302.95236760960137,3384.4635377050076,70.82361033891023,51.76084905113213,24.704493570330477,147.28895296037282,,,,77.11145885509703,2020,1,37.73191022639698,Retail,bull,1.2,50.36610024001612,14.66058672267724,9.085337209110554,0.34343909786926197,8.416733844043891
IPO_Synth_1625,,1009.4654613211356,71.9742,25.91109388586776,19.312562198117014,8.181870149790145,53.40552623377492,,,,23.684059855992313,2024,1,16.45527538945315,FMCG,neutral,1.2,86.36045169766041,13.412338727206267,13.139694814648273,1.347399229049289,10.670339249215047
IPO_Synth_1626,,217.76922021757497,1164.2944870459376,101.36899942992088,48.56083984865074,23.466489557025568,173.3963288355972,,,,65.26676086790602,2019,1,36.791441611315825,Tech,bull,1.2,51.17799396032102,24.657074176171648,8.5980300696675,0.0,8.694784904229822
IPO_Synth_1627,,561.8058642042441,71.9742,0.5,0.5,0.5,1.5,,,,-28.41105116573797,2017,0,-11.559908198151144,Mfg,bear,1.2,71.59858095016679,18.22796934505502,21.00400591201647,1.2284819138784862,10.92014792857107
IPO_Synth_1628,,780.6634095409355,1100.0907776458328,56.380307765298795,16.32315499969817,7.956741420860844,80.66020418585782,,,,99.59009785203794,2019,1,46.712460709611605,Finance,neutral,1.2,53.9766579113776,25.134402832112727,15.38183101089986,0.0,16.0
IPO_Synth_1629,,680.9118392764879,71.9742,14.931073726159902,9.542588702942995,1.8716119546981653,26.34527438380106,,,,36.911259510823506,2025,1,20.408122575576467,Auto,bull,1.2,37.4134322914245,20.20076828204631,11.721958198131098,1.1020705010299197,12.057532680935614
IPO_Synth_1630,,762.5816670951697,3489.096930846036,10.0,3.3136199827311903,2.57662699918841,15.8902469819196,,,,58.97105572664305,2021,1,35.618213327809045,Tech,bull,1.2,76.22312819626788,31.265137351218872,12.480647187293123,0.0,14.034693705770021
IPO_Synth_1631,,899.1861131260514,2649.3148588579993,0.5,0.5,0.5,1.5,,,,-29.94692556658527,2025,0,-11.559908198151144,FMCG,bear,1.2,79.85408189095878,24.534447424957225,9.680491167852093,1.042510365157804,11.532679341042746
IPO_Synth_1632,,520.1096651403864,71.9742,19.718929374599266,14.696446472874136,2.2334469824120013,36.648822829885404,,,,-9.57836421239725,2019,0,-5.689352087802925,FMCG,bear,1.2,47.772263140024904,22.458486539443257,19.55013080380502,0.39812855032001876,10.231353265508803
IPO_Synth_1633,,258.7006662223836,4359.748044765431,11.865955712281249,3.6927434426701504,1.7827511275043648,17.341450282455764,,,,30.27568598826866,2021,1,15.449261054044023,Mfg,bear,1.2,59.32037280336427,24.79955812364421,23.267382945349198,0.5965542642962095,11.578193753125989
IPO_Synth_1634,,465.1099703599827,71.9742,38.078464274154754,22.523523608691047,8.92243129363793,69.52441917648373,,,,15.305484825629502,2016,1,11.92201455452552,FMCG,neutral,1.2,61.74615816575088,18.362612384826267,8.276582387251157,1.4589434500042477,11.4319244296861
IPO_Synth_1635,,299.00623360555863,1429.928000171514,72.42332477827634,34.98017586926174,8.379679226199734,115.78317987373782,,,,43.564686357893905,2024,1,18.41713242444424,Infra,neutral,1.2,68.01224596161055,10.142513870014811,19.69467430174165,0.0,12.588416387206273
IPO_Synth_1636,,1276.1484704286454,71.9742,76.33048906250161,39.735586118642495,15.725089001719093,131.79116418286318,,,,32.915936002729076,2019,1,35.76260928174955,FMCG,bull,1.2,95.48323030212961,22.16556851246359,13.893671683498393,0.47494881303553316,10.178099228485829
IPO_Synth_1637,,232.87412986280148,3454.1158593423374,0.5,0.5,0.5,1.5,,,,-7.654587685562468,2017,0,-11.559908198151144,Auto,bear,1.2,54.170334685776126,31.649535328771606,20.703706593620762,0.803300665711437,6.075052733891441
IPO_Synth_1638,,579.8561988603337,3196.6093882545583,67.99601641247506,41.5972735798313,22.469449060162,132.06273905246834,,,,60.147051738739904,2018,1,33.366845772977186,Infra,bull,1.2,54.05920277450611,8.0,6.747773306768065,0.20098871320622558,5.595575814697933
IPO_Synth_1639,,40.04,4910.678087388352,36.75509248402972,12.250706105051842,6.576188953419239,55.5819875425008,,,,51.89184255866367,2023,1,12.47000366265744,Auto,bull,1.2,56.84432811423969,22.81486975218988,16.01427614810222,1.2167893725526073,11.38370153276905
IPO_Synth_1640,,460.19096472982244,1737.7741856198952,34.10253178994442,23.621118264807556,4.848258673314357,62.57190872806633,,,,6.337889302277226,2024,1,7.880368672788647,FMCG,neutral,1.2,43.040135342296004,10.788862558322059,13.164452352975129,0.8298211209243836,6.6214145614860325
IPO_Synth_1641,,316.7514819204062,71.9742,25.34804258660691,12.09069457545617,2.5823841741006475,40.02112133616372,,,,-3.851522611059087,2026,0,-11.559908198151144,Mfg,bear,1.2,29.00108992823972,19.860172674007185,17.96590070596357,0.0,12.059280203796687
IPO_Synth_1642,,645.6266279719478,400.2489529922707,84.10969562295388,47.72670520500219,10.96807475844918,142.80447558640526,,,,47.90676601133575,2018,1,23.178097811282058,Finance,bull,1.2,62.40773586790855,20.47675643332003,15.27513844749901,1.7607318257288092,14.015962323470662
IPO_Synth_1643,,654.5309672350537,5596.038850415319,7.524898217737507,5.349416683711504,2.1650373758460066,15.039352277295018,,,,-26.953019349441377,2022,0,-11.559908198151144,Auto,bear,1.2,69.49098321748374,24.481122231778382,15.100152058883333,1.0618961242364477,9.338020447092315
IPO_Synth_1644,,898.8486615426211,675.8315384105624,22.710220124749622,14.056939327594575,4.797090484756004,41.5642499371002,,,,35.93976373273109,2021,1,26.323765116018304,Retail,bull,1.2,60.044144239831155,21.260977675344208,14.523060468921337,0.0,13.634038677542236
IPO_Synth_1645,,871.7167947868461,71.9742,4.863923687265326,2.531302337576143,0.7280382293813311,8.1232642542228,,,,-9.637891898182295,2023,0,-11.559908198151144,Auto,neutral,1.2,58.871284256692654,28.2411119292831,22.030344927368116,0.0,10.776814165543023
IPO_Synth_1646,,392.1732628606954,2691.352304390286,21.386409439662412,9.652516884404747,7.127169016295219,38.166095340362375,,,,35.090584881899645,2023,1,13.447734849131647,Mfg,bull,1.2,43.82286025696208,26.998402186694243,14.212618281226458,0.28048736588000384,10.077760111710496
IPO_Synth_1647,,92.23317730040147,2885.8631017184157,58.511216338628614,28.14784813498323,17.37107786514486,104.0301423387567,,,,-4.1257539465243145,2016,0,9.711623925080511,Infra,bull,1.2,64.54324395438599,18.819955315481543,18.889274613133967,0.9474782156994956,10.218538527116852
IPO_Synth_1648,,132.29429073899976,71.9742,72.64534089424077,30.571813168453133,9.341549586767663,112.55870364946156,,,,59.48400045349295,2017,1,37.60273723555835,FMCG,bull,1.2,63.05746538252834,26.566357290380715,17.828310025399446,0.0,7.507448855680587
IPO_Synth_1649,,518.2330836564907,879.499507476499,2.0,1.446183825252405,0.5,3.946183825252405,,,,23.876514019757945,2022,1,8.42417841785766,Finance,neutral,1.2,68.54805309756442,18.123315284565635,18.999640980945635,0.0,7.1240961038830735
IPO_Synth_1650,,468.71958376390177,71.9742,8.81775949679021,3.319259702482967,2.754318624557471,14.891337823830646,,,,-11.698941515064805,2021,0,-2.732279854800929,Pharma,bull,1.2,65.8261679686671,17.090854592194876,10.433622991406123,0.0,5.067877200588071
IPO_Synth_1651,,502.92615018237103,2881.9855806208643,12.634264163196026,5.744460575075227,3.450517567798353,21.829242306069606,,,,6.112231121959972,2025,1,1.3265047469558844,Finance,bull,1.2,67.08869393887896,12.773699933560595,18.182278798507873,0.0,7.800710535003878
IPO_Synth_1652,,232.03599667557577,1669.0957756191576,68.48410187638902,43.76900873832104,23.037113883207983,135.29022449791805,,,,35.26657508824135,2025,1,39.83939504962068,Retail,bull,1.2,83.73806385288285,27.871783589432837,16.515912462923374,0.0,16.0
IPO_Synth_1653,,905.7620028200818,71.9742,19.94741279713955,8.620690070821077,2.3749860338952153,30.94308890185584,,,,6.881093536522659,2016,1,23.89768118917316,Retail,neutral,1.2,70.29954664302193,18.19984872392151,9.647445597431187,0.6373012516370735,5.519903224240966
IPO_Synth_1654,,40.04,1496.9291904800093,5.069554538533828,3.514749781609164,1.4897028249478115,10.074007145090803,,,,4.7248839071300965,2022,1,3.9446822895697276,Finance,bear,1.2,68.65097535491493,8.0,14.044219301991536,0.011087752698706987,6.470387788598518
IPO_Synth_1655,,213.12755656917776,71.9742,40.39983180211307,15.010004839346433,4.811735267171638,60.22157190863115,,,,13.192655691623022,2020,1,7.173419053741134,Retail,bull,1.2,28.634794801987564,23.252396177761774,24.0,0.08967367188195219,7.583230340852106
IPO_Synth_1656,,46.89757813877097,5324.815700379446,9.580979436127397,2.5454020009550824,1.7644857143111514,13.89086715139363,,,,-22.620315683772848,2021,0,-11.559908198151144,Pharma,neutral,1.2,78.96294377810696,17.39589908331942,13.236871021119244,0.0,7.724034782857594
IPO_Synth_1657,,343.4398089286213,3848.0073593138363,117.94736436124126,66.56660935496375,33.92958711476896,218.44356083097395,,,,0.1,2016,1,20.698395680099548,Auto,bull,1.2,54.638608282392056,18.20831652136458,13.345576055435261,0.2864832937085018,10.807971670314657
IPO_Synth_1658,,840.631486720111,1203.486080919492,5.496718923589434,2.7710429304535857,1.5267273874427587,9.794489241485778,,,,-3.5797619345366756,2025,0,-11.559908198151144,Mfg,bull,1.2,61.42579908925366,18.59590095874682,17.028195446615076,0.0,8.164565868685177
IPO_Synth_1659,,316.52943484196675,1732.775787120326,77.39118680093266,55.45303277870826,7.780093891657744,140.62431347129868,,,,47.61908775012878,2017,1,28.561674595949988,Retail,bull,1.2,37.08777244489957,17.98068524390245,12.56608258668831,1.9590296678406776,9.404453130332145
IPO_Synth_1660,,449.4853041649959,4160.5637560439945,2.0071371258030815,0.926426581667367,0.5,3.4335637074704484,,,,20.734606145536414,2026,1,15.074480678252485,Finance,bull,1.2,96.0,32.0,15.632039294305779,2.243327757031053,7.451497214773936
IPO_Synth_1661,,641.718022253681,1069.8747573690137,116.98672586281755,37.17781163441636,34.46936890202612,188.63390639926,,,,91.42954294480205,2026,1,63.95086953145802,Finance,bull,1.2,24.0,29.976234318276326,12.979908913530764,0.02683430290670763,8.574332560733888
IPO_Synth_1662,,300.28277500680827,3495.816830948394,2.529266758309121,1.0493239026062677,0.5,4.078590660915388,,,,-32.782667223415764,2025,0,-11.519155582837156,Tech,bear,1.2,86.7860241095179,24.195032515610762,16.810737500904434,0.0,9.820976309331948
IPO_Synth_1663,,545.5222677907952,5367.3097321493415,34.07079304203672,15.216217359932305,6.18707634376265,55.474086745731675,,,,38.571081558390375,2017,1,10.068874670657216,Retail,neutral,1.2,67.65289019840998,21.447949162173952,14.721507665270885,1.3546024273636128,9.596334657254191
IPO_Synth_1664,,500.4766933275969,244.03752313739642,155.8219973927098,84.38788133496278,22.745707305307363,262.9555860329799,,,,57.58238280702104,2020,1,51.21058234965171,FMCG,neutral,1.2,25.70471174885779,26.77256734381188,23.78396758026536,1.0923637837943825,15.942292351452748
IPO_Synth_1665,,40.04,5806.5781967520015,80.60424866534974,31.214015087593715,10.306352138315159,122.12461589125863,,,,57.069296035202825,2016,1,38.07566279153809,Finance,bull,1.2,96.0,21.461960012380185,15.207031317762347,2.3747451871285,9.915439953935003
IPO_Synth_1666,,256.21853419762806,5049.0509725932325,2.17096231484191,1.140095318436908,0.6711669726648868,3.982224605943705,,,,3.8236520452576985,2022,1,-2.777155809800418,FMCG,neutral,1.2,69.24777875755962,24.895198277049378,13.998250852122542,2.5,9.370774723388742
IPO_Synth_1667,,535.9435009293501,2168.7533008422965,22.434187002856607,15.794182128352963,2.587456744057557,40.81582587526712,,,,18.818846477231,2025,1,17.13802308471549,FMCG,bear,1.2,24.0,23.349331390671423,19.63246312567934,0.0,4.0
IPO_Synth_1668,,852.8006918256211,366.2974996406449,34.04732386594427,15.72527319219701,7.967498936312748,57.74009599445403,,,,30.040291771054846,2021,1,12.334032169654389,FMCG,bull,1.2,52.395780400533035,20.770069750792626,8.740119892384744,1.658659460822628,10.719776249402344
IPO_Synth_1669,,852.4824249146756,2136.353893391584,35.192178825243836,20.263119780174332,9.613364011285576,65.06866261670373,,,,25.165004408515742,2016,1,18.393050133318773,Auto,neutral,1.2,69.62126562963019,25.641874585942183,22.612751428536058,0.27749205194436133,4.07474362383516
IPO_Synth_1670,,1130.6107275135005,885.3514476821789,0.5,0.5,0.5,1.5,,,,-4.040528301497024,2019,0,-2.830578341029985,Finance,bear,1.2,90.83828126124541,17.47895297142726,10.551836684429071,1.0490883791317414,11.655085408615637
IPO_Synth_1671,,580.6473633456676,71.9742,44.22356640890878,28.7746614981509,11.42545435512526,84.42368226218494,,,,33.12208576025711,2017,1,10.357624980604818,Infra,neutral,1.2,52.633533337814164,20.35071982689723,20.366014289164504,1.2778483386641142,10.427252122056306
IPO_Synth_1672,,273.6396975644333,2907.2483467055713,9.657802632126549,3.716663519880939,1.7723649663122865,15.146831118319774,,,,-13.101046850554223,2020,0,-11.559908198151144,Auto,neutral,1.2,24.0,14.123375942342692,21.554743843546394,1.2359146663170892,12.39369151298399
IPO_Synth_1673,,392.97687659023035,71.9742,42.409075035358555,22.896718846583468,13.07837798863594,78.38417187057796,,,,29.74591656442372,2020,1,15.215198544122353,Mfg,neutral,1.2,86.26237112721421,14.816166611131314,12.633871730639182,1.5003696530416315,8.096713146377368
IPO_Synth_1674,,375.96163790267815,640.535889360352,10.0,4.001237348663425,2.994149055544764,16.99538640420819,,,,26.994129741976437,2025,1,22.030428221866188,Finance,bull,1.2,68.96763885659232,8.0,13.066291889922205,0.0,10.08093938866711
IPO_Synth_1675,,275.4959915080699,674.7720100371262,23.052990146427348,6.54016039251774,6.88077026468133,36.47392080362642,,,,11.493473603148146,2018,1,7.368787967729038,FMCG,bull,1.2,24.0,22.739406323963557,14.508698936828296,0.0,12.027297935606295
IPO_Synth_1676,,545.634198357153,71.9742,12.837007935348204,5.261008552445603,2.5631123709652974,20.661128858759103,,,,-32.45005136383264,2019,0,-11.559908198151144,Mfg,bull,1.2,66.16853060401453,24.389119512184557,17.796958747150537,1.686913127984178,7.211356103840946
IPO_Synth_1677,,561.5292633236257,3235.7303605847997,100.71705376851544,35.85681516984827,30.78286294042337,167.3567318787871,,,,37.21145561635782,2018,1,33.68527046496137,FMCG,neutral,1.2,68.07419655363205,26.512517686159004,10.508738374221341,0.0,11.83010291904144
IPO_Synth_1678,,40.04,927.4222936797586,97.55786158395185,67.93313736471214,25.120710445317247,190.61170939398124,,,,8.526792036801702,2025,1,20.180070860761194,Finance,bull,1.2,54.15510635874983,13.385440620584532,14.508482250656453,2.3613987101536154,11.692768469613522
IPO_Synth_1679,,786.5255367056691,4902.574556777711,3.970749723685308,1.5211190024987793,0.7729893879398295,6.264858114123917,,,,-6.165146702081383,2019,0,-3.422174534987433,FMCG,neutral,1.2,45.10891031638183,22.639453536850567,13.589588540256443,0.0,9.59539813839809
IPO_Synth_1680,,40.04,884.9555232118814,41.754910821983586,30.782204234313316,5.017582781211956,77.55469783750885,,,,28.644960845105786,2026,1,6.21780619423181,Tech,bull,1.2,49.024836126056854,19.995734753948756,9.81909407704536,0.11916413631244932,14.73560151125296
IPO_Synth_1681,,338.8254070477225,463.43073581002534,13.783374032662742,6.838936746375069,1.6085849197429922,22.230895698780802,,,,-3.8457308468906426,2023,0,-11.559908198151144,Infra,bear,1.2,54.14363165417533,24.42548965892186,10.297480772585242,0.3095897089767572,11.546659194586484
IPO_Synth_1682,,807.411878215037,71.9742,0.5,0.5,0.5,1.5,,,,-5.0237849396312075,2019,0,-9.901894756974212,FMCG,bear,1.2,66.38496748864935,16.091477486604035,15.577111175164664,0.0,4.977541071928344
IPO_Synth_1683,,622.2983804253025,1623.3615902659635,15.360875350114519,6.845913061807063,2.6865581302725934,24.893346542194177,,,,5.4909861156922055,2022,1,0.6510649343621082,Tech,neutral,1.2,74.19047870815017,17.982231113437,15.497364092262625,0.0,12.96606430892556
IPO_Synth_1684,,292.88489120382013,1638.065632573488,10.0,3.4171555874879367,3.31882072861786,16.7359763161058,,,,1.6637775155103265,2017,1,38.87711775863502,Finance,bull,1.2,24.0,10.679000833347878,11.562102489090227,1.4120344890254208,8.02567335424742
IPO_Synth_1685,,1087.3442670451893,3452.540998866856,8.890337588773392,5.928447181589921,3.1114804755664824,17.930265245929796,,,,-6.208907122262312,2025,0,-1.5498266341755866,Mfg,bear,1.2,64.60749273879877,15.698479129664799,15.356589127082065,0.0,12.393043827620978
IPO_Synth_1686,,264.4992206770452,1696.217151513869,110.55113337712902,34.269152690410685,15.025940005780445,159.84622607332017,,,,61.333373378455526,2026,1,26.146720120714683,Auto,neutral,1.2,68.78303664702621,20.01858936963865,12.088712577032549,2.5,10.886581786791135
IPO_Synth_1687,,40.04,6972.100708080132,9.969076821678266,6.846401835682395,3.346539934474519,20.162018591835178,,,,20.246370018689106,2019,1,0.6401384707525322,Infra,bear,1.2,63.044544853145844,21.044754656576867,20.881909550229803,0.4058740147090279,4.0
IPO_Synth_1688,,569.4715405618289,2709.2745715169476,25.498954557994463,6.96015700545713,7.053903368641214,39.51301493209281,,,,32.58469089355,2017,1,17.65701817059404,Finance,bull,1.2,52.712597046343085,9.884702993478191,14.536581525355915,0.0,11.81459474802673
IPO_Synth_1689,,40.04,71.9742,15.742211872260741,6.293798736437459,3.5365200441424958,25.572530652840694,,,,4.423060807030688,2020,1,9.230578633721516,Tech,bull,1.2,85.55658702378902,16.931295209168333,19.938907430828078,0.9202182408622066,9.335031222154324
IPO_Synth_1690,,130.81106405553615,71.9742,123.98920966491278,39.66952435898752,41.991631439121846,205.65036546302215,,,,33.901338837247195,2024,1,31.18607268253776,Infra,bull,1.2,84.1992467242514,20.961893409458842,7.382896723960256,0.0,8.621659100016881
IPO_Synth_1691,,627.5447416856869,2913.8136582074158,5.1427101225956715,3.04773856048523,1.4318503005473844,9.622298983628287,,,,11.706310746029475,2022,1,0.7159932446172828,FMCG,neutral,1.2,53.40817319511595,28.44826046557087,16.452446210614394,0.16643211025088533,8.7334059620815
IPO_Synth_1692,,257.3996452518865,71.9742,0.5,0.5,0.5,1.5,,,,-20.147031743715672,2016,0,-11.559908198151144,Finance,bear,1.2,58.50459620222769,14.929924233465751,17.68235440996294,0.29465863900836375,12.366636567455535
IPO_Synth_1693,,613.1500568255108,3070.111816729793,18.591706289315667,13.379889294488343,2.833035643033059,34.80463122683707,,,,-27.90328596314334,2016,0,-11.559908198151144,Retail,bull,1.2,73.89312439726105,22.94038410048624,14.379524837622906,0.0,7.2361877604454445
IPO_Synth_1694,,40.04,3853.060465799573,9.503064860772884,4.115685976851515,1.5310481684402286,15.14979900606463,,,,-6.126877063137525,2018,0,0.7794895894870681,Infra,neutral,1.2,83.08730390548793,16.630609391651745,12.575159436907342,0.0,13.33984248424068
IPO_Synth_1695,,708.0666832091514,3915.7993254568482,0.5,0.5,0.5,1.5,,,,-7.297638150381483,2024,0,-11.559908198151144,Tech,bear,1.2,45.32057682188953,17.325341522661706,14.307519969766574,2.0260231115760527,5.441050154853881
IPO_Synth_1696,,40.04,71.9742,45.12974285651534,28.469174547294205,6.939135510524065,80.53805291433362,,,,9.994955173353897,2018,1,21.16886093226713,Finance,bear,1.2,41.16841621208567,14.734572579872736,18.341093289869267,0.6832502304270366,10.887082590142457
IPO_Synth_1697,,865.2479361835829,3920.2997951436228,7.12225903319061,3.844241626744005,0.7697488538531891,11.736249513787804,,,,6.849518907757204,2025,1,2.2102747178237347,Retail,bear,1.2,64.93491361961152,13.733960360448938,9.552600283699096,0.8994673372869979,12.317321541015989
IPO_Synth_1698,,252.44713905672418,2361.4496397406206,192.89011172927013,128.0245721709864,32.127154837004355,353.0418387372609,,,,82.35750427975249,2019,1,63.68368485869376,Pharma,neutral,1.2,39.7755723571119,17.151242252433914,18.152204119833446,0.0,12.243694968067004
IPO_Synth_1699,,937.8441149953538,71.9742,0.5,0.5,0.5,1.5,,,,-15.313452267133954,2025,0,-11.559908198151144,Pharma,bull,1.2,24.99004511911142,26.288066776116775,16.432645677317645,0.0,10.552233079834997
IPO_Synth_1700,,127.71501204463513,1106.8604805588573,13.01966184177191,8.060350009856704,2.5452291892286953,23.625241040857308,,,,31.183812160935798,2026,1,16.697934788291185,Finance,bull,1.2,45.2332330769123,15.470180688608025,13.82643392235036,0.2589398333972347,9.379612822827864
IPO_Synth_1701,,1072.2946001247167,2748.4812529177625,6.266931584344772,2.102761434519365,2.092846500612954,10.46253951947709,,,,-11.847135595744595,2024,0,-11.559908198151144,Retail,bull,1.2,67.50894510823647,14.53557658330083,14.018718049442112,0.0,8.350045155976506
IPO_Synth_1702,,87.69863535510451,71.9742,0.5,0.5,0.5,1.5,,,,13.527007725420082,2017,1,1.6122178756695462,Retail,bear,1.2,87.96498545930092,21.254766664838776,15.278370775727444,0.0,6.332738689626391
IPO_Synth_1703,,40.04,2307.4913751164936,10.217374558391821,3.441451731182624,3.2926835338432707,16.951509823417716,,,,36.594348876552104,2016,1,15.351461519638992,Finance,bear,1.2,47.24223606336186,20.031280081841107,22.463788072446942,0.0,7.9429896938387605
IPO_Synth_1704,,429.54555352017405,5284.577606738382,20.988431017037676,13.955214370015755,5.219103593809526,40.16274898086296,,,,-34.45884569664983,2017,0,-11.559908198151144,Auto,bull,1.2,57.763203996872825,19.59053491037209,16.56601100058377,0.0,7.115863735673493
IPO_Synth_1705,,836.3352354559049,4031.1456235109717,20.44532820475332,7.283016095018218,4.723508057392617,32.45185235716416,,,,40.94948535189051,2022,1,17.416319966687013,Infra,bull,1.2,62.79981097681929,21.523926033403633,10.75788530500708,1.1492174506713222,6.6240511841316865
IPO_Synth_1706,,684.9442231519421,1735.175793574923,37.71449653358187,24.18457146963391,5.281874061467953,67.18094206468373,,,,58.17576479597474,2023,1,53.4748376483185,Finance,bull,1.2,48.32521130876656,13.942533946676356,13.041158263090434,0.36949380127180725,15.411131446132135
IPO_Synth_1707,,812.0765727523712,2131.2289000950555,14.620668677079365,9.951210287616075,2.4527338207817806,27.02461278547722,,,,7.5710345398759475,2026,1,2.477126459503564,Retail,neutral,1.2,46.91105050791568,14.606586749506755,9.849398267743501,0.0,4.841718242795465
IPO_Synth_1708,,691.6842869075505,121.22882679445748,57.273905215813855,39.42280038923517,18.143897467040333,114.84060307208937,,,,6.248939601176299,2026,1,17.913707132697944,Tech,neutral,1.2,66.0297291118108,25.917503475710696,6.495952710860242,1.1710163338780757,13.376529091391895
IPO_Synth_1709,,134.63021188790148,194.54444743987446,104.15711297523546,50.8140082535785,30.72523414558877,185.69635537440274,,,,63.9038977364075,2019,1,34.472845058434444,Retail,bull,1.2,38.44623101219934,19.12441699313612,9.770380005414344,0.0,6.290493898774306
IPO_Synth_1710,,676.6192243511116,71.9742,2.0,0.928812973116626,0.5,3.428812973116626,,,,15.027431322652987,2020,1,8.742362396418871,Tech,neutral,1.2,46.186552645913096,23.578647773059153,15.540343632747232,0.0,6.933620853595741
IPO_Synth_1711,,446.53284700901,2175.3931713664288,15.098365865353447,10.069033235338553,4.9410238527489465,30.10842295344095,,,,-10.742934829774937,2024,0,-0.2827930028273365,Pharma,neutral,1.2,56.353418164629616,27.344249587697607,20.732808513671227,1.6173255580342945,6.884573083136362
IPO_Synth_1712,,172.3879356274196,3298.2695161444126,9.65112534814465,5.209142901334785,2.9416116213199133,17.80187987079935,,,,-28.916557287680707,2024,0,-11.559908198151144,Finance,neutral,1.2,65.8043009173734,25.074458398661136,19.480980294480215,2.5,6.668572727400665
IPO_Synth_1713,,476.08689772250057,1337.3702252176752,188.07259118818237,105.44071956866121,24.077256859611072,317.5905676164546,,,,70.13802191896318,2019,1,26.16353780744601,Finance,bull,1.2,32.72556159840918,11.781272908688152,9.801326464406074,1.1842265551850786,12.768565038247226
IPO_Synth_1714,,395.58199062058475,71.9742,29.500610341381034,10.857214663938812,7.418890882043688,47.77671588736354,,,,7.073706364093216,2016,1,9.841489447711158,Infra,bear,1.2,57.6452966194889,19.30100718668074,11.410574887705648,0.9715717835058393,11.765100619557549
IPO_Synth_1715,,898.5050409113223,1693.8992002481964,9.277408522387189,4.38894257353984,2.780539545805792,16.44689064173282,,,,-13.414327572738003,2017,0,-9.626463630238339,Retail,bear,1.2,36.764596812832764,26.244988879074658,10.775922570465612,0.0,9.302202604520565
IPO_Synth_1716,,238.9472729183083,5014.2957578536,14.778490597701563,6.424571108738545,4.464375583365773,25.66743728980588,,,,20.997719454507514,2025,1,15.030656736943056,Infra,bull,1.2,47.68438564554102,23.13647339028273,6.0,0.0,16.0
IPO_Synth_1717,,222.98147253360017,3859.1581230148477,17.6222790490649,10.267810848070354,2.164637836357122,30.054727733492378,,,,-4.657090311330436,2019,0,-0.34166481967826895,FMCG,neutral,1.2,74.19527990148308,21.10364746033697,14.245615713566695,0.7272692570347008,9.949819733064803
IPO_Synth_1718,,176.17703768766,1445.0513188331342,20.601672709406706,7.17436029126477,3.217008721326063,30.99304172199754,,,,13.011664967504853,2023,1,0.8541864389948275,Mfg,bear,1.2,58.67078068345507,10.16269909991539,18.614647296874068,1.8728981846967792,10.179628687713123
IPO_Synth_1719,,1062.7586131660337,6851.09735040861,102.51244878294813,46.4254239990876,20.83666283072433,169.77453561276005,,,,61.40542937952444,2024,1,25.412545174527718,Infra,neutral,1.2,90.04326138906502,16.30088586824374,13.864243258425242,0.9265430694796197,7.943086547735
IPO_Synth_1720,,195.2895209144844,8546.353355134963,9.848835939446454,6.6417203876723345,1.6044519355483124,18.0950082626671,,,,-30.81899373051021,2025,0,-11.559908198151144,Retail,bear,1.2,58.70044459658494,20.415963374279094,9.294825517698705,1.4579580228318956,7.585799202802671
IPO_Synth_1721,,857.8036282834801,271.9916061113143,108.05235675998428,56.53546081535669,13.74799154894425,178.33580912428522,,,,38.057573111585604,2021,1,34.95750312718442,Infra,bull,1.2,77.4242308099019,11.44460588754303,11.196832878883065,0.0,8.40066013711064
IPO_Synth_1722,,62.51474778314632,881.7493194388787,22.644486708541507,15.806349644535562,5.824164413799859,44.27500076687692,,,,-5.116412879777476,2023,0,-11.559908198151144,Tech,bear,1.2,74.3059447519685,24.76181421756292,13.52018940188093,1.1169252932645728,12.55518770043909
IPO_Synth_1723,,587.8775962484892,3326.4667556664344,19.45585068392559,7.125972285749425,4.413916993186163,30.99573996286118,,,,-7.764487175847897,2018,0,-2.0518946306196377,Pharma,neutral,1.2,59.762034992732374,19.294365689859326,18.46599007177145,0.0,11.713366962344239
IPO_Synth_1724,,504.4915723288931,71.9742,87.08153773658134,40.92411393736046,12.082340308091382,140.08799198203317,,,,82.84861088485424,2026,1,53.90853013675053,Finance,neutral,1.2,36.31825221818555,8.122091314862017,14.177319171492018,0.6401517807208617,13.871805653832006
IPO_Synth_1725,,836.1232538446956,3732.01151060822,151.65774631581684,75.86043489377542,37.39811764046947,264.9162988500617,,,,50.9262127376136,2025,1,36.68977439523529,Mfg,bull,1.2,58.10772806391488,16.60033353487649,17.857091878904406,1.1158208705911463,7.848768996341138
IPO_Synth_1726,,786.5968519041128,1785.8848521792324,29.150709890708352,13.126089613705012,3.3670159679802443,45.643815472393605,,,,15.308142446525622,2020,1,14.40317571410927,Tech,neutral,1.2,50.41012770668276,18.2820442686004,14.633963977500462,0.0,11.76852721779872
IPO_Synth_1727,,442.7945630856627,2489.1216032528255,3.046261624784547,1.804138641891812,0.5963369823737322,5.446737249050091,,,,-10.633116667839017,2020,0,-8.064863314340043,Retail,bear,1.2,49.71445896323816,19.220757775553793,16.06555041464228,0.0,10.916524518574379
IPO_Synth_1728,,231.36456771147806,71.9742,21.262133960322917,6.896583768407905,6.338869172721797,34.49758690145262,,,,8.95758396592845,2024,1,0.8358729050528328,Finance,bear,1.2,62.8047778256506,28.517727012396538,10.769238891621603,0.8625958647205059,11.302606304263199
IPO_Synth_1729,,969.8859290206995,71.9742,39.638760833700836,20.203884129901788,12.783992251852688,72.6266372154553,,,,54.90205360013183,2020,1,13.876637160060913,Finance,neutral,1.2,33.907723132661516,23.470762172080132,11.913698383265102,0.36522796042464045,7.4086730896136865
IPO_Synth_1730,,197.2498725590362,71.9742,32.05404894881542,10.23762009465394,5.170595625806989,47.46226466927635,,,,1.1115488680246592,2023,1,13.102865163082035,FMCG,neutral,1.2,44.27080774575633,11.807262332221725,9.348856503487903,0.6361302509872142,6.883801052371172
IPO_Synth_1731,,40.04,5386.5578224014325,15.371873783134202,8.678940636937195,4.840252571702284,28.89106699177368,,,,23.339993162408245,2016,1,10.324067373888516,Tech,bear,1.2,41.78283838249236,11.062950190572877,17.70744936016703,1.1571438038325121,11.617414851112203
IPO_Synth_1732,,40.04,3972.294099660199,33.961110370852225,22.588351837377157,10.96738213583008,67.51684434405946,,,,27.955731692219295,2018,1,11.623461472655448,Tech,bear,1.2,55.42395769018631,18.3991009945522,13.689666915777952,1.8072860557874673,12.61852307042993
IPO_Synth_1733,,40.04,3274.4801951827053,33.74267557747512,8.773045823913057,8.493725737237803,51.00944713862598,,,,17.29878082489798,2024,1,7.651102051273949,Retail,neutral,1.2,46.17309627345274,20.757261669346608,6.0,1.1632652978581994,8.145081800720561
IPO_Synth_1734,,618.3032331968487,2428.4411244468192,5.196541205332934,2.4863792534800533,1.7956360995269036,9.478556558339891,,,,-19.256408570412255,2026,0,-11.559908198151144,Tech,bull,1.2,47.35628216406222,25.9543069348567,17.165194878290368,1.031940446405756,11.827105573017189
IPO_Synth_1735,,1171.252802701763,71.9742,14.634063317974867,7.2636436092664685,2.3640444748602047,24.26175140210154,,,,9.10528371259414,2016,1,1.1120677630192197,FMCG,neutral,1.2,62.438341456107,30.379359886474674,19.383635741551227,0.0,13.598123533904113
IPO_Synth_1736,,40.04,71.9742,64.7040479258674,39.47769346392104,7.5861327974859165,111.76787418727436,,,,55.536949646903764,2024,1,32.085705089611835,Tech,neutral,1.2,51.977672297942135,30.705335104819895,11.347302555586511,0.15315974657685688,8.914606670330684
IPO_Synth_1737,,147.5124396443741,855.2093216101043,0.5,0.5,0.5,1.5,,,,-17.816479744980867,2016,0,-11.559908198151144,Tech,bear,1.2,60.086513163874905,17.34589979197332,17.161282345694374,0.9545032465160113,5.6835621172306965
IPO_Synth_1738,,445.2320344101133,71.9742,10.912927546383628,4.943669570759223,2.430665433174135,18.287262550316985,,,,9.684006289382404,2025,1,8.188265450731274,Auto,neutral,1.2,39.917433925155656,25.60730808891113,14.056225284700634,0.13675131748975133,6.0586282086661996
IPO_Synth_1739,,942.7453397733623,71.9742,0.5,0.5,0.5,1.5,,,,-5.233939675860674,2018,0,-5.450937000125057,Infra,bear,1.2,45.08839885083459,22.553772193541537,6.0,0.9503597933031838,7.9704318785724375
IPO_Synth_1740,,145.67380755262315,71.9742,48.80149029141743,25.18509639895612,5.55401015158442,79.54059684195796,,,,13.236878228817078,2019,1,14.700685880378952,Tech,bull,1.2,96.0,13.455280807863433,23.78835419886794,0.0,8.661958472487413
IPO_Synth_1741,,616.6309237709372,1649.6869946746804,8.497395204921705,5.310218502881649,0.987024454605806,14.79463816240916,,,,0.1,2023,1,3.8796849086556398,Auto,neutral,1.2,47.4467144821825,8.67263102714002,14.083261665232072,2.429349603672355,9.891583551802896
IPO_Synth_1742,,329.39514656390077,1650.3534314740377,133.5476258625742,57.69322743866216,16.383504240068934,207.6243575413053,,,,77.06074280786719,2025,1,44.26556534881674,Mfg,neutral,1.2,24.0,20.864648957597733,15.906371175393287,0.6936781179789613,9.952545263810967
IPO_Synth_1743,,1305.3915127652576,3883.993184070522,127.91771167722011,90.82718332392334,18.664553916751032,237.40944891789448,,,,31.003879518285558,2020,1,23.254593667587542,FMCG,bull,1.2,66.1583078309685,11.02898597833925,12.189340460602239,0.6280051950840513,9.182917132943015
IPO_Synth_1744,,464.19499760048757,6892.091736650481,0.5,0.5,0.5,1.5,,,,-20.263728312710775,2019,0,-11.559908198151144,Infra,bear,1.2,47.25655790419768,14.891243285563318,13.670114229842806,0.01739456796006822,12.037704937517523
IPO_Synth_1745,,536.3203247586164,3306.76312015283,153.95824514826631,45.507317255758146,26.226946487162145,225.6925088911866,,,,26.551038756003695,2026,1,26.81795479558858,Retail,neutral,1.2,64.38924420383918,15.891003260674188,15.727480812009691,2.4130207430381936,7.717679131753686
IPO_Synth_1746,,443.6030678491418,1064.8269018665096,2.5640500456348363,1.318544665708413,0.7801425465660957,4.662737257909345,,,,-12.044254540726788,2026,0,-4.474805862565524,Pharma,bear,1.2,58.38837013277081,21.312507994515588,10.308571568859158,0.0,13.794023180470623
IPO_Synth_1747,,273.171037384763,6207.902234149085,2.221700832839476,1.0784400769714675,0.5,3.8001409098109433,,,,-4.728076696608141,2021,0,-0.19700525223539686,FMCG,neutral,1.2,69.89777232173448,27.683727226399732,22.622841208650037,0.0,12.820197603871076
IPO_Synth_1748,,739.2843420774186,71.9742,2.0,1.1384675274649014,0.5,3.6384675274649014,,,,16.15624293044714,2016,1,19.08265515086833,Infra,neutral,1.2,58.206789469303224,20.076460749838734,18.771660410748304,1.3535917107211162,12.600421366329833
IPO_Synth_1749,,40.04,71.9742,0.5,0.5,0.5,1.5,,,,12.25420242220612,2026,1,1.6480132029837509,Auto,bull,1.2,55.92205925936983,16.766704919584747,17.325728427298092,0.7396564469405009,8.02148430243686
IPO_Synth_1750,,40.04,71.9742,76.97941432137945,27.944616310075972,11.259024205084554,116.18305483653998,,,,120.86440766022353,2022,1,31.614581404788186,FMCG,bull,1.2,80.6625677015966,8.0,14.361979543971035,0.0,9.650730138601832
IPO_Synth_1751,,363.5177329131267,3635.841466242393,2.639818560665849,1.64871131065188,0.5,4.788529871317729,,,,-0.9681942468464086,2022,0,-4.47173703974613,Infra,neutral,1.2,24.0,22.75024129799636,11.574515766859815,0.0,12.168530320893405
IPO_Synth_1752,,693.4070827387454,1960.5223540760985,13.47107980830054,5.332966104063874,4.130619964406193,22.93466587677061,,,,-7.159949817527406,2017,0,-1.1049209162242684,Infra,bull,1.2,36.14122107165891,20.171369077325142,19.63540325960562,0.20910910985710351,9.400257472113726
IPO_Synth_1753,,216.43693777648224,71.9742,5.7657657918583665,3.5381383516080196,0.751555587476176,10.055459730942562,,,,-3.701231945908825,2026,0,-1.9148851258160042,Pharma,bear,1.2,45.148291387627296,16.70187851744142,17.7481203522047,0.6021396631671839,7.902550219809555
IPO_Synth_1754,,478.52461015152284,71.9742,15.405573787193555,8.786622814105282,1.7453867711399447,25.937583372438784,,,,22.206125865739644,2023,1,0.04880450470563076,Infra,bear,1.2,29.5288096486536,26.996550587238023,13.202599145400159,2.0536310314147945,7.782212100352122
IPO_Synth_1755,,40.04,71.9742,129.3299867330227,37.720846500536965,44.16543890002942,211.2162721335891,,,,62.40011678080162,2018,1,36.08024625443638,Tech,bull,1.2,51.371037103382456,12.855176339950699,10.119650482385975,1.1051618446704263,7.928324911819619
IPO_Synth_1756,,777.812797037875,71.9742,80.0553731557467,48.47871762452823,16.10697613859288,144.6410669188678,,,,0.1,2020,1,25.899617369848425,Pharma,neutral,1.2,49.59456301962235,15.89071247484615,7.908437985155322,1.5233352079411855,6.517189869349053
IPO_Synth_1757,,637.505167963789,5559.072162397444,17.240129027350836,11.891511526710188,4.559459296325542,33.691099850386564,,,,50.508865909299544,2019,1,49.29858413378904,Tech,bull,1.2,77.54460309219627,18.52983323100189,15.12857496289221,0.06572578331329038,16.0
IPO_Synth_1758,,421.5609998213008,1148.4193857530342,118.4477803186967,77.97691332387268,15.608927419039219,212.03362106160859,,,,72.38685206030469,2025,1,61.368729673855405,Pharma,neutral,1.2,58.411104008308605,16.62689943690416,13.879841362560473,1.0157296014352644,4.143042371715388
IPO_Synth_1759,,472.45778772038767,6127.876528245395,6.4599116721195395,1.643601353478943,1.0015728028162185,9.105085828414701,,,,-25.863684944857454,2021,0,-10.016750551864343,Pharma,bear,1.2,56.1657966989795,23.3045265167031,20.335310418945188,0.0,7.057628343937904
IPO_Synth_1760,,40.04,71.9742,26.023570221472358,13.528533923319898,5.594942412272454,45.147046557064705,,,,36.580069731922876,2025,1,13.814821523604527,Tech,neutral,1.2,53.16290651898783,22.78348298294495,19.46492036572085,0.6821372091371445,11.788069896791015
IPO_Synth_1761,,40.04,2800.1371385696393,0.5,0.5,0.5,1.5,,,,-18.64912418582966,2023,0,-11.559908198151144,Pharma,neutral,1.2,41.06407463844546,26.305820153504854,15.17502437647106,0.6179603870853918,7.955797641573897
IPO_Synth_1762,,373.1515461800366,2112.8523204509215,5.980360145297869,3.2853876162981126,1.0364680446281167,10.3022158062241,,,,-9.357227015238028,2020,0,-4.538739979111924,Auto,bull,1.2,76.03429010416396,23.013922222272374,14.634961359233493,2.3214167906965155,8.944863430465833
IPO_Synth_1763,,590.3066090498198,3811.52421934014,0.5,0.5,0.5,1.5,,,,-10.741921755311607,2020,0,-1.345933233796985,Mfg,neutral,1.2,81.78138551431203,19.307758210789913,9.815607342534435,2.05758504430475,11.185567223215257
IPO_Synth_1764,,607.6058332320832,2184.3441009617623,0.5,0.5,0.5,1.5,,,,-18.039816569488085,2024,0,-10.588937140010021,FMCG,bear,1.2,38.181011988054166,17.961092697595767,19.77439878648721,0.24156010076053847,13.097061921305567
IPO_Synth_1765,,290.84936489926406,4085.8782011057665,0.7019813652567919,0.5,0.5,1.701981365256792,,,,-25.19125149317378,2021,0,-10.474931966756083,Auto,bear,1.2,89.16100536311941,22.73166593428191,14.744715483501974,0.0,9.179742147428325
IPO_Synth_1766,,669.4327579658317,2964.3109517764974,29.090484880187756,18.490696683322014,6.248717485184825,53.8298990486946,,,,11.475789798145376,2023,1,9.168055516118292,Auto,bull,1.2,47.92231353365979,18.858163374708543,17.723764413011445,0.0,12.766084177201176
IPO_Synth_1767,,900.144315360896,71.9742,3.7553356725508005,2.65236497909805,0.9571811201110232,7.364881771759874,,,,-10.854324023044324,2017,0,-11.559908198151144,Mfg,bull,1.2,46.45470085453657,20.283363410101078,20.295618546414783,0.20535490434867448,4.907739547063837
IPO_Synth_1768,,384.53455425198797,3428.979316278851,81.72617232862038,57.44191787551303,23.121624739750853,162.28971494388426,,,,28.98133595929273,2020,1,30.516671390525243,Mfg,neutral,1.2,68.51028609060738,23.058099729178167,12.454765880089798,1.8017409884002118,8.182069789982293
IPO_Synth_1769,,520.5988832901097,1253.4111702594662,0.5,0.5,0.5,1.5,,,,-0.1,2022,0,-7.571914244575166,Tech,neutral,1.2,70.11679452061985,20.83133514827583,11.274379346540455,0.9149074822080256,11.484456733322727
IPO_Synth_1770,,343.82206372430755,71.9742,129.7744629102268,71.62751795257617,40.64021501136839,242.04219587417134,,,,70.74393586177383,2019,1,73.09745097367387,Infra,neutral,1.2,58.7172457467905,21.851571005659103,24.0,1.0180084888703427,15.919571858104057
IPO_Synth_1771,,371.6776426111946,3328.149493825901,11.0140677872294,3.312586544184999,2.4489856373392325,16.77563996875363,,,,0.1,2025,1,2.521577286073515,Mfg,bear,1.2,53.76687462027226,15.254469868733718,17.675109514839725,1.3112068466569888,7.103824514233699
IPO_Synth_1772,,472.7428530599233,3920.527220930887,42.119016925229204,12.51908910588195,14.0608440269479,68.69895005805905,,,,36.79664311605256,2018,1,13.849417713493747,Mfg,bull,1.2,81.10235189333585,28.09823366732396,13.746306932260904,0.0,6.5756733101753
IPO_Synth_1773,,996.6330033908351,263.0829349400527,4.158834441239431,1.1883215788479249,1.4093691008799016,6.756525120967257,,,,-21.828640388011976,2025,0,-11.559908198151144,FMCG,bull,1.2,48.78061308857352,13.359962691289148,20.57953089121076,0.0,11.024206215800543
IPO_Synth_1774,,727.4675116374865,609.2737974193556,121.82002177139645,86.9273715646763,13.117483128432452,221.86487646450522,,,,83.10785132922813,2016,1,49.21521217011619,Infra,bull,1.2,58.76215684806492,22.63518639070462,13.612843745618026,1.0202328991301615,10.159542699130105
IPO_Synth_1775,,696.6933818477709,71.9742,213.0738207012075,69.50813490282538,41.78808969362257,324.37004529765545,,,,38.62420574434829,2020,1,36.51979079053821,Tech,bull,1.2,90.48817446018964,17.08495590819335,16.46468422886471,0.0,7.844701052729487
IPO_Synth_1776,,259.8299598761543,71.9742,46.141174090866784,22.662842069241584,10.684258939408192,79.48827509951657,,,,32.202549974302315,2021,1,18.716825167763904,Infra,neutral,1.2,35.932501194710554,26.494076262656233,12.442950304807502,0.0,6.349935597728531
IPO_Synth_1777,,108.01819717209098,891.0586377451535,0.5,0.5,0.5,1.5,,,,-9.53988198407628,2018,0,-11.559908198151144,FMCG,bear,1.2,51.74430851267006,25.302445069939186,14.923632730828544,0.0,8.458321961956113
IPO_Synth_1778,,547.8818663114259,3583.436685147162,19.745778072802263,8.142873645773392,6.034277034856651,33.92292875343231,,,,33.414113438291444,2021,1,16.85016310594222,Auto,bull,1.2,78.4524347128596,19.98770112334436,13.766684409365869,1.554361172687918,11.563712109915643
IPO_Synth_1779,,839.6678405454842,71.9742,9.926405864749567,5.150467816765845,1.342804448563076,16.419678130078488,,,,-3.7063839193579753,2025,0,-11.559908198151144,FMCG,bear,1.2,69.50400074745026,29.32832236770037,11.616535868387132,0.12591902569663643,9.000397074315055
IPO_Synth_1780,,1003.5125790678621,5238.223817098039,122.68319918074106,30.841997481116717,31.36036186967552,184.8855585315333,,,,48.62611745491656,2020,1,43.94009356563669,Finance,bull,1.2,76.09231661830142,18.875604682167292,16.092881209028114,0.7258506833326476,13.513487004003252
IPO_Synth_1781,,40.04,987.9770767807756,143.74641722931779,63.259157005098416,48.248376696407604,255.2539509308238,,,,58.55578228416459,2021,1,29.80392870059031,Mfg,bull,1.2,36.18808237911583,25.290151335919866,12.126321683567909,0.0,9.59193326895784
IPO_Synth_1782,,1250.4736205488025,998.5571359588994,36.51633404472626,17.88102742841424,12.750510547571206,67.1478720207117,,,,34.51211615872395,2026,1,14.356320239388173,Finance,neutral,1.2,65.78007033319639,15.642614962654013,17.591941686053534,0.879403352430314,11.804514931298044
IPO_Synth_1783,,557.2589117569189,769.2845000694836,2.0571511003047034,1.34054702605709,0.5,3.897698126361793,,,,-5.087600493930395,2026,0,-11.559908198151144,Infra,bear,1.2,54.866279562200205,22.429842845585352,13.629550821086742,0.2304078919264973,10.835421522321429
IPO_Synth_1784,,725.2998035975186,4076.7918284032125,17.98035427277797,10.796873963746961,6.1698115024345626,34.94703973895949,,,,-11.30967594633515,2016,0,-8.993027508306865,FMCG,bear,1.2,96.0,14.405238054275276,7.259552211224792,0.946198021217759,8.788998050344324
IPO_Synth_1785,,40.04,71.9742,77.18356671537511,52.08971512514253,10.076508129654593,139.34978997017225,,,,28.77530547981159,2023,1,27.175776339518077,Pharma,bull,1.2,74.56880050953038,20.116827580217677,17.79381640908199,0.02211865860433948,12.499353244901343
IPO_Synth_1786,,333.89841295446007,1186.0963385403447,73.00089495516063,31.985277710990875,17.099556945558106,122.08572961170961,,,,101.49345809848995,2025,1,38.540852342877315,Tech,bull,1.2,59.59826498993921,19.69152707756115,17.869188732040183,1.0042840068659062,6.34814437740946
IPO_Synth_1787,,695.895260834078,96.99807571159427,141.8567469337643,45.45838663260239,22.9229796152866,210.2381131816533,,,,44.69805779606618,2026,1,36.296202767829236,FMCG,bull,1.2,65.14617293855932,25.271352824065787,24.0,0.0,8.339288693402937
IPO_Synth_1788,,40.04,71.9742,15.360340346091634,6.920266978528768,3.864627213907146,26.145234538527546,,,,-25.252471134459437,2024,0,-11.559908198151144,Finance,bear,1.2,60.977179576755375,15.975500357437511,15.079748263603655,0.4196772168144563,8.7583257947406
IPO_Synth_1789,,40.04,1613.275581385489,6.179810595471926,4.520715713768519,0.6751853904732752,11.37571169971372,,,,27.210360147133787,2016,1,18.817170215565852,Mfg,neutral,1.2,72.58227014050054,32.0,15.824947464047591,0.22831997376523738,11.144616063028893
IPO_Synth_1790,,529.4259545343881,1226.7980961661492,81.58851436372372,29.14046358407283,13.020153771476627,123.74913171927318,,,,59.477984412387585,2024,1,34.26926339943965,Retail,neutral,1.2,44.586589663907645,11.707479432727073,17.153654961740816,0.5262376096959261,11.892483105475032
IPO_Synth_1791,,397.81703440310747,4259.20212408413,13.24322877990706,4.467969821167374,2.3194708470205607,20.030669448094997,,,,-8.222872873650056,2025,0,-11.559908198151144,Infra,neutral,1.2,84.57391211701166,21.39769500884203,19.588659656707776,0.7790645462645174,7.554461195722391
IPO_Synth_1792,,907.1623873421682,1493.7266108224696,3.5535633055969784,2.56627197273239,1.1687733517045518,7.28860863003392,,,,27.79079323661189,2021,1,12.119685531080343,Infra,neutral,1.2,36.154908771891535,21.726744171435787,19.30739702950309,0.0050964971100710965,7.131712752548989
IPO_Synth_1793,,360.1962032371987,2966.414467266656,25.07168048252453,18.176004153298987,6.165311427938759,49.41299606376228,,,,27.52285322286191,2016,1,18.217452663676166,Mfg,neutral,1.2,63.690788859737005,23.2285632276037,16.43453422292521,0.38038169727170845,10.235722726931069
IPO_Synth_1794,,385.2001764230396,1971.4413877041452,50.491700005004134,16.39053624303392,13.988848211004022,80.87108445904208,,,,0.1,2018,1,5.781399575257053,Tech,bull,1.2,45.16296359341919,16.907644192556035,14.851611138215553,0.6864865540815549,5.387054145076693
IPO_Synth_1795,,653.1388240982008,5175.663173825049,0.5,0.5,0.5,1.5,,,,-10.371756775344757,2019,0,-11.559908198151144,Infra,bear,1.2,60.77089426459093,21.450622923485565,18.79197819432402,1.0076872817432934,13.023507373125756
IPO_Synth_1796,,767.8580044813442,734.683026274218,6.439094750251445,2.993350038894113,1.275404917220312,10.70784970636587,,,,15.064358336128898,2025,1,5.241770485297689,Tech,neutral,1.2,77.78433739147013,16.6133105879895,14.664303118897443,0.42391466749434165,9.328505729737456
IPO_Synth_1797,,172.7236760695469,742.0065767892153,28.47106699469715,14.124720061783762,2.9469053950618105,45.54269245154273,,,,7.702998171255248,2017,1,5.206983718532486,Finance,bear,1.2,29.17778242363549,31.238841597667275,9.198743773087237,0.0,6.491378904124265
IPO_Synth_1798,,737.4494628737741,3461.057415097524,76.93327606950827,38.41617543940503,9.751692088332858,125.10114359724615,,,,21.288066351559817,2024,1,9.08607236213777,Mfg,bull,1.2,56.949390376962384,16.189354774813896,8.244488153847726,0.5864541952094355,6.432022619105134
IPO_Synth_1799,,236.60521227333166,699.2366013439996,14.69086529850662,10.785824406273735,3.1541599403973453,28.6308496451777,,,,16.30655990858064,2017,1,0.09571124932757594,Tech,bear,1.2,34.08437409791166,19.111875173648755,13.680308432382246,1.1703439773860393,10.93940336057164
IPO_Synth_1800,,420.46563133611596,2819.0518049318907,12.99930334657294,4.450058756869767,4.358974426919577,21.808336530362286,,,,7.831667422422392,2025,1,2.7027765092062777,Mfg,neutral,1.2,54.97111523578169,16.01999799537963,15.539860658977203,0.0,10.85822340524494
IPO_Synth_1801,,643.9475140470643,7607.208040644681,35.72297896722972,22.738814519189667,5.793890377443615,64.255683863863,,,,25.053398017591768,2016,1,11.431409067367111,Retail,neutral,1.2,34.03692278152042,15.19841105775975,24.0,0.0,7.694696574705079
IPO_Synth_1802,,703.5086712922738,71.9742,137.72574233014177,34.82217097547981,37.8166902436356,210.3646035492572,,,,43.406141521951604,2018,1,21.866677986140672,Auto,bull,1.2,62.91214293463537,11.59348052601538,14.459885143676797,0.0,9.658380605553653
IPO_Synth_1803,,523.5539420905462,5508.608278270169,33.54493373926725,18.929575626861606,10.286519070423916,62.76102843655277,,,,1.7903551130789712,2017,1,5.702140113597398,Auto,bull,1.2,52.328941800610885,24.032400117108256,15.209702455058991,0.30766984935446295,6.6123823587035595
IPO_Synth_1804,,45.7197156512528,240.58977447061866,10.260776443373073,5.913685515054324,3.352157915122263,19.52661987354966,,,,3.387485161669848,2022,1,3.424847155561827,Finance,bear,1.2,73.44820568015648,15.963090754742929,13.180502179926757,0.0,9.224755279449461
IPO_Synth_1805,,40.04,5003.6604121218,22.128294617436744,13.871190183217337,3.8364179095238824,39.83590271017796,,,,18.260799385694714,2024,1,14.289552469758632,Tech,bear,1.2,82.1140459981079,15.21709914438065,17.78462674190662,1.0740901224781347,14.426626656844464
IPO_Synth_1806,,350.6189867806998,3307.5032257245775,0.5,0.5,0.5,1.5,,,,-26.952743877679687,2020,0,-11.559908198151144,Pharma,bear,1.2,60.191665952010005,14.220985745909076,16.261543831391943,0.31746804603864076,16.0
IPO_Synth_1807,,746.5992143321093,3084.3844190785308,158.6544066303077,99.4632323500223,39.98020685989027,298.09784584022026,,,,19.190227040623974,2021,1,22.615094248415748,Retail,bear,1.2,76.08578973761327,21.826302451945654,12.127485474522228,0.0,9.364719688612048
IPO_Synth_1808,,568.4323521641767,1128.8240342013498,49.78005714569612,30.668099013408273,11.305135406230203,91.7532915653346,,,,3.82342622879902,2023,1,12.278573727327833,Pharma,neutral,1.2,84.88425558233983,20.130047054881988,10.448427688224212,0.0,11.295526877503628
IPO_Synth_1809,,497.4971275694448,869.7276657540485,31.263367045153082,11.78296789839848,9.210130343292697,52.25646528684426,,,,15.784135314787825,2021,1,13.149836215298144,Finance,neutral,1.2,43.40214487913757,20.157549619459186,13.189349106509642,0.1994158709241411,11.177006688061853
IPO_Synth_1810,,412.4219138840212,71.9742,63.57333969249517,47.452402968802076,10.15127348377744,121.17701614507469,,,,84.40924879802441,2024,1,33.083655999703595,Retail,neutral,1.2,85.82974018133996,15.43183710402393,11.204830165013776,0.0,4.836894222663262
IPO_Synth_1811,,520.406890495256,1538.107264660513,0.5,0.5,0.5,1.5,,,,-29.60254827337805,2019,0,-11.559908198151144,Auto,bull,1.2,59.335095786887656,22.611396688008483,13.959775633588883,1.4704611952533941,6.550432245794584
IPO_Synth_1812,,75.25464268042063,1043.0617861886394,19.51851689497329,8.953632660815993,5.123428647638177,33.59557820342746,,,,-29.591560335864923,2017,0,-11.559908198151144,FMCG,bear,1.2,42.38921979812614,16.025907632318074,15.63665904614403,0.6868330900281961,4.0
IPO_Synth_1813,,681.3279588547454,2018.9790487095897,16.18563783384999,8.108013777459771,4.853126447919376,29.14677805922914,,,,15.966657324650626,2018,1,18.216618272550676,Infra,neutral,1.2,65.3723229814327,20.421087300424425,12.744629150481686,1.178189498125716,11.347220639194536
IPO_Synth_1814,,703.9083658205324,71.9742,19.30219826204911,8.628627483211268,6.0595496927250405,33.99037543798542,,,,9.566980491463312,2017,1,12.136732634415557,Retail,neutral,1.2,58.702287609954055,19.161600416707266,21.545244978356934,0.0,15.836152045917986
IPO_Synth_1815,,293.46842827218853,1580.7148952095968,2.0,1.0936375712259545,0.5086737215118908,3.602311292737846,,,,14.330127093588633,2016,1,15.97385113940434,Auto,bull,1.2,34.673787494287055,9.869091319194586,20.21727657990645,0.911372782611793,13.197509661759904
IPO_Synth_1816,,564.0976928393986,4808.373530635274,18.523160428799365,7.868866290420447,2.0224286176324737,28.41445533685229,,,,-1.395469660819995,2016,0,2.289077770967258,Pharma,neutral,1.2,40.18110903046257,32.0,13.966990584674829,0.0,10.133498232280324
IPO_Synth_1817,,40.04,3979.0671724547524,80.85750513453536,29.915047211405327,14.104533752926542,124.87708609886722,,,,77.85208317697705,2016,1,26.6691754959385,Finance,bull,1.2,89.47165795079898,23.448726119200177,10.661251934900196,0.3075312510003338,9.710550145592354
IPO_Synth_1818,,476.32389970594596,1581.643248751319,98.8138517864093,70.55283828889615,31.571513414684695,200.93820348999014,,,,71.87347197463332,2017,1,32.47559396844801,Retail,bull,1.2,65.01434741652771,21.081236514169664,14.865928100999485,0.8528300467860745,8.942893182056968
IPO_Synth_1819,,369.3483853553506,8191.576346122597,134.95617419995563,96.34713453529938,34.64853044724763,265.9518391825026,,,,19.14931763118467,2022,1,22.765449772695412,Finance,bull,1.2,86.67229644872599,22.028215362293167,14.398267435650896,0.42993480259186334,13.179003844489792
IPO_Synth_1820,,844.9581825613711,71.9742,10.973212436964506,5.4660062768969455,3.539015630673327,19.978234344534776,,,,8.750602289739279,2018,1,6.645725633136308,Infra,bull,1.2,52.50168344840915,32.0,14.717478949644962,1.3084196603710638,10.646971984937469
IPO_Synth_1821,,346.96853811336507,1296.169535661409,5.272311187725131,3.854447899790068,1.0340695996109246,10.160828687126124,,,,-24.220586861078594,2022,0,-11.559908198151144,Mfg,neutral,1.2,45.57067781264561,26.82119861986241,13.208886908661572,0.6390777176125373,10.187380373212887
IPO_Synth_1822,,711.5455602082262,71.9742,131.457664768956,60.189019711000014,29.73333964819743,221.38002412815342,,,,102.81681373311588,2016,1,28.939117902812413,Infra,bull,1.2,29.700337503394806,22.092584081556765,10.277717279776509,0.0368735591327789,6.690165681519602
IPO_Synth_1823,,281.2031055029235,471.1350662326545,93.28000741712971,41.387353716185174,29.443658092628688,164.11101922594358,,,,19.235994785920525,2024,1,38.73228157294782,Retail,bull,1.2,77.42358440407833,15.75014890627814,15.157002803015796,1.3428806577443804,11.803229586544255
IPO_Synth_1824,,40.04,6175.333327798503,163.36669060387402,115.73763314397415,47.45930432372752,326.5636280715757,,,,52.83711004971026,2019,1,26.240752348411764,Infra,neutral,1.2,67.39138106663253,16.696752297256005,13.421108776250271,1.5536529637808747,9.550047091396952
IPO_Synth_1825,,337.78207830897867,570.4477469028593,0.5,0.5,0.5,1.5,,,,-16.32945747516769,2020,0,-6.747086489719161,Auto,neutral,1.2,52.66418600877516,9.180461734889732,13.821290914642766,0.5875963803125244,11.190906266930558
IPO_Synth_1826,,482.03157290709555,71.9742,10.0,6.312586849984411,1.0565757151036381,17.36916256508805,,,,43.83755664414249,2023,1,26.873498261653328,FMCG,bull,1.2,45.73212792871078,17.79030557884815,15.422825163036913,1.836107375987632,12.997229937749104
IPO_Synth_1827,,466.3460372684605,3791.526685088941,128.4843258311359,58.636637927515565,41.1258914018122,228.24685516046364,,,,46.36115305351193,2026,1,30.914956771759407,Pharma,bull,1.2,80.283652692623,23.971030222851606,14.687887166546158,0.2645583977389938,5.095362058168663
IPO_Synth_1828,,471.50842420679885,2534.8597158711327,133.29036074663873,60.44728952790492,39.532483010484924,233.27013328502858,,,,53.08762611481234,2024,1,46.02777080799956,Mfg,bull,1.2,56.80893964782331,23.80177338963506,15.32498978745333,0.3720649136239536,9.113172370186028
IPO_Synth_1829,,241.82451525749866,3683.888030978157,0.7593887142798135,0.5,0.5,1.7593887142798135,,,,-6.023569698309803,2020,0,-6.670633543851338,Infra,bear,1.2,57.002456121439884,23.696875974183676,13.212673664583297,0.5043788834685811,8.678150665343082
IPO_Synth_1830,,304.2413386296741,748.5667912411651,5.5253641390783645,4.052147030628719,1.3070808136471066,10.88459198335419,,,,14.558627275125634,2019,1,7.3896694638148475,Infra,neutral,1.2,49.186127481137305,16.907815507949156,16.620651560828932,0.37020325147332955,8.413744964019891
IPO_Synth_1831,,40.04,71.9742,127.26034888157034,46.32015604589695,19.226239533451327,192.80674446091862,,,,38.85177916559621,2019,1,28.46375399464649,Auto,bull,1.2,52.66572913057852,23.306261494293917,11.769903677556686,0.1894560851360686,6.649330914876459
IPO_Synth_1832,,40.04,1043.811803821668,24.011952117282988,11.937146561884754,4.875033120883051,40.82413180005079,,,,29.03812948944754,2016,1,13.533270281781641,Mfg,neutral,1.2,69.90221102011014,24.945104238730487,10.104262917115534,0.0,7.817436352017783
IPO_Synth_1833,,378.4572006331955,2965.9960232465173,0.5,0.5,0.5,1.5,,,,-28.552023027363763,2019,0,-11.559908198151144,Retail,neutral,1.2,34.50407586685019,8.0,10.99509422111623,0.0,6.704648379382965
IPO_Synth_1834,,160.27128485455418,1333.5088913373609,99.48630895993183,57.053090770441344,15.185828309947937,171.72522804032113,,,,24.008840070741847,2024,1,21.26418126254944,Infra,bull,1.2,61.453270494042144,21.826534791508703,11.954897232184418,0.6107610887666556,12.474738888880298
IPO_Synth_1835,,783.678600410462,2531.592854288349,135.204447994686,60.22516174138335,42.12867483555262,237.55828457162198,,,,53.841615126050534,2019,1,24.814567398198918,Finance,bull,1.2,77.2005310591291,32.0,9.204892980405885,1.6983405983459114,11.132246588866353
IPO_Synth_1836,,40.04,124.46856902992224,40.06553995217969,25.39477873115257,7.637216878576172,73.09753556190843,,,,29.14834453115507,2020,1,14.194516252518415,Pharma,neutral,1.2,58.47434299383624,18.251212839805838,7.382819743579956,1.31420154682775,10.924235678122777
IPO_Synth_1837,,514.2299790911068,2628.269351752929,53.2839532601075,27.398040079714484,16.181315190692676,96.86330853051466,,,,13.74968108815392,2016,1,17.043173876299672,Pharma,bull,1.2,78.97607269141571,8.0,17.26557407581225,0.8880846746494702,4.219069344239763
IPO_Synth_1838,,1139.4920387418053,1513.9260612632222,60.97487541714232,19.19121141053482,13.321483834342724,93.48757066201986,,,,1.5374285175568323,2018,1,6.691663515571871,Pharma,neutral,1.2,84.13078462128603,15.124046888154124,20.73409441120866,1.7491689289131704,15.846530570044447
IPO_Synth_1839,,352.3643388642245,71.9742,110.8979552521382,28.320039033808314,13.05207318152486,152.2700674674714,,,,31.62177136466974,2016,1,44.284725007958194,Infra,bull,1.2,76.26448221355098,9.112764253181247,17.509668372555247,0.5192473752669547,8.774415165885397
IPO_Synth_1840,,413.8833770988262,1886.0521599978465,0.5,0.5,0.5,1.5,,,,-11.221547260978417,2021,0,-7.202660290735987,Tech,neutral,1.2,50.32939615480396,16.193840791239722,12.826063955923578,0.0,15.233893304302725
IPO_Synth_1841,,560.4560940731174,515.237008226788,7.22958487263515,4.425758448908918,1.0090213305623899,12.664364652106459,,,,-6.108009009915804,2019,0,-0.4204530750932796,FMCG,neutral,1.2,59.362109556402864,12.655604113088474,7.276037570676536,0.15055379758451165,12.247396163570151
IPO_Synth_1842,,587.1587750226222,3128.2095205568908,53.70368796956433,35.67305408591737,14.682271635492,104.0590136909737,,,,34.27594393896794,2026,1,12.528516974376952,Retail,bull,1.2,66.22386334035579,25.585132684525124,15.863747790905073,0.4393392908618235,9.305008682800223
IPO_Synth_1843,,275.28177507710615,3794.540955382023,63.037125918959,26.51767129145349,20.666627914651507,110.221425125064,,,,33.823659557008064,2022,1,31.313709006094662,Infra,bull,1.2,51.544504743634434,24.67108882962051,7.767119312080284,0.0,16.0
IPO_Synth_1844,,70.40240489747121,2827.2409133147494,2.4499028687894784,1.2689579019321575,0.7123555402850555,4.4312163110066916,,,,-12.460458180938964,2020,0,-11.559908198151144,Tech,bear,1.2,50.944090596727854,22.057925005870942,14.610032949420166,1.110067227635928,11.702140797951552
IPO_Synth_1845,,637.7822504016681,71.9742,8.547163874893167,3.162507431574097,2.5180748393587433,14.227746145826007,,,,-8.926708309704352,2021,0,-11.559908198151144,Infra,bear,1.2,49.860359715017,27.35738831977267,11.40189190364456,1.435539509891251,9.31496894907053
IPO_Synth_1846,,40.04,71.9742,8.272892452423797,5.710129234403094,2.609821557527235,16.59284324435413,,,,-29.33437113703187,2026,0,-11.559908198151144,Pharma,bear,1.2,96.0,16.607721994020352,6.0,0.0,8.826697789658287
IPO_Synth_1847,,699.0994734745763,71.9742,29.29164110914264,21.459160934261476,8.616609664129625,59.36741170753374,,,,24.659602716386818,2017,1,12.998373999213568,FMCG,bull,1.2,55.12036705475526,20.441303259471944,21.66240346508817,0.35453979139963604,13.095861270537165
IPO_Synth_1848,,280.98926838220814,71.9742,6.420200990927991,4.02206339095252,1.5546087387219472,11.996873120602459,,,,-20.054029239754485,2018,0,-11.559908198151144,Pharma,bear,1.2,79.23616095831224,32.0,9.348882460191657,0.0,8.39046982106913
IPO_Synth_1849,,415.87593075769394,108.77629425903937,0.5,0.5,0.5,1.5,,,,12.582417123714176,2021,1,3.968053636875936,Pharma,bull,1.2,44.3507589278945,23.51168741539762,13.398940298036157,0.40842645929673715,8.864304258743562
IPO_Synth_1850,,235.2818936938129,3930.131855455245,117.54911429728352,55.07872957164071,23.978689656782972,196.6065335257072,,,,93.0400260324305,2017,1,26.604777946999786,Auto,bull,1.2,90.63195067409178,23.496776443502057,14.41963220447164,0.3972482644266615,8.209152281069217
IPO_Synth_1851,,903.5912906324082,3340.3225359357634,8.560399841560626,6.379662300948857,1.00753332857317,15.947595471082654,,,,-3.103310951403969,2021,0,-1.5939632624921682,Finance,bear,1.2,53.18578562288332,15.394739744732867,12.882971989557273,2.2762098265038357,7.733068936353822
IPO_Synth_1852,,499.8806109143741,418.51410528250756,66.92194333285416,24.4059251075729,18.496887103503088,109.82475554393014,,,,34.712440807688296,2017,1,17.296330739462473,Mfg,bull,1.2,60.95358432964359,17.50055466478675,17.09061079011031,1.9762569291374277,7.9166004427119185
IPO_Synth_1853,,304.9209540518307,3062.170982073244,23.45298853515277,13.725529330673307,6.576575432783632,43.755093298609715,,,,3.2850407951553304,2025,1,5.8122767358446055,Pharma,bull,1.2,27.010990110253243,13.982260406283597,11.665633221737224,1.4323504899918633,15.317370160125602
IPO_Synth_1854,,295.3002206934435,2377.7253022046248,37.472350196423804,26.95317727792188,5.843087833494079,70.26861530783977,,,,39.66089057246228,2024,1,26.83713680605295,Retail,bull,1.2,80.09881763483688,30.085475679713138,16.71858709089706,0.0,13.022728854185376
IPO_Synth_1855,,364.21371054263324,1436.2418264601274,54.81740820842043,34.89685493338906,18.554891848639727,108.26915499044921,,,,17.7419809968066,2016,1,22.57382030189849,Tech,bull,1.2,83.99795690282583,10.650736111420091,16.43327218319594,0.0,10.705985413916395
IPO_Synth_1856,,1233.5828456066777,4510.524262148272,0.5,0.5,0.5,1.5,,,,-5.926779759590889,2021,0,-2.6845605986194596,Pharma,bull,1.2,38.62911124882405,25.484833831572878,8.800117347593535,0.0,8.357507442713224
IPO_Synth_1857,,40.04,71.9742,17.619547711026396,8.868844789048387,5.003771162226076,31.492163662300857,,,,13.157225621075575,2018,1,8.640679454707453,Infra,neutral,1.2,81.14647599742234,23.486727011077747,16.06128237823153,2.0266173712671045,8.345881673710995
IPO_Synth_1858,,784.719276420948,1659.100736281374,152.63274527785106,109.0419293079618,52.21865332739966,313.8933279132125,,,,48.195049766829385,2022,1,34.880197778503856,Infra,bull,1.2,35.92882303012883,10.379819066831878,10.257124423609453,0.0,8.900131566348303
IPO_Synth_1859,,608.8787924402202,71.9742,166.98295364849574,74.70261018375341,29.603981114879222,271.2895449471284,,,,3.0131050764415086,2021,1,20.804502738928463,Tech,bull,1.2,71.37720923113005,26.854443875471667,9.754616549416466,0.11442989793035713,15.366862205748516
IPO_Synth_1860,,940.7999357203482,71.9742,0.5,0.5,0.5,1.5,,,,-5.1101426579542935,2026,0,-11.559908198151144,Finance,neutral,1.2,54.81654405100285,18.447806309591154,16.307531635659952,0.0,10.872746513142944
IPO_Synth_1861,,629.7023787672339,71.9742,197.06361077270077,91.73832600536547,60.42148911103466,349.2234258891009,,,,58.566944261289805,2017,1,26.480113143643667,Mfg,neutral,1.2,84.05256977486663,12.07467512204026,13.162408111864702,0.0,12.242616478689488
IPO_Synth_1862,,415.97083910511657,71.9742,13.266651752158737,8.335072620558197,3.7946254605255043,25.39634983324244,,,,-13.409730860732582,2021,0,-11.183153975908679,Mfg,neutral,1.2,64.48544641947223,22.186894085709262,16.67821953369037,0.8326162936043854,10.59950508304412
IPO_Synth_1863,,763.2490530362377,1738.0764189976217,10.0,7.0785694963373835,3.384478919519655,20.46304841585704,,,,104.33728654947332,2026,1,42.86137335733129,Infra,neutral,1.2,76.76642829137037,15.065098217067707,16.717822166427343,0.6533432828213319,7.34309224976554
IPO_Synth_1864,,493.3078566339966,734.4247879194144,142.65890339440847,74.94178260200675,37.59265660182115,255.19334259823637,,,,85.29312401624759,2017,1,34.45503628229972,Tech,bull,1.2,82.27962005089887,18.770386203651427,8.573975840236784,0.0,10.307687277508432
IPO_Synth_1865,,672.704355636541,819.3139851423929,32.30263804211271,13.080627799171337,7.226751451064993,52.61001729234904,,,,37.42073101899983,2018,1,18.564668361897176,Pharma,bull,1.2,54.761432687902364,16.965499579349924,18.332780503218903,0.0,6.77250197739751
IPO_Synth_1866,,902.6815930594241,743.069290646284,39.38261289306631,10.84964834476901,10.590782319512192,60.82304355734751,,,,16.4550744391408,2023,1,15.693705724428268,Mfg,bull,1.2,59.47974123280212,14.725274419731695,16.282573768140555,0.7551881516017049,13.586005329413792
IPO_Synth_1867,,446.4255963974747,6136.103196787162,15.48972633985906,10.140039271211412,3.1437320958027524,28.773497706873222,,,,-4.284533820785507,2017,0,7.766735891319909,Mfg,neutral,1.2,39.998728478658634,12.869581218483637,12.360130029989264,0.427786178187861,7.754132531886413
IPO_Synth_1868,,269.85819676486005,71.9742,84.88092599756096,47.61862052345359,15.382273630760062,147.88182015177463,,,,40.94104327177222,2018,1,26.975858714567227,Retail,bull,1.2,54.59956216469309,24.781007459724087,14.388567115372998,0.099068281996263,8.284326759940852
IPO_Synth_1869,,194.90508660519103,71.9742,0.5,0.5,0.5,1.5,,,,-2.9292734523528865,2026,0,4.266115771350395,Retail,bear,1.2,94.68731322518734,21.94925672581926,18.46114201221968,1.1056780674101838,12.439534802345127
IPO_Synth_1870,,568.7202974588838,71.9742,53.986440612202394,37.18077620598184,10.500478478534209,101.66769529671845,,,,14.94030648334369,2022,1,17.38913139389152,Auto,bear,1.2,73.60408463805243,21.563972359239948,13.5617502077822,0.0,7.905048832475558
IPO_Synth_1871,,114.85221567446739,1334.6336332576425,89.45988052833314,63.530057780722274,26.90942154610256,179.89935985515797,,,,84.32996760011474,2016,1,31.161784505219696,FMCG,neutral,1.2,41.197208274455335,17.814636785339264,24.0,0.0,9.342834542116957
IPO_Synth_1872,,295.3336726570711,2861.6868951708,19.047552991831857,13.211059703996574,6.406814868480913,38.66542756430935,,,,0.1,2025,1,0.1317438077454885,Retail,neutral,1.2,89.36596746454317,20.307779157678674,21.70811848411893,1.0180371518662445,4.0
IPO_Synth_1873,,84.31432346575178,3131.913875686854,8.943757423846789,4.925854440461614,3.0747558457398902,16.944367710048294,,,,-7.593967720385476,2021,0,-1.0453209449370704,Auto,neutral,1.2,67.00205721250664,15.583677571235832,15.525525851266696,0.0,9.032203698149461
IPO_Synth_1874,,588.4635171047764,3980.6023352594566,6.839988101226296,5.049900311763784,1.0371574351131045,12.927045848103184,,,,-26.814739580177406,2021,0,-11.559908198151144,Pharma,bear,1.2,74.94764065636495,15.480188319985269,13.97405629310955,0.8125467285443282,11.782874910362013
IPO_Synth_1875,,157.89634524160957,1240.0325181975293,19.208966470197517,13.204297636396747,4.665050035970246,37.07831414256451,,,,-29.87469834661282,2026,0,-10.747315731296954,Auto,neutral,1.2,68.82951867412963,30.26143519889755,14.168969342923974,0.0,8.12079604779137
IPO_Synth_1876,,40.04,490.17342450543936,0.5,0.5,0.5,1.5,,,,-24.248087853668007,2019,0,-11.559908198151144,Pharma,bear,1.2,67.55565175346757,25.307254259992295,12.297059734957232,0.0,11.677838861680495
IPO_Synth_1877,,40.04,5773.561525177,109.61668762071793,81.176965549957,15.786105936550989,206.57975910722593,,,,62.117123708944746,2020,1,28.08623450703611,Auto,neutral,1.2,24.041150835358202,16.63128581283199,15.563497637736457,0.0,9.951526538744167
IPO_Synth_1878,,219.7464036369783,71.9742,107.1801131179855,56.20559283080934,26.302755453158323,189.68846140195316,,,,29.068798601173253,2022,1,51.44057600566099,Infra,bull,1.2,79.92526885490818,11.023019518357541,18.093959705430894,0.0,13.263503873514226
IPO_Synth_1879,,250.75814002115362,1685.1287362515848,49.974644970216566,35.48289506263517,9.529700535338856,94.9872405681906,,,,26.8663309833847,2018,1,43.13874360866544,Infra,neutral,1.2,24.0,9.793482996250455,8.927348534926688,0.0240528511609025,7.795058376237357
IPO_Synth_1880,,500.7147423362503,2641.0508393811397,13.985411424132824,8.813196750508471,4.693526576347621,27.492134750988917,,,,-27.191820567854244,2017,0,-11.559908198151144,Finance,bear,1.2,78.28778797233059,16.194946095494853,17.892505866702756,0.950024028794516,9.275350201049243
IPO_Synth_1881,,359.61386336741504,6398.8469399245205,111.00063818360825,63.69031666134652,18.181965591089696,192.87292043604447,,,,84.31165192439892,2017,1,27.978581118536393,Mfg,bull,1.2,61.79219866875129,20.646226117955297,19.200979829348164,0.38520131327433504,5.591034348032689
IPO_Synth_1882,,541.3149995620994,71.9742,45.11463005123745,18.647509336001107,13.928704365748274,77.69084375298684,,,,65.1040030689039,2019,1,43.06899794666581,Auto,neutral,1.2,75.03835698043542,20.710209008352578,17.574795878781966,1.6602848888460708,9.723773786116716
IPO_Synth_1883,,568.7449315841827,428.18059865572553,10.112691929876831,2.664846133152046,3.2786753616633506,16.056213424692228,,,,18.396268943291247,2016,1,2.404154111132073,Tech,bull,1.2,62.85121574562139,20.889917425506603,14.415248352987101,0.10720056521231125,8.735336924592357
IPO_Synth_1884,,667.7662137752045,71.9742,64.73165896873199,25.139713100865936,18.381723869299467,108.25309593889739,,,,36.20354475375665,2021,1,14.486358136763307,Infra,bull,1.2,78.78753474016047,22.005332283590782,17.38783736492091,0.0,12.880352192252582
IPO_Synth_1885,,40.04,71.9742,3.35680415327482,1.9902832924298866,0.5158378098357534,5.86292525554046,,,,-16.008821729891178,2026,0,-11.559908198151144,Infra,neutral,1.2,60.29066494852594,13.76983006313556,20.846764455702413,0.8441943165458725,8.12579429169105
IPO_Synth_1886,,40.04,989.4042634252944,42.11848440985842,28.706166976958126,6.95343607768646,77.778087464503,,,,48.77714501238812,2018,1,18.063654571666007,Mfg,neutral,1.2,65.0566802358535,29.046509047674025,14.738126134952887,0.0,8.72881349160111
IPO_Synth_1887,,604.3635184588477,3690.2592106343545,7.718087001757765,1.938577370787114,2.645601743839967,12.302266116384846,,,,-7.228117705710556,2016,0,-10.727555574566527,Retail,neutral,1.2,67.28568174911324,18.815681715879943,15.106245831359006,0.6258806492489317,7.974459477187701
IPO_Synth_1888,,487.0375426681793,4660.830388593161,25.67419063580369,9.088326816676116,3.0541315384126717,37.816648990892475,,,,23.36993470466054,2016,1,16.611403748117418,Mfg,bear,1.2,93.81556102628707,21.769056383186353,24.0,0.0,10.08149362800008
IPO_Synth_1889,,748.52852340345,137.34132766791546,6.5969439561300645,3.86933098762655,0.8527966875825727,11.319071631339186,,,,-16.324823345543432,2017,0,-11.559908198151144,Infra,neutral,1.2,70.80495138006418,16.06277684310272,16.38259703176442,0.22495095887953237,15.965544351916073
IPO_Synth_1890,,40.04,3256.694956949143,107.94257681904841,42.29379622310424,37.20159236337874,187.43796540553137,,,,31.081405378166284,2022,1,24.03968454379376,Finance,bull,1.2,36.296648828561295,21.86893579035192,10.46717712973775,1.2026918801592807,4.0
IPO_Synth_1891,,252.51602461332203,1007.1224203194727,10.0,3.2085142702680773,2.9422369354767994,16.150751205744875,,,,21.236700133553995,2021,1,34.463992806435485,Auto,bull,1.2,49.848364092943434,32.0,18.928370623581127,1.0804799802897374,9.85653293528676
IPO_Synth_1892,,313.58290424640074,2970.4959566449857,8.633304122590616,2.5120156579387203,2.4742701068573556,13.619589887386692,,,,-13.767854073470135,2020,0,-4.659375023160798,Finance,bull,1.2,70.7640722095754,14.063989289413339,16.808738556174,0.24925809978496327,13.52316922427756
IPO_Synth_1893,,471.7179128818488,4526.794018395113,2.5674597205716987,1.4607292456157897,0.5,4.528188966187488,,,,-29.519463740605616,2024,0,-11.559908198151144,Auto,bear,1.2,82.6754269848135,13.306434622575829,12.050623380992276,0.4486683483667642,8.456353829916333
IPO_Synth_1894,,427.0772880505875,1016.2021282301804,6.426075300882081,3.5178258140670606,1.4280969673167248,11.371998082265867,,,,-24.730257179861038,2020,0,-11.559908198151144,Infra,neutral,1.2,47.00083026674001,14.81278810938027,10.03221512635463,0.0028136865672329647,11.5809901414618
IPO_Synth_1895,,575.0524015774151,4325.064381163815,76.72970689593667,52.123010587942815,23.80083770402,152.65355518789949,,,,5.701630890644546,2022,1,6.524849452410212,Pharma,bear,1.2,96.0,18.001073053960184,16.07369036510891,0.20170105753869483,13.532126548482717
IPO_Synth_1896,,375.6579193101266,71.9742,3.4445522025236377,1.4033754407044499,0.6276582948012941,5.475585938029382,,,,-0.1,2026,0,-0.296508979180076,Tech,bear,1.2,63.16086848817035,16.871593841334377,14.729545637320191,1.1267738757753087,9.171476536718568
IPO_Synth_1897,,883.5926871730205,3230.624689542749,9.350428486076098,2.9767959532498836,1.3856519949200936,13.712876434246075,,,,-22.84540203646389,2017,0,-11.559908198151144,Retail,bull,1.2,67.57021324637813,13.756035554904539,9.400875934978238,0.0,8.042289079255148
IPO_Synth_1898,,992.5151826940448,4212.354450606396,12.420499875120992,8.068077808419618,1.2760365670051632,21.764614250545776,,,,32.25374745994548,2017,1,22.095314864529342,Auto,bull,1.2,37.42667710691747,19.702026113760343,14.601868081258527,0.0,12.806239413184008
IPO_Synth_1899,,40.04,3943.0443148945333,22.722231557206268,16.907452592334938,5.808611779521824,45.43829592906303,,,,16.909408334850195,2018,1,2.552181575458534,Pharma,bull,1.2,80.07857847245307,29.366845131278822,14.318526691270455,0.0,11.486113548545298
IPO_Synth_1900,,430.23143533797537,71.9742,13.063741717476095,5.619953367527159,2.265939673610828,20.94963475861408,,,,-23.316038525188016,2017,0,-10.99108218896172,Auto,bear,1.2,51.975884860480974,19.10108714702238,14.71913483056537,1.1466976559816136,9.812891873867057
IPO_Synth_1901,,687.4056094571808,986.0586946218409,19.749458635793125,13.482457864913801,6.239211580957513,39.471128081664446,,,,10.457927926574584,2025,1,0.28831016601454496,Mfg,bear,1.2,46.57410903525496,19.421365749823078,17.212153544694324,0.18013829112526225,11.833743262303004
IPO_Synth_1902,,614.7618205895922,2308.3130635955386,61.767676689405185,38.992250221814906,10.554831048581022,111.31475795980111,,,,17.916918949502232,2025,1,35.476695602759285,Auto,bull,1.2,54.29052745415979,22.0576570415028,7.0714790416870805,0.0,12.880995158037981
IPO_Synth_1903,,275.5084897572901,2675.0074042395986,10.0,7.05792647379374,1.3789395304612584,18.436866004255002,,,,82.70824642573969,2022,1,25.339950924682835,Mfg,bull,1.2,84.88999520961488,23.885988644788934,9.995421169546484,1.3223492810387407,9.840940078823461
IPO_Synth_1904,,501.8803150071763,1823.388591374311,26.076674509318554,12.052280098586792,8.868986739387212,46.99794134729255,,,,11.560578372361599,2017,1,9.476644156062283,Infra,bear,1.2,68.38336902659142,28.23936784359739,12.808746004083634,0.3989560361542741,10.916373354762692
IPO_Synth_1905,,40.04,5241.848710373551,86.49580994861718,26.005030341529512,29.51187326855191,142.0127135586986,,,,11.249777252133638,2025,1,25.68987189905461,Infra,bull,1.2,43.99646574526641,21.440248325653542,20.96780588889549,0.0,11.567403160497983
IPO_Synth_1906,,408.28349177111784,71.9742,12.609293745275437,3.8985175226347715,3.4203460430807535,19.92815731099096,,,,-10.611435563982255,2026,0,-11.559908198151144,Retail,bear,1.2,50.45317851215345,19.984061487009605,24.0,1.338112790053513,8.614396747787536
IPO_Synth_1907,,40.04,896.4140782944166,94.32015386730251,59.57253469126802,31.32338596600126,185.21607452457178,,,,17.150930006211038,2020,1,12.991337422932387,Auto,neutral,1.2,85.37219834967837,14.050804561755784,15.021793301163756,0.10405580051312946,13.56391620707376
IPO_Synth_1908,,588.3404934757219,71.9742,67.79167714953837,46.211275955479806,9.521910187946604,123.52486329296478,,,,20.03980670002648,2023,1,15.479215353114887,FMCG,bull,1.2,55.74514172618135,24.43976776260361,15.204952418729201,0.0,6.907279834350826
IPO_Synth_1909,,40.04,3138.840794067636,17.023815159073663,8.146038050925721,3.6615709434831922,28.831424153482576,,,,12.78187887858907,2022,1,2.1222247306494935,Auto,neutral,1.2,70.0874260639315,14.93290156374395,6.0,1.4040048218973964,9.606249642729987
IPO_Synth_1910,,470.51190549331847,2965.4089602599106,100.36694848064093,28.08121130566553,15.159396070883215,143.60755585718968,,,,22.14269469593678,2021,1,21.715259755230935,Mfg,bull,1.2,74.49268264197913,14.747005164798807,19.07008063602083,0.0,12.302514737719601
IPO_Synth_1911,,523.8547712567291,10074.97379999999,0.5,0.5,0.5,1.5,,,,-8.370819723895837,2019,0,-4.599935327620909,Auto,neutral,1.2,24.0,21.158805252918235,17.023397790167433,2.5,6.830712405433071
IPO_Synth_1912,,440.7361141483167,4193.317595006943,128.85232982434408,70.77860732569165,38.37151509350638,238.0024522435421,,,,23.08641336985159,2019,1,23.324663105395842,Retail,bear,1.2,82.75903706549589,29.249150291656836,16.274111229987057,0.0,12.613987235362528
IPO_Synth_1913,,198.95595321551426,2384.292735538034,93.94011202362208,66.63286518931619,29.237165352128155,189.81014256506643,,,,14.68915439676391,2019,1,24.234480785861617,Tech,bull,1.2,44.65767322424889,24.35874194975437,9.392040438613751,0.0,10.570881900250276
IPO_Synth_1914,,342.96327603703196,2185.246202036547,10.049834388624406,4.520332665740647,1.015446307042271,15.585613361407326,,,,-25.124008629417485,2019,0,-11.559908198151144,Auto,bear,1.2,53.50941330039972,19.774802380556384,23.90949583268613,2.19991230281918,13.975536099594404
IPO_Synth_1915,,818.2594122821488,697.6538384745224,72.14029609596406,41.503027081175276,14.23875220167436,127.8820753788137,,,,65.47103771161404,2024,1,38.052203460635646,Pharma,bull,1.2,87.70774761507433,14.110461675464727,21.842443225651024,0.38923204546199686,11.838354880884141
IPO_Synth_1916,,269.78188027389507,1861.42199819995,10.442202947445725,5.440428298130872,3.6392870383769216,19.521918283953518,,,,-9.198615831184265,2025,0,-11.559908198151144,Tech,neutral,1.2,86.04464453252757,29.13267962639152,16.32459143174962,0.7014862117622281,9.511673548756505
IPO_Synth_1917,,422.14230640044815,2240.82895775302,0.5,0.5,0.5,1.5,,,,-4.054676893122303,2017,0,-1.0422105749097834,Pharma,bear,1.2,68.87003826374782,19.6605210858334,19.46397640285729,0.8273725343678056,10.694814674049818
IPO_Synth_1918,,224.63092926256567,71.9742,44.833500412206405,29.86780026789043,7.8032251252723865,82.50452580536923,,,,0.1,2016,1,34.482072236507776,Retail,bull,1.2,73.11190106606605,18.25876276940704,15.229994806312712,0.0,10.802568578656663
IPO_Synth_1919,,763.3855066345595,2034.3242228626423,14.411620260820081,5.039372939556365,2.842671415922154,22.2936646162986,,,,6.658610818122589,2021,1,5.423815659218606,Retail,bull,1.2,77.60331100998009,23.3310016763192,18.694846751009266,0.0,16.0
IPO_Synth_1920,,441.40797452519456,1784.6923828142176,12.192495044471139,7.17859419692028,2.202463725036755,21.57355296642817,,,,-13.122284038777266,2024,0,-11.559908198151144,Pharma,bear,1.2,85.74194300021648,17.311695651565504,9.117366865023472,2.3993742777512583,10.254071761382631
IPO_Synth_1921,,153.85940284156538,6087.351939194181,18.18376193267232,12.251338567139076,3.853132016545059,34.28823251635645,,,,-6.850578996676544,2022,0,-11.380674867103693,Finance,bear,1.2,88.03353492829989,15.481977105260984,6.0,0.0,9.586018017123813
IPO_Synth_1922,,417.2559731203632,1179.038242285157,104.72814219139053,74.893680313806,22.11037906037838,201.7322015655749,,,,82.78882578174277,2025,1,34.515785349084105,Infra,neutral,1.2,61.93864016916233,16.057436537675166,9.287288152551533,2.083658841801177,9.413592885780774
IPO_Synth_1923,,332.48901461400516,71.9742,1.6282899157407176,0.8873586859046675,0.5,3.015648601645385,,,,-15.849291496009474,2023,0,-11.559908198151144,Pharma,neutral,1.2,46.72796895449263,16.041424376502793,11.370828338807906,0.972120736397146,10.566567884476372
IPO_Synth_1924,,890.5083788762158,2220.7424296840104,98.08354620286156,33.14788543144988,21.1984537247749,152.42988535908634,,,,70.9048114213366,2023,1,36.725189214834955,Infra,neutral,1.2,55.40725114073453,13.235797572411581,12.103968598030866,0.6208718584897444,6.597062645050693
IPO_Synth_1925,,399.55746763378477,1715.2942670717634,14.691947951423659,7.773745349947629,3.3648736442418987,25.83056694561319,,,,30.349820654577535,2021,1,11.098201850303493,Retail,bull,1.2,62.28960118343713,12.566464571653231,17.016507527033042,0.0,8.851707455591267
IPO_Synth_1926,,40.04,1181.8263403670715,10.299385265590944,6.003609575509907,1.102005772203731,17.405000613304583,,,,-14.110289463813116,2016,0,-11.559908198151144,Pharma,neutral,1.2,59.04478731154657,25.832178872823963,13.841977654880575,2.5,6.9635946617352795
IPO_Synth_1927,,585.1481255181449,71.9742,3.4554470231907284,1.3346475140384584,0.5,5.290094537229187,,,,-16.193875636200996,2017,0,-0.329430530326504,Finance,bull,1.2,41.780005340189255,24.013046783270834,14.871011206402661,0.0,7.355606595507833
IPO_Synth_1928,,1024.9242145034316,1115.6626845747644,12.2202413815922,9.000216833509498,2.355891373140389,23.576349588242085,,,,-7.0502002790112615,2024,0,-9.72473213859199,Tech,bear,1.2,67.86229513292024,15.063212841895734,9.66925595993574,0.0,12.41230049368002
IPO_Synth_1929,,823.6766973012503,71.9742,36.09997396094215,13.16432934062651,11.596589252616832,60.86089255418549,,,,64.06400921123969,2019,1,31.03822268064884,Auto,bull,1.2,31.77982189026678,25.330414152068393,9.279752780864593,1.1188442768000928,10.078813461858111
IPO_Synth_1930,,40.04,958.2840887333749,82.4841275286804,58.20709069519382,24.556190894762125,165.24740911863634,,,,47.11930859244463,2023,1,28.142484362918395,Finance,bull,1.2,61.53697455929174,21.85587663751599,15.184965181354414,0.0,7.774430166314421
IPO_Synth_1931,,323.0283641442211,3427.5176615019,0.5,0.5,0.5,1.5,,,,-29.1603930336737,2019,0,-11.559908198151144,Finance,neutral,1.2,62.691003105001684,18.057238146739497,12.560527326696018,0.0,9.54915661142273
IPO_Synth_1932,,404.3411477937127,71.9742,18.087431555781784,4.526869598188331,4.0462984300662255,26.66059958403634,,,,10.53919847928254,2016,1,3.5559329429480018,Retail,bear,1.2,62.074333233653086,12.64501603207213,15.020544201316266,0.3886730828011925,9.261841874260748
IPO_Synth_1933,,408.4860589516769,945.91759071418,18.72857827900991,9.769660538935392,4.703622835652835,33.20186165359814,,,,1.9681061737989054,2023,1,-6.390917474214444,Tech,bear,1.2,75.32186638877084,22.048682584548015,17.449797143334862,1.1344855362152582,10.158076747181456
IPO_Synth_1934,,544.9532517236922,2930.491952862765,131.20332378184696,74.0174278922176,28.903739385193212,234.12449105925776,,,,67.432451323978,2025,1,40.285823579229884,Auto,bull,1.2,72.93490907602457,31.19228327941673,22.37768754789982,2.326480911672214,5.478686991104697
IPO_Synth_1935,,297.2820633209818,820.5347775461207,5.737481442258434,3.9283484133706943,1.5743170528273407,11.24014690845647,,,,-14.550103804067698,2020,0,-11.559908198151144,Tech,bear,1.2,96.0,20.087429237807992,14.907965209866441,2.5,6.72621647596499
IPO_Synth_1936,,102.05797501153027,8313.310064081359,202.46563491354274,105.33914837228704,70.72444311097419,378.529226396804,,,,50.448373239588946,2017,1,47.01062816213243,Mfg,bull,1.2,50.68118789122294,25.99191785957424,23.1600475511986,0.0,5.675618093357121
IPO_Synth_1937,,739.9435779686905,2169.554219813652,13.93940846855265,4.14090607049787,1.7301389228158786,19.8104534618664,,,,37.368173079109326,2020,1,11.570172238283048,Auto,bull,1.2,65.02799696012258,18.729692841823393,16.828236708949397,1.4897633496810085,7.3012177086929295
IPO_Synth_1938,,40.04,71.9742,0.5,0.5,0.5,1.5,,,,-17.790962708219766,2026,0,-11.559908198151144,Retail,bear,1.2,63.874261912246695,25.53100960587523,18.102764901187335,0.0,7.831833978977025
IPO_Synth_1939,,140.83045482848817,71.9742,7.09352325331895,3.7785594912322966,1.6179820470473751,12.490064791598622,,,,-10.289760466205319,2019,0,-2.3672890079796387,Auto,bear,1.2,63.02735456443482,19.098730490973555,19.738882958706913,0.0,6.896361239378907
IPO_Synth_1940,,40.04,71.9742,13.782814851923401,5.316935785718157,3.316072196634658,22.415822834276216,,,,-12.483299562527232,2016,0,-5.058444524794305,Infra,neutral,1.2,37.232623778017796,8.0,18.23885960615103,0.0,12.293248468593749
IPO_Synth_1941,,623.9451685874259,71.9742,17.452467527898754,12.206767290193406,2.473745278729484,32.13298009682164,,,,-16.213370047718684,2024,0,-11.559908198151144,Mfg,bear,1.2,38.697433632501486,15.669588823166075,11.392319301635586,0.0,15.519846363163609
IPO_Synth_1942,,451.19117471289945,2919.4897446066648,38.485454691308405,11.948068654002236,9.990417929620667,60.42394127493131,,,,30.81575425245711,2018,1,14.343071031234919,Retail,bull,1.2,60.11639645954366,20.79356465603774,19.873747684961728,0.0,12.476744882251813
IPO_Synth_1943,,716.6143884109757,71.9742,6.690493863357689,1.9987276339402131,0.7432150539547255,9.432436551252628,,,,-20.05761993631766,2016,0,-11.559908198151144,Tech,bear,1.2,31.633909473980392,26.49574651674069,13.316628335074475,0.0,8.303802609451704
IPO_Synth_1944,,146.61115417228518,659.6644183386098,6.166499572788434,3.1911915673767157,1.7591843736659818,11.11687551383113,,,,-27.73018273706415,2023,0,-11.559908198151144,FMCG,bear,1.2,53.98430360926804,19.079002060197947,16.357599238525964,1.8947968979316727,10.630561905553385
IPO_Synth_1945,,40.04,4496.265924998438,1.9177580010788882,1.0786278640814027,0.5097206716798901,3.506106536840181,,,,5.292994998438258,2019,1,4.073532402755051,FMCG,bear,1.2,48.34428719112687,20.17889212151965,15.59783043885526,1.3468599293447299,9.800761078509138
IPO_Synth_1946,,263.191816975001,168.83852895822537,12.885996238084953,6.513608013932011,2.353059160843447,21.75266341286041,,,,-24.81200552402965,2017,0,-11.559908198151144,Pharma,bear,1.2,54.63640608614485,16.47638825231327,20.14843364547341,0.4321896713391271,8.173539448999076
IPO_Synth_1947,,352.4836017599915,3269.6063484629803,9.902785972985804,7.075501199826631,3.438716090432021,20.417003263244457,,,,-15.354764187027795,2016,0,-3.9880398966134565,Infra,neutral,1.2,80.38188520080618,29.365559076346777,16.768800975881668,0.0,13.974151068315713
IPO_Synth_1948,,486.2464182445953,71.9742,8.13458540095685,3.1026156128543154,2.4989006731720838,13.736101686983249,,,,-0.6278415880235242,2018,0,-7.384690749114987,Mfg,bear,1.2,40.58995896463573,29.004137126073942,8.762277725286735,1.683968007348012,16.0
IPO_Synth_1949,,40.04,557.0846171655319,9.866443513567399,7.351660099033994,2.317468818036382,19.535572430637774,,,,-11.096203283366355,2017,0,-6.564717313146053,Tech,neutral,1.2,75.65638471007847,15.942534052753668,24.0,0.38534226130120947,5.5899720602689005
IPO_Synth_1950,,578.3497571929868,71.9742,129.73129061569963,33.687929719041286,45.09817752387795,208.51739785861886,,,,37.4533100417822,2016,1,55.59702754837255,Mfg,bull,1.2,49.716821566341494,10.901536035474631,18.757202333397775,0.0,14.320801757315966
IPO_Synth_1951,,109.36281915510375,2302.055158307649,25.18714166863348,7.789551675185525,7.745616827211185,40.722310171030195,,,,21.874709813112645,2020,1,13.511659942093502,Auto,bear,1.2,51.958450883023325,9.156811507892833,12.522783275189939,0.0,8.227056425885877
IPO_Synth_1952,,193.67408447824803,71.9742,16.01252001848259,5.489702788231565,2.1535929919190897,23.655815798633245,,,,13.713131966640276,2025,1,17.60125460242944,Tech,bull,1.2,68.37982180779649,23.62045115852358,9.88215363186102,0.9871904937929066,9.213045631987228
IPO_Synth_1953,,815.7446107037874,6908.951406947688,14.17062838994357,4.106476125960531,3.5109878834703303,21.78809239937443,,,,-15.85943297126609,2020,0,-11.559908198151144,Pharma,bear,1.2,55.06532699779367,20.811325550206426,19.271712513975757,0.11460370005190651,10.848032731439233
IPO_Synth_1954,,40.04,71.9742,9.042928941444474,4.242118748855611,2.217456477549268,15.502504167849354,,,,-3.532327058918665,2016,0,-1.8627746730065566,Retail,bull,1.2,43.93558017634052,15.309232759109673,10.414201591136155,0.7101809535222147,14.642972824353386
IPO_Synth_1955,,524.9842031416445,4478.134500045168,31.610866630273872,21.58029887356134,8.321127348053981,61.512292851889185,,,,23.192452962759866,2025,1,16.950493353161736,Auto,neutral,1.2,53.33500852108978,21.631050251033905,18.60322592632122,0.6176738537630565,10.84374788983231
IPO_Synth_1956,,523.6952642243859,3807.8684313462873,8.873837531569361,5.860101842519593,2.9744140407597,17.708353414848656,,,,-11.131507940069007,2022,0,-9.882822877997036,Tech,neutral,1.2,28.020593908079228,12.618050738042708,19.810872861121233,1.0847651780393677,11.237372261993997
IPO_Synth_1957,,135.1367536253624,2328.3192828032,102.40597795891483,63.7352715823102,22.837350113161694,188.97859965438673,,,,0.26833089496883034,2026,1,31.943702705187263,Finance,bear,1.2,66.86132135640592,24.769539255244997,12.076045546155923,0.666627273331217,12.560100684322675
IPO_Synth_1958,,262.13175136512274,1663.4573092129358,15.654269337312991,3.971561721091279,1.8682645022867863,21.494095560691058,,,,-4.594164837654751,2022,0,-11.559908198151144,Mfg,bear,1.2,24.0,17.706140718206083,11.674559411462567,0.14445854432292976,13.03342309633798
IPO_Synth_1959,,831.9143509227612,6350.1061373081375,4.931787090726123,3.367685676241616,1.0841687630773893,9.383641530045129,,,,16.773199225835775,2021,1,6.093021050760779,Finance,bull,1.2,75.98435249406212,13.511245578732233,12.884021763980245,1.0041195408557884,11.533403489177731
IPO_Synth_1960,,1085.3289211717256,7953.527066047605,17.599874829233546,7.889135901466657,5.226258133143179,30.71526886384338,,,,-3.190668195682261,2021,0,-0.392985816892962,FMCG,bear,1.2,71.07471511989476,17.79791180322538,10.550039437235677,1.400413012647044,13.052025389704113
IPO_Synth_1961,,778.5173371083227,982.269632660575,42.745441949259536,26.32345006925842,8.10676683628415,77.17565885480211,,,,37.847191539971874,2016,1,15.847105279195153,Mfg,neutral,1.2,88.82582629491688,17.59114777884194,16.033058507368455,1.9959817850839914,8.206327830581335
IPO_Synth_1962,,1059.0090933673398,1932.4344102090631,2.950773994011211,1.8101798734410084,0.5,5.260953867452219,,,,-9.263606880020687,2020,0,-1.571181085580589,Finance,neutral,1.2,96.0,22.19035021041749,16.675256811757727,0.0,4.796557155313324
IPO_Synth_1963,,178.6729081174171,83.90983386374285,24.940784687125337,8.448953030428747,4.38485944506347,37.77459716261755,,,,0.701291755651664,2020,1,6.427888092785937,Tech,bull,1.2,76.84387727386559,26.99598547461758,18.273714611880738,1.5618571959539427,15.474994386653375
IPO_Synth_1964,,40.04,71.9742,44.88900148529149,22.790030410685066,12.144157618769839,79.82318951474639,,,,5.601860665300383,2019,1,7.180265253380795,Retail,neutral,1.2,48.706709399306725,26.68480364847654,11.250041582867704,0.0,6.886944463545484
IPO_Synth_1965,,396.84732511891013,2727.22307726642,0.5,0.5,0.5,1.5,,,,0.627578445506918,2025,1,-3.6033815920760808,Mfg,bear,1.2,96.0,20.95778910603114,18.779817159336826,1.464317138762522,8.39846304093702
IPO_Synth_1966,,689.7503777235859,2171.5217830191846,99.10948504417702,37.81267839553992,19.22636815039869,156.14853159011562,,,,28.066373663551246,2026,1,22.789507259753318,FMCG,bull,1.2,38.50920132279994,18.876856085790198,10.555457778647293,0.0,9.005418054516193
IPO_Synth_1967,,40.04,71.9742,24.472390807539025,14.867318169168342,3.2617465364225127,42.601455513129885,,,,18.10840950138876,2021,1,17.450131466737776,Finance,bear,1.2,25.751334608843138,16.58813859364451,18.777265476968704,1.291510083769282,8.488333559918827
IPO_Synth_1968,,98.35756949242298,2708.714214667501,62.94645499391698,45.88957206187275,13.784149919323095,122.62017697511283,,,,32.5128823803496,2024,1,10.372914635238693,Tech,bull,1.2,93.34435095315919,9.391880645198496,8.310032926898781,1.9426361605763105,7.821558324511643
IPO_Synth_1969,,136.29468985323737,2258.765493437528,0.5,0.5,0.5,1.5,,,,0.1,2018,1,2.9744752073027767,Mfg,bull,1.2,70.82804729893269,19.884718121797945,22.05482961310576,0.6793111600078595,11.390754171207858
IPO_Synth_1970,,536.6191403532373,71.9742,128.01362113317123,56.814600340497236,16.290916615417153,201.11913808908562,,,,88.19252355115867,2026,1,29.530133222990592,Retail,bull,1.2,26.235283980963438,14.893931223134524,12.653176019487566,0.4526561885737128,11.422685749700538
IPO_Synth_1971,,492.5736997039763,71.9742,63.97103602654623,30.468205297059466,17.556831517089293,111.99607284069499,,,,3.9347290488290865,2023,1,7.186668205471226,Mfg,bull,1.2,35.60353436499046,27.31003235716507,17.69589987099775,0.40160109512051434,11.859810884666636
IPO_Synth_1972,,150.0381626065466,2624.8419084191346,23.687354425522155,15.503838237170434,3.3043953500123227,42.49558801270491,,,,10.979002495706224,2024,1,5.652999797025929,Retail,bull,1.2,69.92313055981559,18.7956752142445,18.053076750659372,0.029416355337052447,11.671599591063341
IPO_Synth_1973,,476.24304009955625,5709.58390684144,79.16413122029188,37.17882948236839,10.979981770725056,127.32294247338533,,,,40.234084722415886,2022,1,14.556536776166121,Infra,neutral,1.2,44.340632906447894,24.482515961165458,9.287095571893444,1.6244111684834146,8.749955236782956
IPO_Synth_1974,,40.04,2558.7686731690465,153.58425983173666,75.73592758271812,38.10883073319205,267.42901814764684,,,,67.22241338239331,2025,1,49.00949657193434,Infra,bull,1.2,46.92931987376088,17.10492253949041,18.758099239169393,0.3922208687540766,8.745022156907494
IPO_Synth_1975,,269.1614194459452,3553.3201377507717,5.19326311461495,1.875592388332621,0.575924844869094,7.644780347816666,,,,-29.07068159401635,2021,0,-11.559908198151144,Infra,neutral,1.2,95.39560380876115,15.947105211306575,12.52163431846005,0.0,13.357579913001747
IPO_Synth_1976,,40.04,71.9742,84.26938204998386,62.71095946718597,9.122005315297574,156.10234683246742,,,,82.09338978887713,2026,1,28.952551209514443,Auto,neutral,1.2,96.0,23.628741604831454,13.622668708420566,1.3841648343810513,8.4358444724811
IPO_Synth_1977,,363.50297528856555,443.44745432046824,0.5,0.5,0.5,1.5,,,,-28.468116375526815,2023,0,-11.559908198151144,Tech,bear,1.2,62.641723269451774,21.665803817906063,11.983999827632415,1.3316408739886212,8.376246374761648
IPO_Synth_1978,,141.38631133668937,3104.3986742294546,12.230160520315772,6.728143430753896,2.339310143301231,21.297614094370896,,,,28.374141383975545,2020,1,16.99314092812888,Tech,neutral,1.2,57.29111722033102,21.933243582189082,22.26207107901856,0.5431193216865245,12.788492778601224
IPO_Synth_1979,,650.6443986259992,71.9742,54.10198596923367,39.50960024667372,12.77644641055588,106.38803262646326,,,,57.60732995756739,2018,1,46.37982369981956,Mfg,bull,1.2,76.24419321593938,19.43732446791044,9.735113621437659,0.0,9.944248485451885
IPO_Synth_1980,,405.87695403735626,2061.1034884529604,87.33498285575493,51.833214804350916,30.424988790200516,169.59318645030635,,,,24.726855427947488,2025,1,22.866872507168292,Pharma,bull,1.2,49.891080810453886,24.736340527387515,16.936295012687058,0.0,8.484800384348638
IPO_Synth_1981,,337.3699786040865,2806.1187328830492,40.21349062077484,29.337865334014552,8.391615462258253,77.94297141704764,,,,23.322333862950973,2016,1,15.98355000339341,Tech,bull,1.2,24.0,23.868637214400476,12.1935244988417,0.0,8.513150258171487
IPO_Synth_1982,,1018.788286550379,1421.4694238661257,0.5,0.5,0.5,1.5,,,,11.240852471898693,2016,1,0.16111458427428527,Auto,bear,1.2,24.0,8.0,19.909824657070697,0.6988143281177178,13.371710591245618
IPO_Synth_1983,,545.7478895782475,2353.075465084878,17.291273535607143,6.272041230596712,5.702850600091951,29.26616536629581,,,,15.41886828958569,2016,1,12.962706274897887,Infra,bull,1.2,58.67522992724312,18.455279952660216,24.0,0.0,11.758071159413712
IPO_Synth_1984,,289.0658737994831,1672.2723905908204,52.56228382578941,36.40417690213374,11.605477670504017,100.57193839842716,,,,4.165303545636192,2017,1,6.835437914596599,Finance,bull,1.2,75.8738146355885,26.088444656405656,12.163446325944657,0.9244154553581607,10.709607068020594
IPO_Synth_1985,,215.42637258266595,71.9742,19.98443390946843,9.191584492237338,5.901006270603251,35.07702467230902,,,,-10.476402363600258,2018,0,-4.719904194296807,Infra,bear,1.2,60.287999182560306,13.882790052669304,15.630264635606508,0.572562182929945,6.500982246104629
IPO_Synth_1986,,40.04,71.9742,4.856981598611893,2.115598469157579,1.151896977637589,8.12447704540706,,,,0.1,2021,1,6.017066396504351,Infra,neutral,1.2,74.57929383218372,9.845625074834897,13.266589848430973,1.7872729343294762,10.722364150819637
IPO_Synth_1987,,392.3170852908132,1286.69145521815,24.559212876633797,15.402744518061617,6.368248399122148,46.33020579381757,,,,38.6909177791535,2019,1,16.58426687679561,FMCG,neutral,1.2,76.37700452412594,19.167308939897428,19.67132034378537,1.201246785952126,9.361615432280184
IPO_Synth_1988,,519.8985079552155,4917.3141737039205,0.5,0.5,0.5,1.5,,,,-2.900183526114729,2020,0,-4.313896897586711,Mfg,bull,1.2,84.94873201874191,23.124415153384028,13.880842011638133,0.0,7.262663163427011
IPO_Synth_1989,,40.04,4188.166577439004,6.674947280332146,2.8170667146359802,0.6686691321377486,10.160683127105875,,,,-9.244217928670052,2020,0,-5.159364053251986,Mfg,neutral,1.2,63.352761913596616,17.237111910134157,19.0748507387736,0.0,8.195216696454288
IPO_Synth_1990,,40.04,622.8939692218169,7.1184561458421,3.195690608787054,2.3151708875042165,12.62931764213337,,,,-1.8764916835992402,2020,0,-11.559908198151144,Retail,bear,1.2,64.96575563350191,27.757677558222625,13.21021082473759,0.0,12.088470772357427
IPO_Synth_1991,,238.52869485328392,568.8254515998548,51.340277118061735,23.318336940338163,11.521939263966225,86.18055332236614,,,,24.67194149447598,2016,1,20.747109641059087,Infra,neutral,1.2,59.337608545035366,31.061732311225143,24.0,1.8812356118503253,13.727268224694603
IPO_Synth_1992,,40.04,377.22881369529887,144.07369621778008,45.11893474594912,36.26206597424816,225.45469693797736,,,,42.866198616081505,2021,1,24.093034638697922,FMCG,bull,1.2,55.34874827431437,8.449534769810668,6.0,0.7943629182125784,6.827774547230948
IPO_Synth_1993,,429.59822943657684,377.56334341821616,2.0,0.7295539294701784,0.5,3.2295539294701783,,,,28.46854102677472,2019,1,17.304520806615514,Finance,bull,1.2,31.703460699520193,17.6960341236102,16.69589520661952,1.0973382550482693,7.206194079529081
IPO_Synth_1994,,477.04263961658705,2270.7639000411186,79.71424204952586,41.352970000687364,13.171156898807999,134.23836894902124,,,,67.13921426645678,2021,1,33.17966707415322,FMCG,bull,1.2,81.09571361749532,8.0,14.952563924472287,0.0,12.082404971999866
IPO_Synth_1995,,373.04362413729007,4274.325422366355,25.62422354566286,16.42291274844235,2.985268103360563,45.032404397465776,,,,28.839503072936495,2016,1,14.19245458405927,Auto,neutral,1.2,53.09231571918532,23.966054500182693,14.789693541124954,0.9847632523433154,8.772421153875266
IPO_Synth_1996,,602.7538289357205,7411.714238507012,110.93957433632433,50.97941273455345,37.306918409730045,199.22590548060782,,,,38.17421951560149,2025,1,20.77494024767341,Mfg,bull,1.2,52.06113014300365,15.920865299813478,16.284274014909922,0.0,11.65825606346355
IPO_Synth_1997,,215.0243498267889,71.9742,11.975793665793061,5.289425430971049,3.065432546415303,20.33065164317941,,,,19.773620645763383,2023,1,18.866626382737294,Tech,bull,1.2,50.25087700321209,17.145167081309527,15.262952674109394,1.4352026594610057,8.732070937685807
IPO_Synth_1998,,399.1416367931183,3216.750608675239,30.536647536982446,17.566453132983096,9.721881764633103,57.824982434598645,,,,16.191417723769774,2019,1,10.309586456633408,Retail,bull,1.2,35.8730190432351,26.888551635785475,15.985673108812541,0.0,11.730983553520478
IPO_Synth_1999,,72.10439898333401,2933.4318003972676,17.964468171237588,5.903608059049503,3.102500853341669,26.97057708362876,,,,11.697972634268638,2019,1,0.8023370599848655,FMCG,neutral,1.2,58.46022229123906,12.029621102701338,16.836452358258523,0.0,5.878806082939519
IPO_Synth_2000,,512.044140096311,663.4629758658072,143.50368051852297,63.19545658586871,24.323836149429276,231.02297325382096,,,,53.14198671789275,2019,1,60.21102667165032,Tech,bull,1.2,69.29565003525174,10.522630576881735,22.870414596652385,2.5,11.64798884361756
IPO_Synth_2001,,440.75123492014285,71.9742,20.10197967363818,7.117470113099308,3.6976809879212724,30.917130774658762,,,,20.13312189875064,2026,1,2.5093160648428743,Mfg,neutral,1.2,47.30482475949856,8.0,6.0,0.6348864857958189,4.0
IPO_Synth_2002,,40.04,2238.5491396169828,0.5,0.5,0.5,1.5,,,,-12.669743958069663,2023,0,-2.1206384345944493,Infra,bull,1.2,78.67681992126388,27.623165158294825,23.311858129809277,0.6072081250037561,12.775976450750804
IPO_Synth_2003,,361.85600309500643,7039.678318317421,65.62616406396701,20.09355065487602,14.732593340304334,100.45230805914736,,,,10.765126980245753,2021,1,21.68391001711734,Infra,bull,1.2,53.36859556262024,26.229313744533304,24.0,0.0,9.897942330040276
IPO_Synth_2004,,401.9026705477914,2222.0829991009277,13.34793106530116,6.325736829086392,4.459015014524771,24.13268290891232,,,,52.364475889109244,2023,1,17.74157309367678,Finance,neutral,1.2,32.41222473329487,18.236671562829354,7.120142771340159,1.122560310102219,11.323697348621202
IPO_Synth_2005,,510.8117654078879,71.9742,7.002735112626189,3.838136290515907,2.233982219133714,13.07485362227581,,,,-4.026481457074657,2016,0,-11.559908198151144,Tech,bear,1.2,84.72657076340408,12.348527195791341,15.215353789645615,1.386019721569948,10.711362259508903
IPO_Synth_2006,,523.486854693656,1112.4173208480588,86.06778658138145,57.39324669323689,19.259828710124545,162.72086198474287,,,,68.55565104113471,2025,1,36.588562102305026,Tech,neutral,1.2,63.57232815472347,25.004583829703755,21.1708167125706,0.3007050377192696,4.882459303100551
IPO_Synth_2007,,168.47520036958505,71.9742,21.84570174935794,13.37559098080013,4.089310377387289,39.31060310754536,,,,11.917499379627422,2022,1,10.252134668764356,Pharma,bull,1.2,75.53909782147844,32.0,19.133399569621673,1.3899078434108134,14.100482607489136
IPO_Synth_2008,,675.6722674685967,1569.9521953784415,7.536034734403849,5.436733298475407,1.9060286054997213,14.878796638378976,,,,-22.246135795430614,2019,0,-11.559908198151144,Pharma,bull,1.2,75.96347377218551,18.585874255395087,22.542942843039512,1.6705088882195915,11.00345798047872
IPO_Synth_2009,,593.490485365473,3300.6371346823394,224.78758913994574,132.61101132233432,56.88576635301382,414.2843668152939,,,,69.20345565708787,2023,1,38.01927214570121,Infra,bull,1.2,42.97002343527139,12.782576641215103,16.673744877503392,1.02572259491822,12.26898578734225
IPO_Synth_2010,,167.31597724314793,71.9742,69.36342702762255,29.45135163650603,18.793397825696953,117.60817648982554,,,,52.43933080824265,2016,1,25.83207648402582,FMCG,neutral,1.2,50.605552126930824,27.45015647348425,6.0,0.0,7.602349957595732
IPO_Synth_2011,,40.04,71.9742,6.723152003755199,2.459745443461185,1.57254529709554,10.755442744311924,,,,-30.82910203319254,2021,0,-11.559908198151144,Mfg,bull,1.2,78.61714935462348,13.20507028316318,20.870832654389297,0.0,10.722326388181772
IPO_Synth_2012,,193.4226789671886,2242.4743014056135,51.68494398903579,14.383465179195033,5.514205430202453,71.58261459843327,,,,108.86028476414225,2026,1,50.75381594173816,Retail,bull,1.2,93.03391527396943,17.799952920036365,17.859640658921244,2.1868958444469744,6.070306129579273
IPO_Synth_2013,,40.04,216.26293034159605,116.38739959997021,45.250700335005675,13.851454060668397,175.4895539956443,,,,37.16461780393306,2024,1,26.548921971621958,Infra,bull,1.2,61.13915697623331,8.0,21.59854591675354,0.5823844283759312,10.447680080450034
IPO_Synth_2014,,485.8741594954474,71.9742,75.49077514330591,24.038100585017737,25.926834630173747,125.45571035849738,,,,15.734953048279639,2016,1,12.070089088251795,Mfg,bull,1.2,48.71058220586958,18.180360065267795,8.09704500832855,0.5868804765805741,7.181304547089651
IPO_Synth_2015,,819.1093648443709,71.9742,60.601798162695104,26.338292269357456,17.36598000065467,104.30607043270723,,,,38.68936655837131,2022,1,46.70740730327984,FMCG,neutral,1.2,90.28205066659152,12.330276673458783,9.528046442317777,0.0,16.0
IPO_Synth_2016,,900.402052279652,2563.60048925139,86.99508839335283,52.30919576209708,29.32271452999104,168.62699868544095,,,,47.27438992019789,2023,1,15.738396633362791,Infra,neutral,1.2,48.720716328661716,27.55299711604957,15.074053155230116,0.0,11.815477146470881
IPO_Synth_2017,,42.71851173291762,460.0189744208924,15.03598782622247,8.96170453825592,2.7798744835227662,26.777566848001157,,,,40.50826380435621,2021,1,11.682966786936163,Finance,neutral,1.2,65.92146943946797,14.14313815989621,20.99892288401373,1.692649826471513,13.9925799444098
IPO_Synth_2018,,683.5832591071616,3943.6597156410303,0.5,0.5,0.5,1.5,,,,-8.817201677995628,2019,0,-1.9999241537322139,Infra,bear,1.2,52.29990841224491,24.678857769049028,22.252151192622556,1.9984720574215018,9.251239393490824
IPO_Synth_2019,,443.68638698610397,4000.9399715582003,141.83977162501031,71.52641896002434,25.600373831872066,238.96656441690672,,,,18.201476485639343,2023,1,24.883581795079905,Tech,bull,1.2,64.84330990968495,19.370367391639913,11.734143101640711,1.2972089909319502,11.197012324963138
IPO_Synth_2020,,40.04,817.3338955891929,62.2999527058176,22.327417449763363,20.386647877380916,105.01401803296187,,,,38.68032589291821,2020,1,22.605741136380118,Finance,bull,1.2,42.98186194897505,20.752186759611035,13.171025850055887,1.05157176098917,12.716028997736458
IPO_Synth_2021,,301.2799355168846,165.99138649829044,80.8654641264652,40.55308892614622,13.903469806247566,135.322022858859,,,,23.441178110697354,2026,1,12.608478706358904,Mfg,bull,1.2,53.256102396037406,23.13332647990906,24.0,1.1266217731128756,6.781728112918609
IPO_Synth_2022,,263.26624588563584,1854.1879537116042,0.5,0.5,0.5,1.5,,,,5.826369314587771,2025,1,-4.806685968267661,Finance,bear,1.2,48.70864973468756,19.679280120251704,12.512493161716204,0.429626556699863,7.982258457881214
IPO_Synth_2023,,828.4203016869043,1143.3222864189395,11.087572118311533,4.44221824484142,1.5939925396606331,17.123782902813584,,,,25.744060743001345,2026,1,15.102795008078619,FMCG,neutral,1.2,71.92028746117543,16.113173792682822,18.039064122515278,0.0,12.917510578504613
IPO_Synth_2024,,117.3163815620003,71.9742,10.23390508929639,3.8861606725516427,1.2926738491369867,15.412739610985021,,,,25.18040807802584,2020,1,10.780125701509913,Tech,bull,1.2,62.937860113321904,15.127842459615152,12.966704259746543,0.0,9.345844217862432
IPO_Synth_2025,,607.1568788852934,6504.056880687402,9.076511425760344,6.7146872637964865,1.2608058678684693,17.0520045574253,,,,-13.684651466040576,2023,0,-11.559908198151144,FMCG,bear,1.2,75.84361352073869,23.053879280174694,17.136417417858954,1.8147667031275168,7.757013831343308
IPO_Synth_2026,,378.24222988432666,3381.1399479794213,20.833225829490814,10.803314159897381,4.840887866955983,36.47742785634418,,,,-28.73923365242409,2017,0,-11.559908198151144,Mfg,neutral,1.2,45.136320835152674,8.589568840803498,11.101500866772145,0.4670755412930872,8.107080756710934
IPO_Synth_2027,,40.04,315.35016927193385,81.83316988990683,43.45654871398324,25.461184600737624,150.7509032046277,,,,47.757916905806,2024,1,24.52221213398583,Infra,bull,1.2,56.24788224214682,30.068986287700042,11.229738823308764,0.977069567578305,6.332579548518433
IPO_Synth_2028,,226.20341815402486,71.9742,0.5,0.5,0.5,1.5,,,,-20.121195717728273,2024,0,-11.559908198151144,Finance,bear,1.2,71.25056786193616,20.790930366878438,13.33147665315283,0.7107570816438469,4.1219651340888745
IPO_Synth_2029,,938.0056639024767,1052.1189141998836,5.170942016395736,1.7628795731254294,1.322058680196138,8.255880269717304,,,,37.63977068349121,2024,1,16.73640142350397,Tech,bear,1.2,75.45660270570998,17.975630538867048,12.546522172575642,0.7614908222401264,4.911607781803927
IPO_Synth_2030,,355.60116600315126,71.9742,4.716754090037902,2.0202375710154423,1.1008945693284882,7.837886230381834,,,,6.0454149578189815,2016,1,1.9437470453113768,Retail,bear,1.2,33.975885199643656,21.596508873364463,13.631474900772119,0.8449467682106067,10.137110511913546
IPO_Synth_2031,,724.2534221768348,1364.1030930140587,108.14048870374474,79.26593696312912,32.08751584171757,219.49394150859143,,,,72.38769710917254,2021,1,40.604764391150326,Tech,bear,1.2,65.7203281313579,16.43421332600857,17.366331418516765,1.1974020910153964,12.014849004900164
IPO_Synth_2032,,705.5301569545843,71.9742,8.216110760927346,2.773930439651569,0.9525434332315454,11.94258463381046,,,,1.0415994587517552,2019,1,1.6107706541547657,Pharma,bull,1.2,45.361496543920616,18.931711123710944,23.506703100227067,0.0,16.0
IPO_Synth_2033,,261.70151368242074,292.54430179326954,65.9369459765392,26.483235149634723,19.93599004279528,112.35617116896921,,,,50.78246828463684,2026,1,26.56378717888287,Retail,bull,1.2,76.36741730647283,13.209662605671536,12.342727313439005,1.6824077719383401,9.875844565987832
IPO_Synth_2034,,40.04,451.127377604358,20.844223640950872,15.530582819290574,6.036380553383916,42.41118701362536,,,,7.426794930800649,2021,1,3.7004689706106078,FMCG,bear,1.2,93.4890897400351,22.25051560285951,10.55190365399339,0.0,6.160119378459381
IPO_Synth_2035,,40.04,1021.2912896138974,29.20932875685143,14.328762440088678,6.787821007286253,50.32591220422636,,,,45.78082713450553,2022,1,14.752579130764486,Retail,neutral,1.2,24.0,19.52926501333287,15.042791705320017,0.7394625794168198,9.914612694400878
IPO_Synth_2036,,910.6909533020623,906.9381384711963,113.00835103477392,46.2434565899639,11.950265159571646,171.20207278430945,,,,68.55645881184877,2020,1,28.237901042440942,Retail,bull,1.2,48.19293325392385,21.12481380323043,11.168940927516571,0.0,12.108792915936473
IPO_Synth_2037,,466.65343315303136,1657.7766123263552,16.230449041988535,9.20557732714323,2.443481851411231,27.879508220543,,,,12.843976831565117,2017,1,2.2798008142297044,Auto,bear,1.2,64.74787342078528,28.898839078483224,7.641900198516222,0.3333691348893914,13.090541319883014
IPO_Synth_2038,,40.04,5481.295462974709,188.68304470914288,93.99267424661868,36.30792920164857,318.98364815741013,,,,59.79053240135171,2022,1,33.858910406792624,Mfg,bull,1.2,59.93080344624636,15.174749673893396,19.789197130592612,0.0,12.79935674971581
IPO_Synth_2039,,699.6911710609486,181.22320383303227,8.859544752047753,6.4561677256144225,2.970654583264649,18.286367060926825,,,,-8.940352334017167,2022,0,-9.215555668755133,Tech,bear,1.2,76.91371652701804,19.226697497603656,15.362278523430478,0.5242147097207672,11.718324524343119
IPO_Synth_2040,,40.04,71.9742,2.0,0.5831950479920452,0.5192444120950238,3.1024394600870693,,,,28.156647108105282,2020,1,18.666548539405586,Finance,bear,1.2,61.42315953811247,10.091506625935544,15.80322050858528,1.2354010446931425,10.2858816019946
IPO_Synth_2041,,132.6297642303832,71.9742,87.46384329555904,56.43814054278316,19.9000494274103,163.8020332657525,,,,27.92349455124687,2022,1,32.25918589592076,Pharma,neutral,1.2,50.46466194302709,23.30019321386203,6.327761012803004,0.5760529029076752,12.210434517620941
IPO_Synth_2042,,442.59109026467814,191.38253353550672,73.61000999920815,28.674278054453595,16.34926942240818,118.63355747606992,,,,46.13039566505131,2020,1,26.57576160495558,Mfg,bear,1.2,41.634037550227724,19.895092151029903,12.368569945832526,2.4608587259460575,6.4455372675724645
IPO_Synth_2043,,1275.7614872435615,71.9742,111.73539343851989,73.00060589612055,32.96126315509276,217.6972624897332,,,,50.88778283264003,2023,1,53.7678240022182,FMCG,neutral,1.2,38.60638488418539,20.104078345023144,8.628554542981089,1.2959194605995246,4.0
IPO_Synth_2044,,693.5564779213621,4020.8384324045155,11.507794263779735,7.7546442022693896,2.0818469782636195,21.344285444312746,,,,-6.69324944007147,2019,0,-4.2321361182997315,Pharma,bull,1.2,46.63050359716493,19.0558331330749,14.907885462813189,0.27154668209664395,16.0
IPO_Synth_2045,,250.0445960459902,1271.6140085957961,14.138011815796622,9.537664354438848,1.7478993797797155,25.423575550015187,,,,-15.107662292842964,2024,0,-11.559908198151144,Finance,bear,1.2,49.828236250987416,16.53086094183369,15.604462135019242,0.4138943669915217,9.858939887831154
IPO_Synth_2046,,424.49384772123835,3967.136495155159,18.528697843034635,12.66154582403931,4.989052503474802,36.179296170548746,,,,-9.910394646742585,2025,0,-9.229347083776185,Retail,bear,1.2,66.90754292174007,32.0,15.601196772307818,0.8777625605118293,11.601694483402133
IPO_Synth_2047,,728.9817066745363,5336.88384637463,103.1454101316508,62.822130639893565,18.79866378194692,184.7662045534913,,,,0.1,2021,1,26.584528521029025,Retail,bull,1.2,57.17891536393672,20.22929954999984,11.998743248803919,1.2043235771605851,4.0
IPO_Synth_2048,,900.5104145402227,71.9742,159.15572705346196,51.121149516281214,28.870563878653893,239.14744044839705,,,,22.183575616581493,2016,1,23.067163027427185,Tech,bull,1.2,48.28390792618317,21.77910101703511,11.161631938883959,0.0,14.63469725554894
IPO_Synth_2049,,330.2319469752473,617.6166125638597,58.24313575744033,16.072268839016335,12.445323882445765,86.76072847890242,,,,40.94786368170854,2023,1,14.503872046386675,Pharma,neutral,1.2,41.832306548227386,13.163475505323754,14.130526286281526,1.136654040307774,13.46759642810127
IPO_Synth_2050,,340.1456427964366,4988.063997368248,7.683060477630517,3.229825107729048,1.2345410900058427,12.147426675365407,,,,-5.424871699806424,2026,0,-11.559908198151144,FMCG,bear,1.2,47.35268932326665,25.310640786868905,16.60655587268394,0.0,5.303183954202293
IPO_Synth_2051,,131.28929200021997,2014.2920138199372,140.64045771018002,69.97354018433302,46.4712121871943,257.0852100817073,,,,60.47920640914189,2023,1,28.887848165522247,Finance,neutral,1.2,49.847409350552056,19.259207277425418,12.39353415783187,1.039849815531826,9.048079663066257
IPO_Synth_2052,,642.0308548032583,2879.227089770285,7.297088123015729,2.9283977210353878,2.2748132643467107,12.500299108397826,,,,-18.32645381317246,2019,0,-11.559908198151144,Auto,neutral,1.2,46.53373737172579,22.67488070675947,10.781670919069978,1.6000970654717779,10.79868356130687
IPO_Synth_2053,,765.2795634962873,4210.5435859892705,49.27542560692959,30.6051376805314,17.13661739138273,97.01718067884372,,,,41.26651503376942,2022,1,37.37357198122273,Retail,bull,1.2,72.11603010792948,25.414003576910225,10.973792758245569,0.7997318485398985,6.208648923659385
IPO_Synth_2054,,40.04,3855.339617346129,99.76540425227822,60.978783867538944,34.03369056199551,194.77787868181267,,,,58.04727976940909,2020,1,74.13347572940057,Retail,bull,1.2,84.62479890915318,19.376552874691168,12.037068147384833,0.0,11.466271646054139
IPO_Synth_2055,,279.27878090664257,2589.909976786572,150.35364438002404,110.6546064973501,26.855241224911385,287.86349210228553,,,,12.351804913264946,2024,1,20.221757072801022,Retail,bull,1.2,38.83087265678515,15.9380354064109,12.963077636837625,0.0,13.136877024235588
IPO_Synth_2056,,40.04,5156.407930426139,116.49452747999571,52.45591831946406,22.733847587091823,191.6842933865516,,,,47.52677369996287,2023,1,24.910801754190203,Retail,bull,1.2,80.14657053771603,8.0,10.058183987717623,1.0627170607896943,10.972609470417806
IPO_Synth_2057,,466.36976150908464,1344.1096823128967,5.621589161694541,3.6139163414495203,1.5434888037538295,10.778994306897891,,,,11.326387899558126,2022,1,1.6239389510522473,Pharma,neutral,1.2,72.47826128631966,17.676918463830884,12.99520026101135,0.0,5.301325126378116
IPO_Synth_2058,,40.04,2873.7725407332455,3.6191350408987417,2.2460351534343683,0.5,6.3651701943331105,,,,-15.370473895410925,2020,0,-11.559908198151144,Pharma,bear,1.2,63.237635234106165,15.905558428525213,20.562604062656458,1.1098769289764896,6.889824785684249
IPO_Synth_2059,,40.04,1061.6804218996372,2.474621142399532,1.8420455155524385,0.8623367264847019,5.1790033844366725,,,,-13.3781436624837,2017,0,-0.7537205361834896,Pharma,bull,1.2,87.47995639425308,13.141680304413233,13.674721904565885,1.484826187230759,9.628608207093727
IPO_Synth_2060,,798.600333188998,4178.199782149523,0.5,0.5,0.5,1.5,,,,-10.132606999651973,2022,0,-11.362455586443527,Retail,neutral,1.2,56.93517190772973,28.718515599826773,9.42517626869188,1.6351782012944507,9.251286601791357
IPO_Synth_2061,,358.2574784814133,71.9742,7.193779646823697,2.8184312553669626,1.6752261223259373,11.687437024516598,,,,-2.4418572373981613,2019,0,-11.559908198151144,Auto,bear,1.2,67.2341473325629,25.89659883720995,6.0,0.25852476673796687,9.312226832439222
IPO_Synth_2062,,394.35899078482663,71.9742,148.39791580061794,38.23267505006993,39.64822473390421,226.27881558459208,,,,44.26933678861532,2025,1,49.567299778108406,Pharma,bull,1.2,62.22702861522883,9.020964457787132,23.263740227511345,0.9385055108135819,9.206044132647937
IPO_Synth_2063,,562.2796010954515,3226.4971401834373,16.578869877652433,12.17026781693851,5.446765159946392,34.19590285453734,,,,2.5930802545536764,2016,1,18.196245397539524,Auto,bull,1.2,60.88833073009066,20.922262808671753,20.12693956809898,0.7088918136111151,4.58796298355495
IPO_Synth_2064,,746.440070621803,71.9742,91.52691522909188,55.65152414435049,23.891644129868492,171.07008350331085,,,,27.361110416331066,2025,1,20.508229394367984,Finance,bull,1.2,68.26197566038111,15.096537438319409,16.280720953739518,0.0,12.416964157535583
IPO_Synth_2065,,271.8367127180921,71.9742,4.924900350353628,3.2322284208988767,1.227492997737729,9.384621768990234,,,,22.31397227494608,2024,1,5.602678818584083,Pharma,bull,1.2,60.83559259549485,22.20076366907653,20.232164532989465,1.2450187324655966,11.881766436709887
IPO_Synth_2066,,279.4466396592901,4814.300278300655,45.85810812707505,29.65286513425073,8.029288117059323,83.5402613783851,,,,4.663774602794971,2021,1,8.549361734049187,Tech,neutral,1.2,68.39011563214788,15.202118390959274,17.374180753729927,1.8904767570718681,11.567121138823996
IPO_Synth_2067,,280.8977223232936,4036.93304120141,123.58836082937324,76.36284374448768,30.616587728528504,230.56779230238945,,,,42.63008687742602,2026,1,33.16625269462763,Mfg,bull,1.2,47.94323821032879,16.76601858811967,14.659484197616662,1.189400615114796,11.289146182018323
IPO_Synth_2068,,784.2501815298236,630.2643451450155,35.385834588670846,22.14223426863219,10.170786891272305,67.69885574857534,,,,5.327228945512955,2023,1,11.590897749330823,Finance,bull,1.2,48.50556267343134,25.77823634826977,9.419152256760306,0.0,9.147669102399037
IPO_Synth_2069,,391.54809222932215,71.9742,72.14836753234202,51.56653724358977,16.51461124070303,140.22951601663482,,,,14.806457358633956,2016,1,23.776416403055403,Retail,bull,1.2,47.86154040421215,24.916045662345873,23.58885085004736,1.2399496541533435,8.178786875662755
IPO_Synth_2070,,315.38703225619696,2909.760032028736,22.26089794694582,15.73969346631724,6.564935247446168,44.565526660709224,,,,26.62250301844674,2020,1,8.04869623002036,Tech,neutral,1.2,53.4336440791229,29.05688118988764,13.033315232552017,1.7976314508869762,6.947160281326061
IPO_Synth_2071,,548.3467614990969,3246.2276015342127,0.5,0.5,0.5,1.5,,,,10.355702229652795,2025,1,4.885644416829994,Tech,neutral,1.2,78.23912196781636,18.697711992937705,13.27924437665689,1.666237559211635,14.628777535404168
IPO_Synth_2072,,1040.3525411444875,2866.996938517476,12.201085564642272,3.2391534906886035,2.2431008004886457,17.68333985581952,,,,-15.161219250034407,2024,0,-11.559908198151144,Auto,neutral,1.2,51.68031334397094,11.266028614119186,15.168555529870194,1.5268714730520958,9.938474109079312
IPO_Synth_2073,,440.1961541393688,2747.3717038409213,16.263305834280914,4.38037175116216,5.528767471850045,26.172445057293118,,,,-1.292466337888886,2017,0,-11.559908198151144,Tech,bear,1.2,71.74429566994385,25.527762277584287,15.2457960911735,0.0,5.018261464570676
IPO_Synth_2074,,322.78273649678994,1049.6270992505524,40.06365835470756,18.962898010863686,7.245957450920813,66.27251381649207,,,,9.678759086949375,2017,1,6.6298519452990945,Finance,bull,1.2,64.7780327333739,25.56252391403586,17.58618156561599,0.8982146596349752,9.912358296300356
IPO_Synth_2075,,1078.5228149663728,453.34705215010337,77.79954571963826,51.93040048563396,19.874969568114107,149.60491577338632,,,,53.38755796075005,2026,1,13.513502274082558,Pharma,bull,1.2,52.05441060239645,23.76962261881184,17.068144019362972,1.1456455574589794,4.0
IPO_Synth_2076,,869.0634614324443,71.9742,11.82728509658476,7.969291088270034,2.719934821232056,22.516511006086848,,,,-16.163336929595843,2016,0,-11.559908198151144,FMCG,bear,1.2,83.56528565197853,15.5374944445079,12.404113577296556,1.5386596247044322,10.744028219768998
IPO_Synth_2077,,819.541499394079,71.9742,2.0,0.9043895812299244,0.6683120066613574,3.572701587891282,,,,7.110442823844717,2026,1,11.544631122321544,Tech,neutral,1.2,73.25000121273551,13.575186336451868,15.116490045414556,1.015623939087716,10.428938015769871
IPO_Synth_2078,,243.79459372402678,2358.574495045541,55.58641977845096,22.279360152939233,7.820618440353335,85.68639837174352,,,,20.008571250888497,2021,1,13.454111882110569,Finance,neutral,1.2,60.03207760755321,23.215785622565352,17.443852984561406,2.05195137145102,8.374239155578634
IPO_Synth_2079,,209.9294243987818,2401.3726932232166,2.274701179808157,1.1448587466225162,0.5,3.919559926430673,,,,-23.594838517725126,2024,0,-11.559908198151144,Pharma,bear,1.2,58.53950539173929,14.683082100251212,12.021041294032699,0.0,7.181531055683051
IPO_Synth_2080,,40.04,3577.6323165636886,4.371452032995029,2.9125743553626515,1.379605459558131,8.663631847915811,,,,-9.301571265568768,2018,0,-7.515018198132107,Auto,bull,1.2,61.687078091773465,18.152160398342478,21.509946862233843,1.058349877280901,11.687278320768055
IPO_Synth_2081,,744.4240058281334,71.9742,18.55309165269162,10.54275833564944,4.945338383377548,34.041188371718604,,,,63.95486914477772,2019,1,21.105055579943652,Tech,neutral,1.2,32.4683224082211,32.0,14.908866308329712,0.9789971085284789,9.750950205989644
IPO_Synth_2082,,441.12322012374767,71.9742,111.4293082855791,35.64655962658704,26.27083448462745,173.34670239679357,,,,15.073265506302896,2024,1,20.667761039927274,Pharma,bull,1.2,45.15069875433025,32.0,22.19314111197667,1.4027170692823474,4.174909500375433
IPO_Synth_2083,,40.04,533.4237953686206,4.244197978540434,1.8297457803522987,0.8434286592075003,6.917372418100234,,,,-25.419923433903993,2017,0,-11.559908198151144,Finance,neutral,1.2,68.3252790663969,24.756140822302406,8.735389889665047,2.042123943609192,13.611668008971053
IPO_Synth_2084,,825.3561765506075,71.9742,16.93298674954647,8.935756518533134,3.4344983692597135,29.30324163733932,,,,35.39809290961364,2017,1,15.720006100160985,Pharma,bull,1.2,31.50734447754223,16.026398291137774,17.94583006874495,0.0,7.180510584391455
IPO_Synth_2085,,299.5877858073811,2005.8842171238696,112.08701072904533,58.18786613762497,37.40687326636766,207.68175013303795,,,,57.96541590167769,2022,1,34.418425158345435,Pharma,bull,1.2,46.54275817897257,15.666051615428854,10.993336512242571,2.00854024186446,6.045461492326474
IPO_Synth_2086,,341.69524443272024,71.9742,59.58679892280804,39.64411089743677,15.95549166962033,115.18640148986515,,,,60.423972711189876,2016,1,29.10872644179441,Auto,neutral,1.2,52.93420245386093,24.29474353730434,12.144877756533544,1.3148960385970287,14.076023054246312
IPO_Synth_2087,,40.04,4593.837515972851,54.48600453302322,39.01665860834494,18.104315176762245,111.6069783181304,,,,15.462293268320954,2026,1,10.22851788969475,Tech,bull,1.2,96.0,28.98194298214832,19.07183003793485,0.31283487633170676,13.178748120064375
IPO_Synth_2088,,582.9500905464321,71.9742,5.4638579252753425,1.6404225179724128,1.8743574863635024,8.978637929611258,,,,14.579792973220604,2023,1,2.1624843979042514,Mfg,neutral,1.2,72.1272704861696,16.93018829273764,13.97185233176557,0.0,8.738473724599842
IPO_Synth_2089,,586.2196082517738,5667.397078180602,3.894141660139713,1.4104728882436732,0.9219458322630736,6.226560380646459,,,,5.710602711736274,2023,1,-1.3299603518005985,Finance,bear,1.2,79.7521528604818,17.25919527033806,24.0,0.6963141000409167,6.242542361103254
IPO_Synth_2090,,398.43021854897347,2886.4942563838695,63.3864296689311,28.275320634948272,16.0033136500839,107.66506395396327,,,,44.95129480763478,2021,1,22.415649211179144,Mfg,neutral,1.2,45.507350023138635,20.526269137012363,17.331125485415537,0.7856770038055783,7.2708365768309084
IPO_Synth_2091,,271.95794107571965,71.9742,21.969551056404036,8.748254155830288,5.801965810855355,36.51977102308968,,,,39.2435985029721,2022,1,16.513339653979138,Auto,bull,1.2,66.5170066957373,11.666203406561852,11.869009431305837,0.8411873899906539,8.687503398170513
IPO_Synth_2092,,1311.9861703864551,6974.254166915398,75.97138059728198,34.50204144269075,23.535344985534913,134.00876702550764,,,,59.56848149694361,2026,1,25.91276991590735,Pharma,neutral,1.2,28.316858846908573,11.849658593304051,17.339103041949183,0.0,13.64859926718886
IPO_Synth_2093,,40.04,2212.7259982405726,2.0,0.540721228615232,0.5295358563031506,3.070257084918383,,,,13.938899777400664,2016,1,15.144867550661225,Pharma,neutral,1.2,54.04893565323926,12.943961149484743,13.932600077850722,1.109338771357802,13.884979646903535
IPO_Synth_2094,,168.38944413995745,1954.1689934130936,179.174243509343,50.70749974883588,23.0528906358926,252.93463389407148,,,,44.79988395635537,2018,1,30.011032534511646,Mfg,neutral,1.2,69.09658670257915,23.276348938365444,18.74423027479874,0.09446024086030697,10.497937388635277
IPO_Synth_2095,,656.7525397359418,1352.0284744549945,28.3136357633703,18.94693970301814,9.50226928992449,56.76284475631293,,,,25.364426176991017,2023,1,14.33799956452731,Mfg,bull,1.2,34.483598197308936,21.631968225281938,13.667159932554645,1.7165755246816836,11.95035535237742
IPO_Synth_2096,,68.303795044786,2736.178647843854,10.0,3.0129089205594353,2.6523358961340837,15.66524481669352,,,,63.55160828951184,2017,1,29.273552075467173,FMCG,bull,1.2,67.07646491787675,26.821700448353216,16.830044442543244,2.2102066484310683,9.371905397616942
IPO_Synth_2097,,43.10604122189,2889.406317327739,142.22547716356362,94.1586073019261,45.15364748462963,281.53773195011934,,,,47.47667924701331,2018,1,31.137726550522824,Tech,bull,1.2,68.56928581300362,9.576825890040219,15.892945993808004,0.0,7.38152827552984
IPO_Synth_2098,,801.3328030340784,71.9742,5.591298427522964,2.254724643729854,1.152838715277388,8.998861786530206,,,,0.4354039326389887,2016,1,-5.12137697272717,Mfg,neutral,1.2,49.15494178825495,10.898523248745414,15.352929739675405,0.5598900384128647,5.4982045079367525
IPO_Synth_2099,,621.5469934772368,965.9108112918146,12.360832733897269,5.001337359778413,2.7030556473724356,20.065225741048117,,,,-23.310580761409078,2016,0,-11.559908198151144,Infra,bear,1.2,44.97351398685928,22.734329106198835,19.688092166763827,1.4721636669684641,10.968753393121593
IPO_Synth_2100,,580.1967505617777,1822.9330997434329,60.564094692351595,18.19184994881038,16.48639981316403,95.242344454326,,,,52.831084516959486,2020,1,45.69613106237603,Tech,bull,1.2,47.12564781423414,14.767821025952124,6.885363552369018,0.7758795564856624,12.701120575473599
IPO_Synth_2101,,476.930874832618,3038.606112110364,27.857641814183786,7.149153718852038,8.192960220004041,43.19975575303987,,,,10.364014695156339,2023,1,17.845551505589636,Retail,neutral,1.2,53.75491885157126,15.203413301849904,15.43879747110079,0.0,8.468048242482748
IPO_Synth_2102,,178.39230503204362,3082.722752210317,6.937795771405229,2.9669088455017283,0.8298622037263664,10.734566820633324,,,,-26.610291264574872,2017,0,-11.559908198151144,Tech,bear,1.2,54.2980676549449,26.07650882697628,11.844716287831853,1.3647980839711567,13.562567350184677
IPO_Synth_2103,,328.5132213967071,1950.0625735113333,10.105819141913399,6.747437692455996,2.0397151652835253,18.89297199965292,,,,-15.67958654695717,2026,0,-3.1582286737488396,Pharma,bear,1.2,69.17295750471239,16.68231528172548,8.931070888382807,0.0,8.845191641295825
IPO_Synth_2104,,387.8112508036842,89.31681009226389,154.17993150540678,109.46431813160322,45.092094146216795,308.73634378322686,,,,66.35454814697134,2024,1,28.996213200598458,Tech,bear,1.2,50.38075445427655,17.38451565620259,11.229866254282216,0.7004691409821726,10.251243800128753
IPO_Synth_2105,,703.8775871397006,71.9742,2.0,0.5615855561303296,0.6961179650731554,3.2577035212034846,,,,7.1540108615722104,2023,1,6.2377957423569175,Infra,bear,1.2,88.83827060033359,18.49945675802075,12.211107398262406,0.0,9.336787607070898
IPO_Synth_2106,,560.2889204782379,71.9742,6.191152531957961,1.6434664017334966,0.6371353009962663,8.471754234687724,,,,14.762008390973541,2016,1,1.2083631730804374,Retail,neutral,1.2,88.70773693574787,18.86347721726989,13.940982081889425,1.294596474563421,13.709388797018615
IPO_Synth_2107,,97.88392106478005,3064.272862702843,70.48213983953714,23.216838717199977,11.714276613255795,105.41325516999291,,,,42.29210786083706,2021,1,42.609642444018526,Finance,bull,1.2,64.2516231621132,24.109614561322473,16.517982073135972,0.07895810098664485,11.478010165374661
IPO_Synth_2108,,684.51850992107,71.9742,18.40371338599541,11.652217351329252,3.97910635591056,34.035037093235225,,,,-33.56045867928802,2026,0,-10.3753727563286,Finance,bear,1.2,53.79658610918585,12.739973616441771,17.440319684801597,1.4004273467470816,9.824896126190922
IPO_Synth_2109,,40.04,1022.6468413659904,10.00115543445688,3.524821053035336,1.5575341964974108,15.083510683989626,,,,-4.579061306436064,2018,0,-4.983442076168107,Mfg,bear,1.2,50.40093662433952,18.871304040954172,13.15919284965954,0.2851185391260853,10.229809818359811
IPO_Synth_2110,,305.37052801097013,2140.602841878543,15.158650246288305,5.5390494309023595,1.6178910725779783,22.315590749768642,,,,35.218600028127035,2021,1,16.86573714312155,Finance,bear,1.2,65.70165504986248,26.974231695253902,22.130804872298093,0.0187669130497104,6.43331147106095
IPO_Synth_2111,,40.04,1532.0115231029708,76.92307443121285,53.42087126529062,18.0681344936455,148.41208019014897,,,,39.10773545672912,2022,1,20.741264073816147,Tech,neutral,1.2,68.85086683504295,32.0,13.32901489080373,0.9122357402730479,4.0
IPO_Synth_2112,,122.0477086976379,1507.1652557529928,98.76029282022363,67.89518484033894,25.90972847847316,192.56520613903572,,,,4.272655295591645,2023,1,23.03296970927578,FMCG,bull,1.2,56.381921386951284,11.860167869697788,6.2409453284320735,0.0,8.405539593731593
IPO_Synth_2113,,1072.9166266341501,71.9742,119.20202046276631,69.75041974033888,24.319061623496086,213.27150182660128,,,,87.78438202944837,2026,1,32.01242266507939,Pharma,neutral,1.2,52.923668807458604,21.986037488790345,13.4493388566355,2.298233162581612,9.417964469087142
IPO_Synth_2114,,40.04,2221.6026377003873,17.04698255173458,5.659715664989544,3.2810245478525113,25.987722764576635,,,,32.704745399004906,2017,1,16.58854044777503,Mfg,bear,1.2,66.3493794198024,18.859330296844487,15.212221542609656,0.6856189577950464,11.593802938466757
IPO_Synth_2115,,134.99701799384718,707.498793925698,33.25299830986166,14.650426257109846,11.518926403943722,59.42235097091523,,,,40.12937660806882,2016,1,22.882356016077274,Finance,bull,1.2,61.242746933389284,19.407235106581354,6.0,0.0,9.510667016782044
IPO_Synth_2116,,589.1680900730277,1296.8764804631603,48.49639807232733,17.85097627047268,10.639243145476717,76.98661748827672,,,,11.342473772761092,2016,1,6.68076949168319,FMCG,bear,1.2,49.70179535048863,15.262509442688042,20.43301161808434,0.10065938681246339,8.592365030470058
IPO_Synth_2117,,254.27581087747825,4535.886700432646,8.658943964315526,5.073472614005187,2.5935040652444803,16.325920643565194,,,,24.696289451655346,2018,1,13.647721956262862,Mfg,neutral,1.2,62.03471140729909,24.534826623290826,14.554155005177174,0.5175729466192174,4.0
IPO_Synth_2118,,467.95839987452734,2837.0810512102844,23.074046896535542,14.766594584247992,3.963972268833482,41.80461374961701,,,,32.405732522634466,2019,1,14.618091897295143,Auto,bear,1.2,49.10515347061786,24.226964551486894,9.814218733836071,1.4958276482392363,11.581561363097753
IPO_Synth_2119,,903.1359598734066,71.9742,46.480709782604784,14.923415587360909,14.295005792250347,75.69913116221603,,,,24.259025093145375,2025,1,16.946067545891843,Tech,bull,1.2,46.47014413309357,32.0,10.679417220211514,0.0,10.633062192792327
IPO_Synth_2120,,638.4336750814098,1134.1580227050813,22.197639563268964,15.51565985211973,6.790811158635891,44.50411057402459,,,,77.09327420143248,2021,1,29.01061675426523,Finance,neutral,1.2,59.91041018809525,12.073524125109984,18.42776249725068,0.13121624732923431,12.4415218502272
IPO_Synth_2121,,254.72684414939246,5684.999844198214,60.132749303500866,28.948684449800723,10.037691069537253,99.11912482283884,,,,8.962520265373595,2024,1,24.305618439245496,Finance,bull,1.2,49.655951618901746,9.51254110152785,18.97764530306104,0.4504895085747486,10.081787112098581
IPO_Synth_2122,,369.1454087596922,721.6749073107981,38.840643835425865,25.14943057961481,10.25252153450165,74.24259594954232,,,,21.50108965846867,2022,1,13.247736507311147,Mfg,bull,1.2,46.80602479109954,32.0,12.080553150191868,2.0424717689509864,13.440587592076637
IPO_Synth_2123,,596.0695713027984,1625.5793867270488,17.85756851401583,4.9254531947229685,4.830539144846402,27.613560853585202,,,,-12.130402317861963,2026,0,-5.220919479345146,Finance,neutral,1.2,78.822852388842,19.688648119867437,8.901187720208153,1.4991439456863036,8.348401412857456
IPO_Synth_2124,,631.7255816229901,3250.498225182559,35.59119940918629,15.314558317501522,7.49742432897821,58.40318205566602,,,,25.135795323238263,2019,1,13.755350182224893,Tech,neutral,1.2,52.940305122698426,17.25921262718939,15.588962435078042,2.0901713532174533,9.878325803587416
IPO_Synth_2125,,421.91092741375826,2081.90038346406,15.618662176784778,4.020094858564818,4.5832185679819775,24.221975603331572,,,,17.409028799799085,2023,1,11.68437984406952,Infra,bull,1.2,93.18050997614856,21.12944828784909,16.41484393487995,0.5310353709725831,10.721523627790207
IPO_Synth_2126,,538.0010044701735,551.3501856119947,17.87855907458606,10.892375626226695,3.1595224753161424,31.930457176128897,,,,32.030148074629885,2018,1,16.47173385000236,Pharma,bear,1.2,71.2795013195219,11.63088536798881,17.5437119821087,1.932754735515313,11.97965936556898
IPO_Synth_2127,,538.3335178743674,71.9742,114.17036579866294,33.07806461684228,25.239409834378655,172.48784024988387,,,,41.80217241687171,2018,1,60.045951031965124,Finance,bull,1.2,45.22733898286571,22.25516129532944,12.465926893714132,1.7672767582928375,11.249234628507935
IPO_Synth_2128,,383.31880342862496,1495.4842640448219,16.782187899858513,7.034134829393659,5.832446784136095,29.648769513388267,,,,16.942065752245494,2026,1,0.9548976056695553,Infra,bear,1.2,80.87567298892709,19.518428180799145,14.450555141472762,1.196761777772128,11.432766258238049
IPO_Synth_2129,,208.0815058476028,3234.5520676705455,57.29774825102018,36.7206566121598,8.289203238340894,102.30760810152087,,,,19.61483897422221,2016,1,21.430240032076167,Mfg,bull,1.2,47.10084900053888,26.442672676197034,15.090642531926283,1.2769988486113728,10.806410446684264
IPO_Synth_2130,,668.4822072189407,4959.987202759244,77.02433877589517,48.10040857727677,10.548150489059653,135.6728978422316,,,,75.34944462383486,2018,1,35.41517680849258,Finance,bull,1.2,95.5202551665718,25.142078350483896,19.350653112982833,0.0,9.421889231626595
IPO_Synth_2131,,514.4952759610003,71.9742,2.0,1.1402896203728425,0.5,3.6402896203728425,,,,37.86675178672428,2020,1,14.411787816531847,Mfg,neutral,1.2,64.07147525124105,25.641997614239546,20.98186627377614,2.3283040134140993,12.703789280477645
IPO_Synth_2132,,40.04,6110.182405469706,39.75565458400785,23.734536041977318,13.895687320438492,77.38587794642366,,,,81.20903408382446,2017,1,62.888067821115165,Auto,neutral,1.2,69.76621325946604,21.1450157830912,22.203107235077756,0.25485279673790984,4.977066164245814
IPO_Synth_2133,,132.72838821623367,771.0614133025707,0.6690047794766691,0.5,0.5,1.6690047794766691,,,,33.6888135388375,2024,1,4.108965397840995,Infra,neutral,1.2,60.55715052206237,29.62607792420951,20.86116231950806,1.0597009689547836,8.112534137004628
IPO_Synth_2134,,250.63148294953805,3929.0339227656273,2.0,1.1412759590068302,0.5,3.64127595900683,,,,40.65440435850498,2019,1,19.304930173088593,Auto,neutral,1.2,64.7858865227813,23.457518429462056,23.16057528421313,1.176698240507046,14.775525530607561
IPO_Synth_2135,,346.11846780788443,71.9742,4.190994097399466,1.780448790620787,1.1470610293386558,7.118503917358909,,,,-13.379622070408676,2021,0,-4.997561502701459,Pharma,bear,1.2,55.8760258230789,16.801275847805872,19.559224829020177,0.0,7.982242930702064
IPO_Synth_2136,,826.0725905062656,71.9742,0.5,0.5,0.5,1.5,,,,20.984288838300238,2019,1,4.682812293219723,Finance,neutral,1.2,43.33544952555184,15.144653363608786,12.347912031959623,0.44890229949605437,9.76554216766126
IPO_Synth_2137,,1482.4,71.9742,42.14270239066221,19.845543246309468,9.767217173539823,71.7554628105115,,,,48.51441538751523,2025,1,17.67836544910309,Finance,bear,1.2,66.11415150697322,15.820811427162461,21.90078863000998,0.7033749653607814,14.163407751790619
IPO_Synth_2138,,40.04,660.3125661627555,88.23327238530258,24.063845006981566,30.499355252565717,142.79647264484987,,,,90.52324020968504,2020,1,30.607075228804213,Tech,neutral,1.2,78.44638858534627,23.532980425919558,8.806107983705168,0.3866154259371467,9.621706902231317
IPO_Synth_2139,,518.8029798291589,2885.951029418161,44.483468173055435,21.549290967446822,4.881047302160361,70.91380644266263,,,,37.42230768075544,2024,1,19.19683806871133,Auto,neutral,1.2,38.5684378687846,12.0102819754045,24.0,0.46076544152368293,7.498353012913715
IPO_Synth_2140,,438.5917173777166,1602.9630496995967,131.57790112419093,63.42574413802954,33.57936684330285,228.58301210552332,,,,30.375475461497416,2022,1,39.541419943430476,Tech,bull,1.2,87.72852882616542,20.930635755707563,10.611440991541706,1.9926847062456547,13.595081613406563
IPO_Synth_2141,,353.1693346271243,870.4269144679619,45.20875246204071,15.342076984407871,11.375305580366572,71.92613502681515,,,,33.84594181390804,2026,1,10.23545386838148,Finance,bull,1.2,70.82046944136012,15.002756980865042,18.994416444435974,0.0,9.131978137987312
IPO_Synth_2142,,600.2825320839427,4431.912052663723,14.818201134782974,9.515223574247452,2.671887581355941,27.005312290386364,,,,0.5877016463346905,2022,1,5.101733057865999,Tech,bull,1.2,52.135652762955104,12.481274633514461,21.499142058769316,0.0,9.33686545500483
IPO_Synth_2143,,465.9877946688678,1526.9401040172897,30.72641831761581,18.500519990760377,9.98178786561282,59.20872617398901,,,,63.26149106069925,2026,1,70.81232990524785,Tech,neutral,1.2,51.81400254986366,13.450012883749475,17.06680473970989,0.0,4.058906996694827
IPO_Synth_2144,,291.36136735402056,2250.032174146232,155.24555089221644,82.24439984410203,36.98266134984982,274.4726120861683,,,,34.27839336723701,2023,1,20.823132334447422,Mfg,neutral,1.2,93.55492387766651,19.857250689606076,6.0,1.2442469174031638,9.61797733718855
IPO_Synth_2145,,424.8109650081433,9619.569937157545,9.165869681081272,6.53484611126551,1.48106766689333,17.181783459240112,,,,-6.51431879806953,2016,0,-3.28077076082878,Tech,neutral,1.2,76.89704463030573,24.58264917123523,10.734252309485159,1.3416771216053998,12.048911192986811
IPO_Synth_2146,,604.9373627376752,1500.8474405381883,0.5,0.5,0.5,1.5,,,,1.0460422450228708,2017,1,-2.734989546123623,FMCG,neutral,1.2,80.52092134658785,15.94438151270963,16.605661096200024,1.1060076871379179,8.707443175940142
IPO_Synth_2147,,572.4541231096115,71.9742,27.792225158324428,10.589285538426623,3.523490617813336,41.90500131456439,,,,-16.53558392817244,2024,0,-8.111388629984397,Pharma,neutral,1.2,55.480889033268284,8.0,17.860293877813326,1.4118115061016265,6.155949417886346
IPO_Synth_2148,,479.2562061091364,2773.6776746615537,131.5564217624366,44.95518519918245,42.66799837176067,219.17960533337973,,,,13.925879153195696,2016,1,32.56066092394124,Finance,bull,1.2,69.99928586906614,32.0,14.195437752356913,0.7560392825624789,8.55861673273371
IPO_Synth_2149,,215.5246534251325,3432.556230330889,5.835953620140261,3.047651080261569,0.9487929439444531,9.832397644346281,,,,5.728129243463289,2018,1,4.404648095453324,Pharma,bear,1.2,66.28881502663275,26.706780465538817,15.33450906159021,0.0,8.154378006214639
IPO_Synth_2150,,1377.8013005641446,2305.2112201792715,33.85627459016635,11.940383230794637,11.06258259554259,56.85924041650358,,,,38.46998202571664,2024,1,15.047229976014464,Tech,bull,1.2,56.856295568410616,25.593675361059383,8.389941499602005,0.0,9.2390934425055
IPO_Synth_2151,,537.6267326966394,1930.2039260913916,2.0,1.3688955784016181,0.5,3.8688955784016184,,,,41.30017093456046,2019,1,10.916260765386394,Pharma,bull,1.2,61.96662801187752,29.76727166551924,22.9845853541188,0.0,8.447196861980338
IPO_Synth_2152,,675.2687075373659,5379.920513013564,96.99302903797175,39.006220462029994,33.55801814245985,169.5572676424616,,,,44.37501885828965,2018,1,28.12223973127065,Retail,bull,1.2,79.98092114678984,20.554219079582055,13.299298508651917,0.27282870715413776,14.993744798425157
IPO_Synth_2153,,241.3639720154179,5054.596059561034,0.6928261905505098,0.5,0.5,1.6928261905505098,,,,-12.305783643068208,2018,0,-6.035077331893265,FMCG,neutral,1.2,88.79264777967748,19.189993191473246,18.54941426908944,1.2883436534021837,10.907057145307277
IPO_Synth_2154,,479.5777703971531,1216.9645724591999,20.426630803695613,10.514718151829344,2.6362034787146498,33.57755243423961,,,,-28.159047063720323,2019,0,-10.987539872236804,Retail,bear,1.2,55.47305913333263,28.134748447731162,21.31602936342793,0.7369106301833916,4.779358359441146
IPO_Synth_2155,,476.8568285117245,71.9742,46.82035678464209,18.9071497534072,5.689334719839116,71.4168412578884,,,,29.4797128533095,2025,1,17.145162556547746,Auto,bear,1.2,36.364987420473156,28.094255899730047,9.802305023106625,0.5229469865410066,10.214481952975346
IPO_Synth_2156,,40.04,2638.9578166428814,85.87411320921991,53.17409337012881,25.836025210862488,164.8842317902112,,,,47.64077464625326,2021,1,25.297149020557395,Mfg,bull,1.2,89.58467276523082,23.69112063568147,15.57606906072826,0.0,9.88013886807988
IPO_Synth_2157,,170.0209371812761,71.9742,55.63446948613979,33.160172698074994,6.649240623066683,95.44388280728147,,,,22.718931872954418,2026,1,19.487661549870587,Tech,neutral,1.2,89.8108426124344,25.294987163932593,16.250962786366507,2.5,13.583424605981739
IPO_Synth_2158,,163.70754576598276,3825.7885452329547,14.4217969599931,9.09158032696346,2.3874599315423715,25.900837218498932,,,,-16.62928491366336,2023,0,-5.228012751523346,Finance,neutral,1.2,67.20697466787713,12.567366617819829,13.838772174818576,0.0,9.531962636099854
IPO_Synth_2159,,209.71457299425526,2625.5616426197203,65.98624856877898,36.487771508464675,19.816492126868866,122.29051220411252,,,,66.42316497817237,2018,1,26.953369571717122,Infra,bull,1.2,92.26735732454725,18.45518234854447,19.1730982765385,0.6206124691119727,9.445779669671209
IPO_Synth_2160,,49.38021476774398,8471.685716842487,5.9273471989090325,2.84566691023432,1.9376201808855695,10.71063429002892,,,,-4.458692953663379,2017,0,-3.8084066697592616,FMCG,neutral,1.2,65.89707585282838,30.22288869571764,11.99740073108466,1.503017402671525,15.588992643945105
IPO_Synth_2161,,429.802685719087,5356.6657259814565,16.358515611352743,7.7614375688351345,4.775263605913224,28.895216786101102,,,,13.655410444264295,2026,1,1.0032503176909218,Retail,bull,1.2,43.63693984121522,24.8260655104807,15.247399108188345,0.5423314703241837,6.793547749953779
IPO_Synth_2162,,892.1399645390052,71.9742,0.7826672866215745,0.5,0.5,1.7826672866215745,,,,-12.827939566441618,2025,0,-8.138953007740563,Tech,bear,1.2,36.381661114489695,11.227874906742832,13.330973007509918,0.0,12.393052747618054
IPO_Synth_2163,,459.3951745192807,171.39844412037687,55.001115778038624,24.118958417357224,13.198732059839426,92.31880625523527,,,,78.3995111616095,2017,1,40.45135526419838,Tech,bull,1.2,36.20961143961737,16.813383589863033,24.0,1.3086604397697341,10.191671338010563
IPO_Synth_2164,,40.04,71.9742,41.22887398113306,19.32108270152934,12.158509986719277,72.70846666938168,,,,96.95754987800638,2019,1,25.999720264716867,Retail,bull,1.2,60.08202284902081,29.245740388160627,12.01740146948919,0.0,8.497427329369037
IPO_Synth_2165,,62.679937644932096,71.9742,65.66046416208117,21.78847686954334,12.215904937922648,99.66484596954716,,,,68.56677197893212,2024,1,25.384457687261353,FMCG,bull,1.2,51.6075782758019,22.7313029023921,18.352256631364526,2.242048083579914,8.055656244822881
IPO_Synth_2166,,286.0267624178749,1818.0549660271938,178.52838045184907,105.29875744936585,52.89858705665118,336.72572495786613,,,,38.25674414302848,2026,1,39.28379748273465,Infra,neutral,1.2,49.58059884380799,21.09133590560568,23.08488250678051,0.7822343973633517,14.07505602241624
IPO_Synth_2167,,40.04,71.9742,97.16850850397518,28.029458701087375,26.229203386291534,151.4271705913541,,,,65.4566474941655,2025,1,73.16411654445197,Finance,bull,1.2,58.07568074260668,21.271765988230882,10.867356329856454,0.24659032779553408,11.395918594039669
IPO_Synth_2168,,518.8203065400033,5793.66928580289,13.561069260090218,10.106469323353473,3.304934502524667,26.972473085968357,,,,-22.984162800594895,2019,0,-11.559908198151144,Auto,bear,1.2,75.44348423752659,19.498631641110286,15.428998271268165,0.0,11.803345036207045
IPO_Synth_2169,,877.0214638417948,4535.748654572656,12.984198461459997,4.179208229534855,4.519479166472798,21.68288585746765,,,,-1.6907957030320029,2025,0,-3.689710547490868,Retail,bear,1.2,50.15385102106292,16.854542579770115,10.56114181924453,0.0,12.669319824047461
IPO_Synth_2170,,218.10137698015834,815.0890506250669,5.6765761167633215,2.506147037511921,1.2343424194385682,9.41706557371381,,,,-9.210430258181933,2023,0,-1.0449388252036604,Tech,neutral,1.2,47.12291779697034,14.998467331783896,6.0,0.4479068453286275,11.025712156927986
IPO_Synth_2171,,440.8283483590494,667.195528912257,3.2270106400417164,1.1904129761897326,0.8222804201183241,5.2397040363497736,,,,5.191984924788592,2021,1,-6.123282840518669,Tech,bear,1.2,51.3418081487517,26.061947434506507,11.467421480155247,2.392747427326322,6.817032763906499
IPO_Synth_2172,,268.2952005025753,5388.098916364331,19.793180675853232,7.824819570214852,4.502481914520615,32.1204821605887,,,,-2.67793810893619,2020,0,-11.031062530709683,Retail,neutral,1.2,76.57665863006648,21.42527235814013,12.43336502731749,0.7329756864702454,5.284850354968101
IPO_Synth_2173,,199.7501442126829,5984.78076254159,15.556994508144903,6.397450341314632,2.5688928205876533,24.523337670047187,,,,17.91799082171861,2024,1,5.80545589892797,Mfg,neutral,1.2,58.739678013585944,24.242318599892503,12.70082258138606,0.8470595862641765,14.618929617012538
IPO_Synth_2174,,479.5785812397584,71.9742,3.8708655307369195,2.3580086504747317,0.7067866412785473,6.935660822490199,,,,-14.565981268186945,2025,0,-11.559908198151144,Finance,bear,1.2,65.03833903828769,23.28013387216784,13.651605742176319,0.8861067998593974,10.624044341773633
IPO_Synth_2175,,188.24633816901468,71.9742,38.869401225422756,13.152419513626747,13.398144304645527,65.41996504369503,,,,46.14572269746304,2026,1,19.541985933637086,Auto,neutral,1.2,87.95442375295922,28.45229879168183,15.027573334741028,2.5,10.237790484322998
IPO_Synth_2176,,138.68395982523853,738.0507587509875,28.90532352400569,11.039760238811061,5.7240522639158575,45.66913602673261,,,,49.64716579903441,2021,1,13.409652524899505,Retail,neutral,1.2,96.0,22.72785507278206,9.614392750511238,0.05860960351030381,15.413736960325576
IPO_Synth_2177,,40.04,2644.134693756061,171.14206236820976,51.44582509860595,46.182953685573985,268.7708411523897,,,,29.61543323587116,2018,1,22.70152522868416,Tech,bull,1.2,71.52697348120412,24.941657616379278,16.582290971234283,2.065467634752256,6.806923569312078
IPO_Synth_2178,,436.884508193555,184.71772318907566,10.0,4.157299993570383,2.4177431591717853,16.575043152742168,,,,24.26560906922088,2025,1,23.27938100968898,Finance,neutral,1.2,69.74441989176637,21.003698236977602,20.45999447330864,0.1014209135386902,4.0
IPO_Synth_2179,,779.2973579007884,2698.85476652456,49.930362038042226,35.980861015165004,16.10011104500612,102.01133409821335,,,,87.72180065312631,2019,1,25.34146395952419,Finance,neutral,1.2,38.67851323287051,14.315336848580513,20.987903495783883,0.0,4.56533071894971
IPO_Synth_2180,,656.4287337029398,6598.269781994248,9.702374997095932,4.269573694153174,2.808085816946134,16.780034508195243,,,,4.12281318932686,2024,1,4.209178832653209,Retail,bear,1.2,66.63327980218405,18.646298056688124,13.829215755447315,0.42038918839241457,8.40731560683082
IPO_Synth_2181,,924.4658412640274,71.9742,97.28607137628251,62.13361270956531,11.690171747803163,171.10985583365098,,,,35.26001535858395,2021,1,58.19805511638537,Retail,neutral,1.2,61.115915253503324,23.539515795429665,19.022495559665465,0.41545646702256955,10.35152103711477
IPO_Synth_2182,,184.41717567860726,361.70624118084174,4.729295950089651,2.2740912695845568,0.8931770457808497,7.896564265455058,,,,33.90316241627571,2022,1,17.36448566633136,Finance,neutral,1.2,76.06046856201307,24.066036406783695,11.935499219276462,1.0620134472967129,14.174929922359386
IPO_Synth_2183,,705.4465024687206,71.9742,17.074707809695894,8.107068572903701,4.746399713058347,29.92817609565794,,,,-29.71144280213289,2018,0,-11.559908198151144,Finance,bear,1.2,52.946756501945565,28.70616777941084,13.454863380844975,0.0,12.52965059315197
IPO_Synth_2184,,40.04,71.9742,11.255104953614396,7.45071596514718,1.5795324476494141,20.285353366410988,,,,-3.637333176449027,2018,0,-9.403368275476685,Auto,neutral,1.2,63.612907149265304,17.240477656910496,16.793361360291183,0.6478599711685893,4.0
IPO_Synth_2185,,657.0947772555556,754.747682166463,17.99775192396502,4.7407829170698,4.064968567025682,26.8035034080605,,,,-7.1641378580975115,2023,0,-11.559908198151144,Mfg,bear,1.2,70.89418187576794,21.355989392504775,13.493795931419951,0.0,16.0
IPO_Synth_2186,,976.4531348589076,71.9742,65.8978495943927,44.971542619161745,11.824859197571525,122.69425141112598,,,,43.95847898102118,2018,1,12.66592905128611,Retail,bear,1.2,94.17376634682005,19.225070476350975,9.312421585729227,0.0,8.768396500412912
IPO_Synth_2187,,585.0621369813414,2875.238430103429,34.309642369286884,16.901074816800634,3.9863878534571158,55.19710503954464,,,,12.773785420548405,2023,1,9.654565368119002,Finance,neutral,1.2,88.14789226701014,29.745875251512402,18.749648207199005,0.0,13.683412215964266
IPO_Synth_2188,,982.473358673181,1914.7003848771383,15.035650550975532,6.3986254654314765,5.251750086351029,26.686026102758035,,,,0.3138990031862121,2026,1,2.1527584972491867,Infra,bull,1.2,82.78930241962945,22.258691551502228,11.271282510671746,0.13519609612983047,11.63803502062677
IPO_Synth_2189,,210.303729356976,2300.0980748053867,52.46008633539754,36.90134149347935,17.434645415367747,106.79607324424464,,,,43.59229589118061,2016,1,55.812654115731334,Tech,bull,1.2,73.0881468660906,22.37356527812984,12.660106909066291,0.0,10.016039403124587
IPO_Synth_2190,,368.9706582013326,723.4570641954199,21.474896747280823,9.017946430787438,6.160751419643885,36.65359459771215,,,,17.91417805205297,2026,1,24.1722385673227,Finance,neutral,1.2,52.23612239886182,19.786041613771953,19.762002100991808,0.07336917786197761,9.288846544262446
IPO_Synth_2191,,102.03752611586053,963.1607160472352,59.48191842478846,43.948136765881394,8.937542425932469,112.36759761660232,,,,58.477359763318155,2017,1,28.005497939864103,FMCG,neutral,1.2,73.07769663808968,18.649587500655336,17.41706388229859,0.0,6.662899013331371
IPO_Synth_2192,,426.7058045700268,608.946792651325,22.657024925104686,16.27178250279501,7.86496814432934,46.79377557222904,,,,-0.1,2017,0,-7.860194089260183,Pharma,neutral,1.2,46.09917728331841,11.30798159399887,15.792500113972647,0.5981497781967504,6.136405833290258
IPO_Synth_2193,,506.93883717912587,874.5314829259084,2.682433717876071,1.0299515585949452,0.6912579939886269,4.403643270459643,,,,-6.367213747532129,2025,0,-9.33344382545253,FMCG,neutral,1.2,56.28806036895044,12.432787376701695,8.388116803165122,0.0,9.501287672550076
IPO_Synth_2194,,423.71529393408997,2612.424725767337,16.009887129391238,6.728977332518213,5.467678392622273,28.206542854531722,,,,34.70557422570778,2018,1,13.087331469669838,Pharma,bull,1.2,92.01063894185997,21.073066771303495,9.765148654817034,0.0,5.835419383572219
IPO_Synth_2195,,252.86294794018391,71.9742,14.297773257872732,9.380537024645543,1.5819732162940565,25.26028349881233,,,,32.65150925817697,2023,1,16.035104264518836,FMCG,bull,1.2,69.68367104113788,20.32489493336201,16.78795927678707,0.0,14.943740712710541
IPO_Synth_2196,,247.20054365228566,2271.2634120021366,4.055462841889524,1.4105104205341563,0.5814222962661291,6.047395558689809,,,,-13.037782588825902,2017,0,-11.559908198151144,Auto,bear,1.2,64.08623528673289,21.10654052674718,17.8351427071928,0.0,10.290849741654503
IPO_Synth_2197,,532.727463291603,71.9742,72.11608009525594,44.42175883402887,19.421705664070814,135.95954459335564,,,,22.81299084564494,2016,1,8.388427822065077,Finance,bull,1.2,66.40279552507444,25.64833551712853,16.138587120584184,0.5411372399790096,16.0
IPO_Synth_2198,,360.41193023224236,639.7470699180366,32.52543566520434,10.231707577857621,10.62914739943225,53.38629064249421,,,,41.229598172416694,2018,1,12.595318703859792,Tech,neutral,1.2,58.31109833273891,20.55763465062344,12.868170660769044,0.0,8.693156051290417
IPO_Synth_2199,,40.04,71.9742,24.099191085058678,8.502261209862258,3.468971392367963,36.070423687288894,,,,16.570047566163844,2021,1,7.6343493792519075,Pharma,bull,1.2,24.0,17.910131563911246,12.720275725407326,0.0,8.22844179565649
IPO_Synth_2200,,40.04,588.1723672426052,8.358519269968777,4.181373544581295,1.4984698635918232,14.038362678141896,,,,-7.425163564241055,2019,0,-5.31321325084963,Tech,bear,1.2,37.24103132525689,18.74014269652956,15.97123975641145,0.0,11.772607630361374
IPO_Synth_2201,,211.41166674953962,2245.0849410183164,0.5,0.5,0.5,1.5,,,,12.316518240093261,2018,1,0.613756458798688,Finance,bear,1.2,71.11029029394815,21.463440832548656,9.367025579593601,0.0,9.222157644470899
IPO_Synth_2202,,40.04,2711.5315569718196,17.895121468390627,11.08986306387552,6.261775992566826,35.24676052483297,,,,11.848683812739303,2025,1,8.463048195959384,Pharma,neutral,1.2,43.4301872911487,17.719988063838198,15.41260057740848,1.6371279818857094,12.919252447258348
IPO_Synth_2203,,129.40323175927185,71.9742,27.865334668185145,15.45024511857994,8.357267283236975,51.672847070002064,,,,3.7810709704039738,2017,1,14.25591937934273,Pharma,bull,1.2,58.06345666885242,26.386361303691086,8.750533532172975,1.7978614952770322,14.314651911961372
IPO_Synth_2204,,270.2270174397453,2585.9510824499553,10.0,3.8605633694795296,3.308906947457228,17.169470316936756,,,,56.231235334070774,2017,1,25.380090336828708,Pharma,bull,1.2,37.90602380482994,19.93235628264547,10.26317199287562,1.9189145863349408,13.297451128569792
IPO_Synth_2205,,364.9166810901582,4488.533130497596,93.90153627600422,42.977693858057286,25.23633212867229,162.11556226273382,,,,43.29848736199944,2017,1,35.68341955357334,Tech,bear,1.2,47.06434305511596,21.50997389657222,15.801963455055477,0.0,14.093256885378107
IPO_Synth_2206,,187.32394210915297,236.72855291039767,25.829062622489854,9.637007510698808,8.248325635554599,43.714395768743266,,,,21.03812799317666,2025,1,5.920277852704975,Finance,bear,1.2,59.92329242078203,15.100598408810503,17.624544055024835,1.7971095651806244,12.452758743348198
IPO_Synth_2207,,1163.3052986019065,1524.147921084391,2.4067272313090164,0.9350344980236491,0.5457524948252568,3.887514224157922,,,,10.791182433388165,2021,1,2.4183037830333487,Mfg,bull,1.2,76.62949145847533,26.38925577723976,16.538099098936275,0.9069978791508783,8.352849398167043
IPO_Synth_2208,,40.04,71.9742,135.5353756662582,55.78798845143384,17.760509373900778,209.08387349159284,,,,21.222359786770884,2026,1,21.762816098193063,Auto,bull,1.2,80.23789265358629,28.633794049245235,9.984607867858815,0.0,13.4196300905217
IPO_Synth_2209,,827.871906830198,71.9742,80.12890411676835,44.02473143816775,22.226905014412374,146.38054056934848,,,,64.51573086183228,2024,1,25.511100894401608,Infra,bull,1.2,46.776529791202265,11.82111721705012,6.580419399894992,0.0,12.09280171322352
IPO_Synth_2210,,359.29116007636776,2225.9174141818457,0.5,0.5,0.5,1.5,,,,5.211239095171415,2019,1,2.8934860214748985,Tech,neutral,1.2,65.52065829460365,22.405334486496066,14.962581422910683,0.3280192828938032,8.14681626116498
IPO_Synth_2211,,190.2203987141355,4008.789736188836,54.9680566076732,14.911996022054753,12.166493110468162,82.04654574019612,,,,57.89377580991458,2024,1,29.397018567650818,Pharma,bull,1.2,34.34228318089602,19.352533581866382,6.45279626261069,0.6024516705108154,8.52726184332264
IPO_Synth_2212,,615.5297152953245,71.9742,116.85212666803429,69.67043100896124,19.718530989963813,206.24108866695934,,,,77.0974629747258,2021,1,33.49164347812792,Mfg,neutral,1.2,61.01539078771005,21.704215012754158,19.24991621603503,0.8629046388179211,9.72456773979646
IPO_Synth_2213,,260.12553919832106,8470.006911043423,64.63839609077206,16.864364402529546,19.136245838493746,100.63900633179536,,,,15.407975160149142,2022,1,40.246358034429456,Retail,neutral,1.2,77.15972257328262,22.71256192356384,10.133991217460942,0.49821359306077584,13.334438681781373
IPO_Synth_2214,,139.17439713937168,2338.805159924537,112.97292579834689,83.07943204666385,34.46832439285483,230.5206822378656,,,,56.73346522708111,2021,1,50.77844678569882,Retail,bull,1.2,58.79314692423202,8.0,24.0,0.15147934380537625,10.350787555654875
IPO_Synth_2215,,1026.1957570645545,71.9742,0.5,0.5,0.5,1.5,,,,3.598510426734898,2024,1,-6.460833740695636,Finance,bear,1.2,83.68237033734879,24.55692072680433,10.671037432131454,1.8520907157841409,9.983052842440634
IPO_Synth_2216,,40.04,4872.222787557163,14.422698479327433,3.65313519410174,4.787494184991567,22.86332785842074,,,,21.980457323537166,2018,1,12.591555608996945,Infra,bull,1.2,75.0645474454952,26.674386456612165,17.0832912305733,0.3862174407029969,9.522546273606482
IPO_Synth_2217,,331.1766610442486,71.9742,9.884111764056684,6.842697982446174,1.902053234148426,18.628862980651284,,,,29.651495262487547,2016,1,12.53484060868598,Tech,bull,1.2,64.34384187050372,27.348829632051807,11.685266071331746,0.32897194431839794,8.939957085224433
IPO_Synth_2218,,479.7478549679952,2376.6450141389696,7.290075737615805,4.0088291722993405,0.9250422571896033,12.223947167104747,,,,51.08352664507262,2024,1,10.168182738921749,Retail,bull,1.2,55.505313948318474,14.332267157258173,14.243217624373683,0.2827291050740259,6.508241523198623
IPO_Synth_2219,,895.7826080793243,71.9742,0.5,0.5,0.5,1.5,,,,-7.541444954529467,2026,0,-1.761049297441023,Tech,neutral,1.2,50.38206378253985,19.814163485328738,15.8278809778586,0.3867995923857963,12.38567444925839
IPO_Synth_2220,,278.7237435911473,71.9742,1.0895046415468004,0.5093568838231808,0.5,2.098861525369981,,,,-26.93714265150287,2022,0,-11.559908198151144,FMCG,bear,1.2,33.756596398393334,16.766505084566596,18.871316038767283,0.0,6.947768112566364
IPO_Synth_2221,,1323.7871424231066,4026.189791234512,17.15723544514187,7.327699839922341,2.0582805895840006,26.54321587464821,,,,21.399813059529336,2017,1,14.296595176301135,Pharma,bull,1.2,36.68716842349544,8.508525497088183,19.58781876048977,0.0,10.202875930398445
IPO_Synth_2222,,674.1263878784647,845.5888520059606,2.3780548624553015,1.3735519360485813,0.664911597130482,4.416518395634364,,,,-8.973384966864463,2017,0,-4.338539094343603,FMCG,bear,1.2,77.90882380097881,16.276776704036234,18.272936238293006,2.5,8.77344259516036
IPO_Synth_2223,,40.04,6013.5816083863865,2.0,0.9060008748911285,0.5975479276489212,3.50354880254005,,,,49.38275471037912,2021,1,14.151892759477049,Retail,bull,1.2,87.24643451252214,13.495351162215396,19.669340197059565,0.0,12.299014941687865
IPO_Synth_2224,,40.04,71.9742,8.955764850951256,4.729577918714137,2.125803780260991,15.811146549926384,,,,-7.464458187087891,2025,0,-4.894494513478972,Pharma,neutral,1.2,40.54134020925568,22.007157996727692,12.227487042207454,0.7717766596666946,8.973984897467405
IPO_Synth_2225,,495.7553792567905,71.9742,19.395359629918218,7.543077224706751,6.271239593087381,33.20967644771235,,,,-26.333369270712605,2022,0,-11.508827510426928,Tech,bear,1.2,61.22736464566827,10.21131256775409,17.9195815987742,0.8425245472723621,6.981272411203303
IPO_Synth_2226,,40.04,273.2335447691381,26.23863164127542,10.923738057504377,8.883655934429823,46.046025633209624,,,,20.511502721449475,2019,1,17.36161246426372,Auto,bear,1.2,31.659478490918204,14.122708991255811,13.465976562013513,1.5127239797213556,12.967926678269759
IPO_Synth_2227,,601.9541503325702,9045.574778104363,11.758840004344332,3.422944018365668,2.4916426002744423,17.673426622984444,,,,28.909498599572235,2022,1,15.557111720238204,FMCG,bull,1.2,42.41789580523377,16.883215178818794,19.438023921990684,0.8667806701634697,7.522027077016823
IPO_Synth_2228,,259.8344288386584,3692.3984313045107,63.21663643839673,40.50201351336051,7.730243591425587,111.44889354318283,,,,38.76833750824029,2017,1,24.827993183789072,Finance,bull,1.2,64.67692804573274,24.620961348092006,15.520083861339822,2.3908666487003507,10.464040779098813
IPO_Synth_2229,,40.04,2963.518101272976,96.68584038732561,41.03592778472378,15.258575236775185,152.98034340882458,,,,57.71154851807325,2021,1,59.59877926961362,Tech,neutral,1.2,50.66345336477228,32.0,17.791181243822276,0.7396458496024926,13.821401913550375
IPO_Synth_2230,,85.33204005624252,3049.535169539269,7.740356650937743,5.708509722732646,2.0465813445240455,15.495447718194434,,,,24.200526339257706,2026,1,18.292057966141464,FMCG,neutral,1.2,25.508516543196027,21.81853972901732,16.31164011943761,1.8478546816822345,7.809590266937889
IPO_Synth_2231,,705.8236875720387,259.7556633549406,149.67006632212903,56.85657679734117,30.15045051309993,236.67709363257015,,,,24.990609589866725,2022,1,22.789245351932085,FMCG,bull,1.2,90.93956581331358,13.807335163079461,18.42170208331516,1.5399724136006603,9.689455516495798
IPO_Synth_2232,,40.04,8626.089771125378,4.620071614406494,2.2524066053321032,1.25320527581879,8.125683495557388,,,,-8.277128070678682,2017,0,-11.030588149824428,Tech,bull,1.2,59.11536051404658,15.925401184222862,11.36556505598248,2.041990244866348,8.706456808594654
IPO_Synth_2233,,771.8731372025578,2714.1372681774646,12.745404981557915,5.13341706077366,3.3989929888987165,21.27781503123029,,,,-14.88941908129375,2018,0,-11.559908198151144,FMCG,neutral,1.2,40.12070013378287,23.94834848454047,7.926384781638746,0.5248375144285492,10.394348679504844
IPO_Synth_2234,,781.868637546311,2470.0623845485857,10.0,5.969626874578369,2.5134203415292844,18.483047216107654,,,,43.32268869709585,2016,1,46.54748154250322,Infra,neutral,1.2,62.30461573748363,11.923973137294801,19.450355132177425,0.8978938399846219,9.794602505392023
IPO_Synth_2235,,301.6182232705882,4085.3044005502234,11.170808396756915,7.307752500463188,1.5578601805749084,20.036421077795012,,,,-7.103205401664439,2020,0,-7.69584565858704,Finance,bear,1.2,58.54439053611944,26.58031580784118,21.052474525775825,0.1308234622605549,12.761198422671994
IPO_Synth_2236,,40.04,71.9742,5.362552012977445,2.6464481898844916,0.9195641129007859,8.928564315762724,,,,-23.87818329528051,2018,0,-10.30301955084664,FMCG,bear,1.2,67.59286047585654,21.640457927762604,14.478459335867148,0.6597535911761047,8.13784186742262
IPO_Synth_2237,,604.6974138586013,71.9742,43.580469774554345,18.890555106134823,8.474893776116362,70.94591865680553,,,,41.75188369975072,2026,1,11.444554009011105,Auto,bull,1.2,53.882613612492776,19.24957092039914,18.649953675777535,0.7149874068581826,13.82255506145245
IPO_Synth_2238,,248.68864295877228,882.714690424031,2.0,1.2447513190638464,0.6122089949657946,3.856960314029641,,,,12.97777345384106,2019,1,10.33875230521722,Finance,bull,1.2,65.65665273167859,9.890682961353562,7.668102395914614,0.0,14.813996759998457
IPO_Synth_2239,,40.04,4102.1330688481075,0.5,0.5,0.5,1.5,,,,-13.653017773447562,2016,0,-7.241927153929261,Auto,bear,1.2,76.98544752168202,25.522322732259134,12.203071234925634,0.3568565607772768,10.769634138111218
IPO_Synth_2240,,1066.9573034234738,71.9742,29.35820845402677,16.139180972708637,7.669349500516041,53.16673892725145,,,,22.23086997224748,2020,1,5.690313327219411,Finance,neutral,1.2,36.27268548698771,15.430253056722488,15.368795884311082,1.3898727249611966,7.629565665131473
IPO_Synth_2241,,112.71905087754963,1346.4520354231656,141.4059547988055,87.22092233402665,37.901651226077796,266.52852835890997,,,,26.702785726773623,2024,1,38.89778449994392,FMCG,bull,1.2,47.52142703427105,20.92215338193366,7.191297565637775,0.0,9.876673300925749
IPO_Synth_2242,,40.04,978.1496251868772,0.5,0.5,0.5,1.5,,,,-12.19569415682897,2023,0,-5.153126367306146,Retail,bear,1.2,75.10671531378439,19.05703846422131,8.117303126412068,0.0,9.625362911250361
IPO_Synth_2243,,512.1914020154051,71.9742,1.465347399465446,0.8467505113000052,0.5,2.812097910765451,,,,-12.10025706390159,2026,0,-11.559908198151144,Mfg,bear,1.2,50.07506769122019,10.497200033219753,15.710782858833706,1.6556473028412997,15.317100140980203
IPO_Synth_2244,,391.6463641839068,197.05567546051364,51.70270299866541,31.93226525780786,7.769891093028096,91.40485934950136,,,,64.32083325667185,2020,1,32.6910423534918,Pharma,bull,1.2,58.52989509225753,18.61588665147929,12.274432896130739,1.8431280808784762,9.69048996714788
IPO_Synth_2245,,922.4829487668833,2933.217618407629,95.70437072871626,29.54473500110906,12.927319456061554,138.17642518588687,,,,35.44905784768908,2021,1,22.945400649940897,Pharma,bull,1.2,51.53293501112968,12.738296144850887,13.439959075663305,0.0,14.14839228247802
IPO_Synth_2246,,284.84175823502625,71.9742,0.5,0.5,0.5,1.5,,,,-3.121572983844918,2022,0,-1.1389447314445755,Tech,bear,1.2,52.65554954685095,16.087883980617896,13.171639173970677,0.6739847247829848,10.334355115753777
IPO_Synth_2247,,288.45025655053047,5195.3819437232605,0.5,0.5,0.5,1.5,,,,-23.33332075532217,2016,0,-11.559908198151144,Mfg,neutral,1.2,51.127169443577145,22.596676692098555,9.223894207253803,0.4219475598014129,10.137494489108295
IPO_Synth_2248,,529.3312942372177,2740.0623906481424,8.986708270126156,5.733328446243414,2.6684461840990243,17.388482900468595,,,,-10.560476600231457,2016,0,-3.8249077079693587,Pharma,neutral,1.2,37.34361534569415,24.214759884992077,14.021147226629067,1.6769759608988757,8.936807787847883
IPO_Synth_2249,,482.97457728492446,2422.403620207651,24.094069986959322,12.860271691916527,3.1029054323756027,40.05724711125145,,,,36.77793171765841,2024,1,11.1068083383703,Retail,neutral,1.2,68.26554515692418,19.890518843087143,14.938332791771304,0.0,9.216723048461072
IPO_Synth_2250,,493.39970583282343,1543.0841693568846,141.0260986878167,66.95647501037728,18.030980591291684,226.01355428948565,,,,28.8846406112095,2020,1,37.51906527088706,Mfg,bull,1.2,79.12145742620078,14.696341847332773,12.37780340763038,0.12135377214121956,12.669145615753294
IPO_Synth_2251,,507.7168592259526,71.9742,6.690245548183487,2.7388943648478774,0.8768637551172079,10.306003668148572,,,,-9.426387726609025,2023,0,-10.143683819066435,Infra,bear,1.2,56.823168358244914,16.115531750748108,12.74336086438559,1.8407672150297276,7.808192770388912
IPO_Synth_2252,,471.0526768696845,71.9742,15.470140026634652,3.898949966492931,2.5905588391535974,21.959648832281182,,,,30.835249247068163,2026,1,10.46152127513629,Auto,bull,1.2,77.09033273928259,16.01136415466934,14.082120270744795,0.0,12.879212699000208
IPO_Synth_2253,,272.5574133373854,2463.6550787945844,56.44344641447459,14.681507414018162,8.497661581701289,79.62261541019404,,,,83.4265228249652,2018,1,26.90272168388187,Infra,bull,1.2,51.16051004616295,8.0,18.688925437888717,0.0020412064512692063,14.322620163759638
IPO_Synth_2254,,699.2529400278746,71.9742,10.40331987689514,3.8515494689870025,1.076642477817861,15.331511823700003,,,,-22.440732400326894,2024,0,-11.559908198151144,FMCG,bear,1.2,50.09791499940911,20.439561070121947,14.574920688971508,0.6328983631633588,8.224526368563751
IPO_Synth_2255,,291.8862388404754,2013.0725237070374,58.40064641004116,18.007565007884654,9.87704310280367,86.28525452072948,,,,58.67655606776789,2018,1,34.66469632828209,Finance,bull,1.2,67.39254425309834,10.003548698255145,6.331524474121113,2.0237698137092837,13.623915724930093
IPO_Synth_2256,,689.5767365025158,71.9742,10.647663250292903,3.298574719773341,3.7168183144765847,17.663056284542826,,,,-2.2982647923905013,2024,0,-11.559908198151144,Retail,bear,1.2,67.69274366803896,20.457174254452877,9.627644143899083,0.0,13.144713584328807
IPO_Synth_2257,,888.8619275299549,2696.8134125191455,40.40889636584061,22.28024559370353,7.440151086052956,70.1292930455971,,,,34.0659525304993,2017,1,19.476043317328287,Tech,neutral,1.2,57.97034287234449,11.243388419973162,19.193162876151415,0.0,12.607633060619577
IPO_Synth_2258,,183.38373765244563,2891.1242186894183,20.15929424596766,11.142599568283597,3.0806376715164117,34.38253148576767,,,,37.326598437473514,2019,1,17.62965288304749,Auto,bear,1.2,72.17858598711287,12.762473463919898,11.914777405568621,1.092550821662757,8.09181249398816
IPO_Synth_2259,,1236.159510106659,71.9742,175.76285513312857,47.87535067580229,39.35830940751448,262.99651521644535,,,,86.31774533517793,2021,1,35.76415090363512,Mfg,neutral,1.2,36.834416321129034,24.011693783648127,14.601809828646314,1.2469499687178052,9.641777219185867
IPO_Synth_2260,,171.40362708200922,1696.9708210785216,10.0,5.469676259002067,1.5734211606236923,17.04309741962576,,,,21.579646548299507,2021,1,24.21425803898062,Retail,neutral,1.2,54.528502928820316,20.147416359116814,23.6620096887951,0.711555677017998,9.637690891647495
IPO_Synth_2261,,173.87149116776504,71.9742,10.499877594683007,3.390508092862072,2.519039287048104,16.409424974593183,,,,-25.138373277697823,2016,0,-11.559908198151144,Retail,neutral,1.2,77.36672086971889,8.690945872349296,17.843171185131776,0.38327879866199255,16.0
IPO_Synth_2262,,599.275293258935,71.9742,0.5,0.5,0.5,1.5,,,,0.1,2025,1,-4.693990060628167,Auto,neutral,1.2,77.31827251415103,16.647213864007856,6.0,0.6296524042555068,9.969811354808302
IPO_Synth_2263,,565.6535389329945,71.9742,5.869636906006796,4.371951680493745,1.90299691575189,12.144585502252431,,,,35.348139041181405,2016,1,15.281894400474238,Mfg,neutral,1.2,75.04846240930894,21.57169125135085,21.502085336846765,0.0,9.450132198121496
IPO_Synth_2264,,439.3531481052593,8801.962963672737,54.8983858333319,28.053222376905357,18.225156003124116,101.17676421336137,,,,9.188915295287938,2025,1,8.070867277314967,Retail,bull,1.2,78.37330484652722,16.284256263919485,15.67341023915238,0.6014220310566721,6.556193784432301
IPO_Synth_2265,,694.3250492886697,3540.0548098138584,53.79453884481886,14.368198917628645,14.969154270394347,83.13189203284185,,,,13.470717069698697,2018,1,22.627551847843943,Pharma,neutral,1.2,53.29427005375129,17.941089473128187,16.661851425622615,1.9821229042667818,7.0844336468681
IPO_Synth_2266,,501.11692443096473,5145.326091133539,125.83665038527107,53.33323438545706,19.36922544927765,198.53911022000577,,,,78.7450266344126,2023,1,29.37479320643024,FMCG,bull,1.2,29.306434501182174,21.464434721143796,16.36876559679971,0.0,7.947555384074217
IPO_Synth_2267,,1120.4502462463383,3105.43923780014,137.81951331709845,80.68630719738488,30.11006813910943,248.61588865359278,,,,31.61080579372935,2023,1,25.45930599080922,Infra,bull,1.2,55.3418449519212,20.26821938746515,19.110103403346823,0.0,11.084012689801746
IPO_Synth_2268,,396.64103823529746,2056.526713156006,15.31309258138412,5.5479172458461115,2.7005525664870405,23.561562393717274,,,,10.719131595376696,2021,1,7.653269940004338,Pharma,bull,1.2,71.44792315728867,14.046462242300858,14.641163534982207,0.10312105487454842,5.727821165577234
IPO_Synth_2269,,122.93918717029862,3852.4164263373577,10.206687014869383,7.473587505400239,3.057610771043572,20.73788529131319,,,,-24.70633481964782,2021,0,-11.559908198151144,Retail,neutral,1.2,74.3898613049846,20.133813751659776,8.332942048364993,0.16607365317029815,8.002364161391352
IPO_Synth_2270,,226.36601699647443,71.9742,8.750613031688292,4.048443545451648,0.9388841381059023,13.737940715245841,,,,6.207914178205015,2016,1,2.432911471784146,Tech,neutral,1.2,50.52711314812635,18.27593314589874,16.455866554264432,2.3413649405335257,4.417038124248519
IPO_Synth_2271,,575.8198081673595,2746.4896367510137,78.33658957737165,20.410101241140843,20.807993947314262,119.55468476582675,,,,29.18698574515733,2025,1,21.30209633025012,Finance,bull,1.2,42.575716138342685,30.344710309854833,8.781821964231437,0.0,14.205712779216515
IPO_Synth_2272,,580.8162880173769,4585.679061415164,0.5,0.5,0.5,1.5,,,,-3.39912749295823,2017,0,-11.309474476852788,Tech,bear,1.2,44.36683149269433,19.38150330499103,23.174646530161308,0.0,10.31922390338975
IPO_Synth_2273,,485.35136918642667,3342.31972417063,64.37998906990819,37.861537579977885,14.179766347141461,116.42129299702755,,,,108.32390001436923,2023,1,25.95325745591425,Finance,bull,1.2,50.213962820911085,20.80983606180398,13.370365705693311,1.271071694915229,10.931235179463924
IPO_Synth_2274,,124.64371729258896,4756.64536971266,136.24916236610446,65.12649855134262,24.626864808260244,226.00252572570733,,,,24.83541360486696,2016,1,31.950854620305375,FMCG,bull,1.2,25.851488606091646,21.558717516490542,14.767167666836267,0.0,6.730040085121399
IPO_Synth_2275,,793.5205556431981,1997.0673069573054,42.026593190697994,30.0105774449969,8.035379837972524,80.07255047366742,,,,31.784104213438937,2024,1,15.036506026367354,Mfg,neutral,1.2,50.51137547025251,18.066171895804633,11.957884137308113,1.2876746358889717,13.483879510217044
IPO_Synth_2276,,1076.4706147771178,5926.145404077212,10.071086435258874,7.05949001745797,2.7049997495238927,19.835576202240738,,,,-3.286633415746426,2019,0,-11.559908198151144,Mfg,bull,1.2,60.86178097061318,15.680462903663805,16.526253132644847,0.30293818914532467,14.509183538624795
IPO_Synth_2277,,424.8050412391555,979.7576307414988,0.5,0.5,0.5,1.5,,,,-26.59794419545332,2021,0,-11.559908198151144,Mfg,bear,1.2,58.23808221898398,22.758606170346077,17.04464467648945,0.9590198708950177,10.20076786359736
IPO_Synth_2278,,1033.2990480221897,7033.984772757785,112.94903844333203,32.75229392426451,18.187315243230703,163.88864761082723,,,,37.35201995919687,2016,1,53.113008226328546,Retail,bull,1.2,54.05512929521807,22.807674457633098,11.94583760377758,0.0,8.56263899402951
IPO_Synth_2279,,710.7228449907099,3014.833405879001,18.75195052985827,7.616189067390473,2.0797677140519917,28.447907311300735,,,,6.875103986552026,2018,1,0.4622009677585715,Infra,neutral,1.2,47.593319665886376,32.0,17.03878724036443,0.9556564079136651,11.656735611801858
IPO_Synth_2280,,1172.6941489776282,522.3843789781544,22.661578738777898,12.556017789495375,7.115859285401919,42.333455813675194,,,,-5.105900557400763,2020,0,-11.559908198151144,Retail,bear,1.2,49.68947099785221,24.45449240396275,15.304767998111853,0.7177964564024506,12.204391526113929
IPO_Synth_2281,,576.2706019845026,71.9742,113.28323511391771,62.39614049598735,25.270846902019525,200.95022251192458,,,,65.11034713089157,2023,1,39.024863373309856,Pharma,bull,1.2,50.00775595628635,24.55567579381248,14.568589704822683,0.24461928828824525,12.611004330562691
IPO_Synth_2282,,461.4837586315392,71.9742,2.0,0.7716430997250232,0.5093651121245917,3.2810082118496147,,,,33.80441672330216,2022,1,12.579811888808129,Auto,bear,1.2,72.69864296737218,24.30641239019167,11.618081083153266,0.0,11.991672391041122
IPO_Synth_2283,,702.5743962114934,71.9742,105.50514442473433,76.5492863812592,23.43531101564531,205.48974182163883,,,,57.87311398397877,2018,1,36.204668760920526,Tech,neutral,1.2,59.983279164429035,15.858065486640871,24.0,0.7168352234367115,12.891977265884268
IPO_Synth_2284,,266.71560124032305,1290.8409040186905,38.11916987214433,15.387407426324675,9.710288709409802,63.216866007878814,,,,12.041307730713024,2022,1,18.28489734541233,Mfg,bull,1.2,96.0,12.452156991712966,20.322563394947867,1.224046040982935,7.922091765591073
IPO_Synth_2285,,553.887609944507,71.9742,104.52119456480159,68.15824150601674,26.83509738438846,199.5145334552068,,,,36.73343380372227,2018,1,22.21522370759289,Mfg,bull,1.2,54.01793665055704,13.978444159298746,18.27763342853456,0.0,12.73572222981823
IPO_Synth_2286,,869.3759456267575,4886.736064146568,85.04507040659409,56.63917411900693,8.824287917467226,150.50853244306825,,,,27.364496036043665,2022,1,20.147265049268682,Auto,bull,1.2,67.8817166806,24.127832798348393,20.0691776858344,0.0,8.638596271351101
IPO_Synth_2287,,694.7552314429913,1809.9754773415298,77.06042252062169,23.057827704838626,17.97933546159699,118.0975856870573,,,,83.55816538032337,2021,1,27.38629889566581,Finance,bull,1.2,54.41939188617957,28.52975932796685,16.34958795237507,1.2938888112793117,4.0
IPO_Synth_2288,,404.24738907819835,1704.3661271207106,104.71219223292833,38.35361068053642,23.61542576368478,166.68122867714953,,,,42.429746851441394,2018,1,61.58053054237339,Pharma,bull,1.2,53.98196874225458,24.404016634286666,13.42800510460116,2.2102211213061453,8.611048281202274
IPO_Synth_2289,,483.28120960467174,71.9742,116.05878759069276,41.50212965393229,14.385994951684113,171.94691219630917,,,,22.74995599827812,2018,1,33.305970544800154,Auto,bull,1.2,88.12268822162365,18.99838967360978,6.0,1.4396191183575784,8.338290001964314
IPO_Synth_2290,,673.6337254757372,71.9742,9.560673110206043,6.786411085078714,2.73885047397506,19.085934669259817,,,,-9.427298740816594,2021,0,-11.559908198151144,Infra,neutral,1.2,77.9558707520698,30.060047164811323,9.514559758416262,0.7294634871496852,10.72311109582994
IPO_Synth_2291,,662.2827703125726,71.9742,105.44252791518821,44.87132735059266,16.76165483081335,167.0755100965942,,,,43.55143225941118,2022,1,21.95772693172789,FMCG,bull,1.2,28.415583403349654,17.338073418222923,24.0,0.25677418921108985,12.513973046005646
IPO_Synth_2292,,671.0334382542945,5732.811150128662,66.85554122873856,44.675257165291555,7.596884531568313,119.12768292559842,,,,61.540727005553116,2026,1,36.99549947589683,Infra,bull,1.2,41.59453220806487,13.111080333960821,20.220904882452523,0.4724990432566619,10.578436540120117
IPO_Synth_2293,,530.7693272062912,71.9742,73.65730017005083,36.019082779042485,22.15536042658802,131.83174337568136,,,,53.607264418197154,2021,1,38.32046709784675,Retail,bull,1.2,57.547651077783044,21.517951531987276,15.910434012373413,0.0,16.0
IPO_Synth_2294,,133.1693345960051,71.9742,8.748569994191943,4.1871489039524485,2.7670234195575185,15.702742317701908,,,,23.304365266765757,2020,1,3.0578721578847152,Finance,bear,1.2,50.691970376658276,27.75116304472536,7.901085653992393,0.34561441059889497,8.424899434377595
IPO_Synth_2295,,187.61530391413513,5200.168214503665,173.06069217861548,121.43853578166953,27.71976950077196,322.218997461057,,,,35.34874291253485,2021,1,37.50331706675728,Infra,bull,1.2,32.850111921679364,14.937199231296558,17.85649054235719,1.6198845409581688,4.036862405889526
IPO_Synth_2296,,572.350110317893,2530.576370916186,62.941319323957565,29.61078796129273,17.112887415427743,109.66499470067802,,,,42.04132633217872,2025,1,32.369621656331546,Finance,bull,1.2,62.0844897176216,9.771237261168285,13.748800889815907,0.539634857676379,10.833982168801425
IPO_Synth_2297,,698.8368279577875,1836.04103211821,138.37202300689532,86.12633906562773,14.008460997008395,238.50682306953144,,,,70.5407523138485,2019,1,67.96701306206549,Auto,bear,1.2,26.193747519725896,20.226226692410265,18.140810614239022,0.0,8.365443710093171
IPO_Synth_2298,,654.593541879118,2407.4675269509253,15.451328976022845,7.141430439098555,4.330814209604828,26.923573624726227,,,,-2.6270466730933015,2020,0,-3.9413104298418404,Pharma,bear,1.2,62.281549704912024,24.628621394785597,9.996370679451154,0.0,6.742945245651156
IPO_Synth_2299,,184.17763465726773,4004.710858061968,14.97151449730169,4.505450743319707,3.236917951633618,22.713883192255015,,,,17.294617502677767,2020,1,1.309236451117338,Pharma,neutral,1.2,73.13957994034445,8.0,12.795228744900374,0.4682337961211195,9.107400158341003
IPO_Synth_2300,,363.1854572058968,1781.7400006778462,33.1893261467722,9.178421762328878,9.894427686273119,52.2621755953742,,,,9.87213537780541,2022,1,5.665514464727487,Finance,neutral,1.2,75.7092459472987,25.86420972714317,18.98300793236425,0.0,7.64976402864514
IPO_Synth_2301,,40.04,71.9742,14.511140869789433,5.138686488891242,2.8769569229710017,22.526784281651675,,,,10.019471911425276,2023,1,1.6810241746773893,Retail,bull,1.2,57.40234674980062,11.799217204432946,23.67515648108908,0.0,7.9456344069364775
IPO_Synth_2302,,40.04,3430.215990911308,13.968484672917846,8.536616165117847,2.622847447018665,25.12794828505436,,,,5.458465930229151,2021,1,-6.971701525857221,Finance,bear,1.2,87.19468354794765,24.348978571087788,12.037019689277695,2.032817515070823,14.567511436329058
IPO_Synth_2303,,442.654258961558,2621.104379520081,28.41206325347317,12.411095554437193,8.813314589089657,49.63647339700002,,,,-15.468099584773816,2018,0,-11.559908198151144,Retail,bear,1.2,65.96926883598691,8.019793905078304,10.501745863533202,0.0,10.372973434893636
IPO_Synth_2304,,878.7490323627766,4571.247185024224,16.74453656038967,7.98804463954419,1.8362339175836748,26.568815117517538,,,,13.602373483870043,2023,1,2.8826854327445175,Mfg,neutral,1.2,75.22485530988183,11.15088878354359,19.602987243596175,0.0,9.203916272397464
IPO_Synth_2305,,448.9137166444308,71.9742,146.26338730938255,44.01624039437422,21.470184972503475,211.74981267626026,,,,39.094904279142234,2019,1,20.284670554619723,Mfg,bull,1.2,46.74725285764533,23.712310501323408,9.330366645841563,0.7913378682593588,14.79284325586856
IPO_Synth_2306,,1066.6140783151004,71.9742,0.5,0.5,0.5,1.5,,,,7.652060033942637,2025,1,1.6161026314800786,Pharma,neutral,1.2,87.3894263430531,27.294617126917704,9.65388132367624,0.058235742933103685,9.11357028162992
IPO_Synth_2307,,358.7664974249522,2542.352632325407,69.4576534950393,45.26722707341392,17.3008276944528,132.02570826290602,,,,68.42078159796964,2022,1,54.177657024594524,Auto,bull,1.2,59.946761786796664,19.945152236776885,16.196709941455936,0.5886339388792574,6.309614285437061
IPO_Synth_2308,,425.4854413244822,71.9742,47.43308208866101,26.67359631830023,4.803933772456084,78.91061217941731,,,,23.362325527397093,2020,1,12.580249529801423,Retail,neutral,1.2,88.38187938307908,32.0,24.0,1.362875735705565,6.02062915663706
IPO_Synth_2309,,76.30819100000741,71.9742,92.25053877456739,68.47822446034708,22.48947505446066,183.21823828937514,,,,63.92208735420847,2018,1,40.2321298892765,Tech,bull,1.2,84.44675917114857,13.86442458837658,11.180461269985825,0.0,9.760011854630593
IPO_Synth_2310,,296.2084674156168,2035.4096157042225,49.28754470226901,12.724599707901353,9.592496461895967,71.60464087206633,,,,15.265693727974949,2024,1,17.94860721514125,Tech,bull,1.2,64.63748415308854,13.787794226441235,13.336098344467201,1.254246386445245,5.07324585177294
IPO_Synth_2311,,40.04,3851.41694228028,80.7260012047872,20.81398154794899,20.786986555164127,122.32696930790033,,,,38.60419098552138,2022,1,30.17645555906958,Finance,bull,1.2,67.30236475982326,18.186701683238667,15.500866559620558,0.0,6.4826293040795155
IPO_Synth_2312,,40.04,1186.1701223071148,49.47830616378075,24.739291698211094,16.16671294581199,90.38431080780384,,,,35.624911612219485,2025,1,18.33430503051961,Mfg,bear,1.2,56.76114726727479,17.90115398656402,12.87277344584254,0.2139235567657864,8.856230675485838
IPO_Synth_2313,,40.04,2948.5307027743174,65.04853724945711,24.926861583074174,13.674373592579707,103.649772425111,,,,77.50718165893412,2023,1,41.914971393731875,Tech,bull,1.2,45.25470838010268,21.7008930473968,7.049244701521113,2.422091889383842,13.395815350187142
IPO_Synth_2314,,443.95084685285525,2571.710160806468,44.904919610342596,26.640077184560916,10.716319309779289,82.2613161046828,,,,16.172125972399833,2024,1,13.501439885053372,Retail,bull,1.2,70.71356738499884,15.54286850541392,18.608807280786113,0.0,13.875438436983021
IPO_Synth_2315,,163.17367196613898,1549.089865997347,81.33165723071774,52.58946246803361,17.54303347824499,151.46415317699632,,,,36.047371726077046,2017,1,23.028157966374632,Retail,bull,1.2,69.7927581640986,23.405063306910606,15.838462654363662,1.0907027122326198,11.978941491583537
IPO_Synth_2316,,244.07262300676604,1875.6742663182144,195.57646656550517,58.91114318597903,25.352675306148395,279.84028505763257,,,,21.607171923576704,2016,1,20.21919862466048,Mfg,neutral,1.2,30.863893979945523,23.261654130392625,16.650894509910877,1.628029406800185,9.988372676511762
IPO_Synth_2317,,554.8280578111307,5033.488606725621,10.331901764753228,7.321899539103001,3.0817815459136173,20.735582849769845,,,,20.91861091053453,2023,1,6.05148171301251,FMCG,neutral,1.2,58.50997622592772,29.680286628857957,14.362332619887468,0.0,8.288783741573045
IPO_Synth_2318,,40.04,71.9742,115.08216495136296,30.49233947005629,36.9757764774647,182.55028089888395,,,,37.689846808275384,2016,1,21.05567611484143,FMCG,neutral,1.2,75.62425850535499,17.057338012929467,21.809288592902153,0.0,11.165075556755182
IPO_Synth_2319,,442.5028539280009,3533.955769128221,77.33304613739176,45.95144788899471,23.421600256075898,146.70609428246237,,,,75.50918373648824,2025,1,60.64893729451802,Auto,bull,1.2,86.38326769861413,22.02182555525715,12.729575734596171,0.13133210266908119,15.345897450896405
IPO_Synth_2320,,704.5126234580769,71.9742,2.0,0.8845007662572891,0.6737982871760375,3.558299053433327,,,,6.072844612651416,2025,1,6.438637702353094,Auto,bear,1.2,73.05569711132026,23.63505249189238,10.153273711148916,0.0,10.424250952783929
IPO_Synth_2321,,734.054349760115,71.9742,76.10621464218673,44.42468965590721,16.51559117274722,137.04649547084114,,,,16.169500300089453,2022,1,21.369118282292476,Retail,neutral,1.2,32.68919885334539,19.956623397528315,22.48668116646079,0.5664709957540462,8.613999192271022
IPO_Synth_2322,,591.2740617217289,4634.664983839449,123.36881219167115,36.86484155986793,32.45592125495677,192.68957500649586,,,,42.113310054971,2024,1,39.51250747852464,Pharma,bull,1.2,41.019999407689326,18.730001654666754,6.0,1.3926060751342169,9.527004284319515
IPO_Synth_2323,,396.9973626841601,71.9742,126.22617970102804,90.69857932314567,17.9348973906999,234.8596564148736,,,,52.40097682505447,2020,1,36.96893332560384,Mfg,bull,1.2,53.77205229179871,8.0,14.307908570608198,0.13676628121398127,9.199922983503715
IPO_Synth_2324,,201.76172762765862,892.9250697407131,30.874741104078566,22.189805176701974,10.627148572858347,63.691694853638886,,,,0.1,2026,1,12.544335722841083,Infra,bull,1.2,85.17861481830293,20.500360781095154,14.660215845817405,1.4285543512696373,11.646278142123684
IPO_Synth_2325,,386.6895041786565,7668.201812187084,8.182140499872517,4.170440343636691,2.0057577509469553,14.358338594456164,,,,-34.646464548655224,2016,0,-11.559908198151144,Finance,bear,1.2,49.072626356611785,23.57299128723194,14.48451457777256,1.901010586259251,7.70897920950611
IPO_Synth_2326,,979.6216674196011,4191.211826411069,153.4416497550288,77.45615823705893,25.381669722259733,256.2794777143475,,,,21.465151217261056,2019,1,23.473610644632057,Retail,bull,1.2,79.05479853707624,19.653104219942954,8.01954682240551,0.9310593786904082,11.218547517247634
IPO_Synth_2327,,508.0976267809156,71.9742,5.534503861633272,3.1403001488340005,1.6677871495864998,10.342591160053773,,,,-10.01511176451215,2023,0,-11.559908198151144,FMCG,bull,1.2,48.78361324309776,15.30634951428115,9.667297660886186,1.025483561443782,11.704484653293779
IPO_Synth_2328,,378.31275528407014,71.9742,62.690377442639054,33.8549650869501,15.460875120403903,112.00621764999306,,,,65.75322633822088,2024,1,44.10418789917115,Tech,bear,1.2,69.58712083743309,9.924709455263093,19.310956657103965,0.0,11.032140101968507
IPO_Synth_2329,,607.3715384487684,1078.970088676025,42.49543809413528,22.172984264482956,14.338757410864831,79.00717976948307,,,,20.791640466767955,2018,1,15.958634755063777,Finance,bull,1.2,43.07948726724604,22.718347599437017,21.234030887617074,0.0,6.741270547009419
IPO_Synth_2330,,431.8071838779744,4936.675389350273,114.96003295692847,62.60672518616083,33.62515951357326,211.19191765666258,,,,70.97913859798389,2024,1,33.926416953411454,Tech,bull,1.2,56.5113589434452,20.198781668202866,13.122104253807997,1.0857046714718308,9.551580566338533
IPO_Synth_2331,,491.94975459259985,71.9742,0.5,0.5,0.5,1.5,,,,-12.842728948957054,2021,0,-7.233370312744177,FMCG,neutral,1.2,39.63099261614102,28.33970732161657,10.812013265279594,1.2964761236296682,8.419610631793418
IPO_Synth_2332,,330.5470059268998,71.9742,5.124018050302338,2.846563116831614,1.212662933199021,9.183244100332974,,,,-20.695048380389665,2025,0,-11.559908198151144,Retail,neutral,1.2,85.9757914370662,11.303617757989834,6.968440312342006,0.7424443224701408,9.778439521115722
IPO_Synth_2333,,273.08523568048156,3378.5820693832816,4.231528810219285,1.4722215597313866,0.9704042574265364,6.6741546273772085,,,,1.2956417548242083,2018,1,17.934192550628726,Pharma,bull,1.2,47.492658115401454,17.17814840500349,19.232563947017162,1.4097691325020745,8.000168317319902
IPO_Synth_2334,,755.0416448508831,71.9742,8.344481143297015,5.899181179612456,2.414322228913981,16.657984551823454,,,,14.912080307568582,2023,1,11.563491123777121,Tech,bull,1.2,32.151363604307,12.072158725215719,19.49841058202941,0.0,13.730025924393892
IPO_Synth_2335,,40.04,71.9742,0.5,0.5,0.5,1.5,,,,11.519163236242152,2018,1,1.6524844480547063,Retail,neutral,1.2,30.7262945190034,26.151914293526808,6.0,1.018515546452912,10.560663435529435
IPO_Synth_2336,,578.3056494003629,1300.2901395966703,20.998663706194012,6.983753369579396,2.383514175387848,30.365931251161257,,,,16.655407847682216,2017,1,14.12306033906643,Auto,bear,1.2,58.462209450015166,27.43421955562635,6.0,1.9721438680926868,5.145586552645874
IPO_Synth_2337,,251.97002923554962,1433.7393631751595,142.30161662756814,106.51687463037253,49.2257666367878,298.04425789472845,,,,46.7040562849196,2023,1,72.18557692594317,FMCG,bull,1.2,51.75477333400166,31.535501423313136,15.615679039016866,1.1656679096911948,6.010849329227565
IPO_Synth_2338,,40.04,71.9742,97.61090746482061,34.81862547305637,32.12120026223855,164.55073320011553,,,,31.04272500518282,2023,1,30.352156229602805,Finance,bear,1.2,71.67702672897462,23.1285477023769,16.197814696371182,1.842755772028652,13.614271547011445
IPO_Synth_2339,,81.90933363701348,2442.5340553187493,157.47263074576765,47.249139940580186,53.369873704279755,258.0916443906276,,,,61.76450576768795,2019,1,35.004756087221345,Auto,bull,1.2,55.76790432637429,24.735615307339856,12.852024974400779,1.8491565172946443,9.459782439808826
IPO_Synth_2340,,402.5092531592048,2963.1849626722924,108.52679349917955,57.62811863432611,12.544722310128721,178.69963444363438,,,,67.36572108086797,2022,1,30.555843235400474,Pharma,bull,1.2,80.9873917974342,22.616502544206003,14.851729258966028,0.0,8.830566832411066
IPO_Synth_2341,,449.48595092236764,71.9742,36.68332140604243,24.34293733365923,6.138049702653579,67.16430844235524,,,,66.8520376652361,2026,1,44.31033284014082,Finance,bull,1.2,53.062508613373204,23.438634634723886,13.887424164092042,1.2191810764251612,13.38562242580948
IPO_Synth_2342,,667.5971096978022,5844.612816155832,36.038197853787985,10.104222694543862,11.72631044412099,57.86873099245284,,,,0.21248902449023999,2019,1,8.17709431936399,Pharma,bull,1.2,78.47667523868637,20.294459335230282,15.118926539444287,0.0,9.54544894745545
IPO_Synth_2343,,690.8296517262779,2405.743325132704,0.5,0.5,0.5,1.5,,,,-32.23700040578424,2021,0,-11.559908198151144,Tech,bear,1.2,42.85397383896464,23.71296766144076,10.945907338389517,0.0,6.414615144937271
IPO_Synth_2344,,40.04,71.9742,2.0,0.5685023404569891,0.5,3.0685023404569893,,,,8.176932809555623,2018,1,8.209245430536441,Infra,neutral,1.2,32.94000156856184,32.0,14.944867947627252,0.21434569172776308,6.617078391463231
IPO_Synth_2345,,543.7719554703649,5740.555935066493,17.89535013450625,8.309626360717369,3.316417078904281,29.5213935741279,,,,59.6495867957764,2021,1,29.858922357147417,Retail,bull,1.2,45.17990892146145,21.312076366852622,11.96534900121407,2.2541590419299236,11.882537467809204
IPO_Synth_2346,,663.6823716016461,159.59230685109782,0.5,0.5,0.5,1.5,,,,-4.939518936577001,2025,0,-8.698349363511811,Retail,bear,1.2,39.68263024309748,20.144040664392733,11.590301030388131,0.0,16.0
IPO_Synth_2347,,489.602947418123,1987.3669650335098,79.74581762937868,25.404203192375437,18.303182954810868,123.45320377656498,,,,15.748820127076435,2022,1,8.473723313650773,Auto,bull,1.2,37.66864041004587,21.18844817814312,6.5989832207229755,0.0,12.518697056765621
IPO_Synth_2348,,586.4489692672548,254.7117459038136,1.977877416700716,1.415192082533285,0.5,3.8930694992340014,,,,-13.030337364757825,2017,0,-2.6810122074330125,Mfg,bear,1.2,67.4457392161779,19.105448725926593,14.210065570070693,0.0,8.854333071188139
IPO_Synth_2349,,40.04,3146.400467523677,69.64116597867037,39.517426251536975,16.09235289933322,125.25094512954057,,,,76.67505029797965,2024,1,44.798746244875915,Mfg,bull,1.2,55.24230116277014,21.478532927196063,18.613381050560722,0.9783793652320225,9.319845355963526
IPO_Synth_2350,,76.57869335326711,268.3847900501564,176.23005532466493,118.34344307751861,22.57710579148675,317.1506041936703,,,,54.471714009204206,2020,1,28.51104254554977,Finance,neutral,1.2,62.55195766699973,18.902012466773865,13.534867978744135,0.0,10.145428002602042
IPO_Synth_2351,,881.4443622523771,426.30993216193093,10.0,7.02972264590755,2.8280068313911597,19.85772947729871,,,,26.981023219682214,2016,1,26.391866275174586,Infra,bull,1.2,69.49588921290065,26.863896531714797,13.409325875383038,0.0,4.0
IPO_Synth_2352,,319.2776911742636,1105.3598990360497,96.7397802072574,69.17790728773498,24.62843779881193,190.54612529380432,,,,68.01445994201713,2022,1,25.743898483794958,Pharma,bull,1.2,29.657459114479032,26.26435982473269,20.650736101090576,0.0,10.070406896003535
IPO_Synth_2353,,1174.2028447332762,215.227757240562,12.764608463103219,7.9658471975157,3.19341394395803,23.92386960457695,,,,30.60354188337429,2019,1,11.484585854048001,Auto,neutral,1.2,70.25874841371768,32.0,19.612420820048506,0.666918282515901,11.752272629278275
IPO_Synth_2354,,40.04,4311.633777991104,62.83950136007144,25.354114876333348,13.162430340100027,101.35604657650481,,,,25.267868449770067,2026,1,16.56641427818375,Retail,bull,1.2,38.306312942116406,19.858760059052617,22.805622243676165,1.2794856470007354,15.31881455196785
IPO_Synth_2355,,948.9844987478269,71.9742,9.17679641618938,6.097672047034488,1.5927343140183414,16.86720277724221,,,,-30.578421037114552,2026,0,-11.559908198151144,Mfg,bear,1.2,49.61723984776708,21.731823009164067,24.0,0.05428439532889856,13.272204255929552
IPO_Synth_2356,,206.21371236983936,1425.0781931853153,7.076064727322545,3.6094401576777466,0.8232659053982724,11.508770790398565,,,,-27.862233354817782,2023,0,-11.559908198151144,Tech,bear,1.2,25.941739400923236,21.48183854710343,15.267692311327433,1.1489788263525216,15.789772044680435
IPO_Synth_2357,,709.4179825745277,1754.642813467592,47.036509312315495,18.147953439944832,15.839926731102715,81.02438948336305,,,,35.32156604556531,2022,1,15.53892326218502,FMCG,bull,1.2,71.782441801045,21.1975578153932,9.792745948965093,1.4149296628967618,15.041745469548845
IPO_Synth_2358,,313.9236432488858,1197.356332728496,2.0,0.8857738099939197,0.5,3.38577380999392,,,,27.478592385892888,2019,1,19.302788279478268,Tech,bull,1.2,29.596866588860095,26.779961310638466,12.65487670753332,0.0,14.184080220290262
IPO_Synth_2359,,454.33610012690434,4042.1885529044725,25.228919950044812,10.107002159983512,5.650784237608548,40.98670634763687,,,,61.661874566861016,2016,1,38.462524701925986,Pharma,neutral,1.2,38.39804101286452,10.250094161673216,17.578509230339886,0.3787807732602321,10.078604251223135
IPO_Synth_2360,,618.2512309303686,71.9742,84.45156093348872,40.798719679249324,16.3786783406461,141.62895895338414,,,,65.8571223374352,2016,1,46.29872821084917,Infra,bull,1.2,39.70353835205118,22.764252277428906,21.480473605277677,0.0,11.034568544652446
IPO_Synth_2361,,205.3093132188353,3000.022245906241,115.79971188422867,74.18911991076999,40.17894933466462,230.16778112966327,,,,32.59911648262085,2021,1,46.26978474020269,FMCG,neutral,1.2,57.68231994186244,31.97461571510228,10.280117850340215,1.0388799946799214,4.989486289514209
IPO_Synth_2362,,688.4686653509059,71.9742,0.5,0.5,0.5,1.5,,,,-20.049722298081047,2019,0,-9.30917589567351,Retail,neutral,1.2,57.13315374496772,28.177676379031016,16.148752055514045,0.0,10.391046416828942
IPO_Synth_2363,,324.0033858712241,197.45944121225233,7.580760376816061,2.9104759418952164,0.9395598671060068,11.430796185817284,,,,2.5145298337726354,2026,1,4.666790198179856,Mfg,bear,1.2,74.6141649266416,27.491400743505228,11.432122019354944,0.0,11.698481145622608
IPO_Synth_2364,,475.6414173114386,71.9742,141.50926993007508,41.56149012625551,35.66652934210774,218.73728939843832,,,,29.590836518747828,2019,1,22.686497203379783,Pharma,bull,1.2,58.11774917140911,25.052366006387842,14.340055759996403,0.5525866113881355,9.149916090674834
IPO_Synth_2365,,40.04,657.3597312883543,126.5128480808425,85.7602819428522,27.97940985588792,240.25253987958263,,,,66.16174094867016,2018,1,67.08804283610738,FMCG,bull,1.2,77.3838672234543,16.425311527246798,14.272739688323295,1.6103449617552756,5.375092089966784
IPO_Synth_2366,,299.59314180892966,71.9742,37.94064143481294,17.4027766866276,11.319135418443162,66.6625535398837,,,,71.25176245563544,2025,1,44.3241205428544,Tech,bull,1.2,66.8278391976643,15.500943321260696,16.715337805752085,1.010572755297245,14.748407249948981
IPO_Synth_2367,,846.4301036638416,5786.084507513473,25.294621748872935,11.91278725099328,8.836144997787786,46.043553997654,,,,31.511627895606697,2025,1,36.51755036293012,Tech,bull,1.2,42.98137247603012,15.547821946633297,24.0,1.506835259560486,11.218209584255204
IPO_Synth_2368,,652.1139578569206,2150.0319592965484,11.853272943674291,7.489618348387666,3.390945031911671,22.733836323973627,,,,22.691962945514245,2020,1,3.8979778805752323,Mfg,bear,1.2,47.99049950944151,13.169271307911028,17.137897244265602,1.4190214101135548,15.16183072605326
IPO_Synth_2369,,717.6534906239257,2666.5051278947635,5.65596465560858,3.8170026776748918,1.7885981755834204,11.261565508866891,,,,-4.063384529865246,2016,0,-6.824074024583831,Mfg,bear,1.2,87.19050093070312,25.679651494014724,13.065749690452638,0.542148576741448,12.226520312391722
IPO_Synth_2370,,433.0346482470082,71.9742,103.77864494812728,52.467624197905074,23.418572329139657,179.664841475172,,,,65.42484905401447,2017,1,29.3648662945202,Mfg,bull,1.2,82.09375233753036,28.810179516320087,12.323080785435547,0.0,14.105329702339533
IPO_Synth_2371,,987.4136753326742,3448.14302329741,3.4520291831498424,1.9544834041837065,0.6676207096880291,6.074133297021579,,,,-15.14235591622892,2021,0,-11.530533383671171,Pharma,bear,1.2,74.83341518186981,22.60656003293164,14.141209254435656,0.0,13.48926589864571
IPO_Synth_2372,,513.3486594860744,5785.965248631552,12.51530614253441,4.625386197275504,3.264241151581357,20.40493349139127,,,,9.893851398772114,2025,1,7.13035155111741,Auto,bull,1.2,77.19880573945865,24.828711825665476,11.077397107401652,0.0,7.961733868120011
IPO_Synth_2373,,189.34126242579023,3786.087295569773,24.689255869733003,17.71537984926585,7.094571329528284,49.49920704852714,,,,6.570095816035183,2020,1,9.806654653784134,Finance,bull,1.2,68.37225918686418,21.760813074300593,15.628419797686549,1.6895495542813517,8.473088073451434
IPO_Synth_2374,,706.9260772293778,71.9742,135.94232442072496,72.58784973932065,21.327105383158965,229.85727954320456,,,,54.19547151752157,2016,1,46.76569726073396,Auto,bull,1.2,66.03192013927357,23.412556530195804,6.0,0.16939491598075995,8.714865897269863
IPO_Synth_2375,,729.9685968971398,313.64053290189406,17.275849947357592,10.534855541629222,3.901696636594779,31.71240212558159,,,,12.723946640457008,2020,1,4.61414932366352,Infra,neutral,1.2,60.89486761321795,8.0,14.049627952785658,0.0,7.100925370442725
IPO_Synth_2376,,629.8815164704648,1804.163741806918,20.236192301166618,6.214666740882763,2.5992933028265264,29.050152344875908,,,,-31.410774274519802,2016,0,-11.559908198151144,Mfg,bull,1.2,90.5792861961394,21.888061311730386,14.405961072079938,1.7343252185709979,15.295358740349291
IPO_Synth_2377,,277.18558622009175,71.9742,12.503758044231292,7.10789225184895,1.9266816117812038,21.538331907861448,,,,21.049660185701207,2020,1,23.208310588040824,Pharma,bull,1.2,51.63614790485247,17.4467609189314,9.77707117751613,0.5942669520938996,10.126809118637045
IPO_Synth_2378,,510.96898671729383,8114.979159235471,4.3562362450318055,1.892675268609386,1.396020039564546,7.644931553205737,,,,-0.8760748005010264,2021,0,-2.8379675331958487,Auto,bull,1.2,64.32540045649087,19.759039114185097,13.280357444195838,1.4677693040418873,11.378524440379048
IPO_Synth_2379,,890.7620917743167,266.43742330731845,36.24269809575435,17.216422790674088,4.935639197396779,58.39476008382522,,,,57.871050028280294,2024,1,13.21341163320738,Auto,neutral,1.2,29.251132307544488,21.35458827503644,20.039619822772835,0.2384583187770088,6.006911112428973
IPO_Synth_2380,,577.9463891677877,1408.9304380721924,16.675467890615284,9.856552505915124,5.049949719320186,31.58197011585059,,,,33.36904853442854,2016,1,10.41423586096437,Retail,neutral,1.2,34.24709148360326,15.706395019709891,20.364222094964713,0.0,12.455752346478834
IPO_Synth_2381,,40.04,71.9742,58.177012955149735,37.708232137677555,11.236828141081418,107.12207323390871,,,,5.587634182099863,2021,1,6.367064093151071,Tech,neutral,1.2,92.67292023541624,13.546340696159472,12.600877268848608,0.9457488357347703,8.771640135535403
IPO_Synth_2382,,200.04532177001235,2124.8285591211647,10.0,4.246826191675159,2.658803438859498,16.905629630534655,,,,69.20058651912132,2017,1,29.39587377250536,Infra,bull,1.2,71.10204475412564,15.524297906999116,17.355684008242278,1.0286350162382092,13.782914249198928
IPO_Synth_2383,,184.16102542005282,5119.937000955342,2.438450087051697,1.6742847609370668,0.7987913637493893,4.911526211738153,,,,-31.694770315312056,2021,0,-11.559908198151144,Infra,bear,1.2,56.171426811150205,11.30999295367286,8.25674059633137,0.22009922138696514,7.943766830466254
IPO_Synth_2384,,157.15590972450244,1820.7323061001243,0.5,0.5,0.5,1.5,,,,10.129670254057691,2026,1,1.1011710302384394,Finance,bull,1.2,61.40984256873661,13.068758813550442,13.667286062076577,1.8135280607181254,13.995663787243313
IPO_Synth_2385,,40.04,951.6940952968552,177.12701516712028,94.13399574210656,54.28682283013442,325.5478337393613,,,,62.31050541776732,2024,1,27.095195796528856,Retail,neutral,1.2,35.55380165957013,13.892652098170668,16.038625463199807,1.445469200848874,12.822579909824713
IPO_Synth_2386,,1060.6165483910763,71.9742,0.8124131790257314,0.5,0.5,1.8124131790257314,,,,-10.718005472001897,2025,0,-0.9996988745155126,Retail,neutral,1.2,52.29384006022414,11.389499268501295,21.871174707965192,1.0647639944991858,8.602930495074903
IPO_Synth_2387,,115.49466888414732,4668.2924278231985,6.762824088629016,2.6687786863468643,1.2877678392764929,10.719370614252373,,,,-6.463678549696373,2016,0,-11.559908198151144,Tech,neutral,1.2,33.75353797969072,23.1726527705488,20.36761385910173,0.0,14.253522269680085
IPO_Synth_2388,,140.2047486948619,1147.7453056782945,142.84658906243968,99.66488437100271,40.453869062809844,282.9653424962522,,,,71.66634630796385,2024,1,26.76011100574736,Auto,bull,1.2,54.68450197604189,14.597020393710382,15.940182958867084,0.0,13.446403889705714
IPO_Synth_2389,,40.04,1035.8130356063039,53.92551763778628,13.792981975479526,15.870746116164545,83.58924572943035,,,,82.74551123376723,2025,1,36.597573605250275,Retail,neutral,1.2,72.24576937860917,8.820951154263078,10.898152170685826,1.699017584941471,11.46889582405488
IPO_Synth_2390,,710.7819353233415,71.9742,35.65494276513482,25.23676795441894,10.607811372207056,71.49952209176081,,,,27.00890245905807,2023,1,11.316942383720267,Pharma,bear,1.2,68.15941859558231,17.59248175169105,21.113320686235756,0.0,7.0191478082186975
IPO_Synth_2391,,383.7839412117975,1190.6347269504183,0.5,0.5,0.5,1.5,,,,-16.28332028765163,2024,0,-11.559908198151144,Auto,bear,1.2,88.60414956378744,13.320664454210936,13.46870305388007,0.40902061821555125,12.400337041240919
IPO_Synth_2392,,294.9549766869416,477.7213592694521,15.925751640373528,9.52197043482931,2.514766209273243,27.962488284476084,,,,47.56119295260444,2016,1,27.569860140577447,FMCG,bear,1.2,65.30520094724923,28.754495923855544,17.01820135836001,0.6466443480150764,10.198030150018981
IPO_Synth_2393,,313.02905153889867,71.9742,15.455778121447482,4.572733334587915,2.6625925541759363,22.691104010211333,,,,-11.67438484198336,2024,0,-11.559908198151144,Tech,bear,1.2,24.0,20.797486333920936,14.448626262093088,0.010286808682983317,10.148045545949552
IPO_Synth_2394,,615.6077273040814,4097.66438241163,12.49882010139302,7.132273347299711,4.1934822805588405,23.82457572925157,,,,40.317108166566626,2025,1,18.97401429635621,Retail,bull,1.2,95.11200632712026,11.177120798982477,23.965089605431064,0.4646787574011204,10.221488941352844
IPO_Synth_2395,,250.85354774722927,128.5704510307857,11.072963089062075,7.8034563631510645,2.6405151997961673,21.516934652009304,,,,-6.548157002990587,2018,0,-6.9163627356198125,Retail,bear,1.2,44.86751946151041,23.41218087046595,12.254803028726588,0.9202970858123425,9.909636881496237
IPO_Synth_2396,,40.04,6455.811826038363,5.96066256016794,3.1448513050744014,1.720322321116223,10.825836186358563,,,,-1.1102731130937982,2021,0,-11.559908198151144,Pharma,neutral,1.2,62.917858858970426,20.509854259200143,19.123143128348797,0.0,7.403129562692586
IPO_Synth_2397,,40.04,5203.469119054381,4.31487787879586,1.8599744908888565,1.0778518335798362,7.252704203264552,,,,7.135816122884045,2020,1,2.7266297240476036,Pharma,neutral,1.2,61.8329078385322,18.5683452582473,14.611178630743575,1.3814103104122624,5.453918352590589
IPO_Synth_2398,,40.04,71.9742,41.58754727875566,26.898360217245344,13.770695985438024,82.25660348143903,,,,7.049807335671307,2017,1,8.323704566995877,Retail,bull,1.2,64.3361768908363,29.447715606145458,17.560970534551718,1.082475534623001,4.834882337614231
IPO_Synth_2399,,508.8667546734976,5086.004206496825,2.4945827014335817,1.5126219326130375,0.7912702938291304,4.79847492787575,,,,-9.93699610451992,2017,0,-1.6516525503548434,Retail,bear,1.2,60.86505852503618,14.146874749965027,22.29005498089487,0.32004139426243494,10.898027354510754
IPO_Synth_2400,,732.5033962673078,5713.906181041868,62.179292631044895,19.203843250792307,10.280954172624401,91.66409005446161,,,,36.16427823506183,2019,1,25.031895809642016,Tech,neutral,1.2,61.18217375587057,26.210876936620576,6.0,0.0,4.0
IPO_Synth_2401,,915.5204941600801,71.9742,16.887575511472477,9.842936363921858,5.42390705448975,32.15441892988409,,,,12.192371395647516,2017,1,2.6366098662294477,Pharma,neutral,1.2,36.2105307355912,17.542869187929533,14.705747298103935,0.40933912607413736,12.17866850077707
IPO_Synth_2402,,40.04,71.9742,155.81741006023304,90.73682877422767,27.269579956343662,273.82381879080435,,,,78.56300538371927,2021,1,33.50474880030902,FMCG,bull,1.2,96.0,19.8898612202658,10.976707979532879,2.5,11.518497910722578
IPO_Synth_2403,,626.6975498391694,71.9742,41.855886704527066,26.200135272003394,8.79999562395095,76.85601760048141,,,,32.71769083776909,2016,1,18.376110345238963,Finance,bull,1.2,71.72585351463087,15.501042757648825,17.0057934796335,0.0,9.091820705781034
IPO_Synth_2404,,204.72249244137242,2512.035516553226,2.6344359486831657,1.0752540753411763,0.824073679598976,4.533763703623318,,,,-7.398541579963876,2016,0,-2.8062686115703346,Mfg,bear,1.2,60.93385312731058,15.883551889798683,18.110988019462873,2.0307807252211614,13.079581650542304
IPO_Synth_2405,,1413.4338911515513,71.9742,0.5,0.5,0.5,1.5,,,,-12.581095575556324,2022,0,-6.450526294932329,Finance,bear,1.2,93.15360437640842,17.383762890602938,12.882853119447711,0.0,9.219783979117302
IPO_Synth_2406,,887.4245489013481,2590.2571411101394,3.244778146929138,2.368749789766146,0.5603504061617802,6.173878342857065,,,,-4.547149119885747,2018,0,-11.559908198151144,Retail,neutral,1.2,40.705357147994604,8.595412408239234,12.650767073946128,0.0,11.255700347053745
IPO_Synth_2407,,996.1654144549746,71.9742,29.118374759963412,15.628660453942064,7.779387657628043,52.52642287153352,,,,24.00250280939631,2020,1,18.58301493049584,Tech,neutral,1.2,75.63101345959544,22.079895127155392,15.917131527868833,0.0,4.125484135527259
IPO_Synth_2408,,688.9241445410701,71.9742,0.5,0.5,0.5,1.5,,,,20.39527606341253,2019,1,4.616524734780041,Mfg,neutral,1.2,50.00701321148078,20.689363409831376,9.27057963293472,1.4490887308677562,4.0
IPO_Synth_2409,,545.2696760856621,71.9742,17.60156886923159,13.085443627745507,2.3368590065418355,33.02387150351893,,,,-12.286808500823462,2021,0,-11.559908198151144,Tech,neutral,1.2,67.24199134182297,11.013758953338801,16.499479866708178,0.5553571555474218,9.294017077105462
IPO_Synth_2410,,277.3054544067714,71.9742,3.532444336375382,1.2885608624253289,0.9723588612010854,5.793364060001796,,,,10.38428664313176,2021,1,0.6964383071193159,Auto,neutral,1.2,67.64014679614901,23.959718112128247,11.320305101052062,1.8100715205915971,11.26856784895272
IPO_Synth_2411,,210.102599275143,71.9742,23.912285096822025,10.735861696142967,5.541405376906208,40.1895521698712,,,,-10.080861116609828,2017,0,-7.210058755141055,Pharma,neutral,1.2,24.0,28.742381081656294,18.301417036017785,0.16735776713109074,12.850783040850406
IPO_Synth_2412,,141.51753900751226,71.9742,56.19735985978824,35.401064946215115,11.388640702879155,102.98706550888251,,,,60.23080073491565,2016,1,46.39269601756734,Infra,bull,1.2,34.230042778296415,16.012886591077148,9.069536146148044,0.44614022145655274,9.46821547020793
IPO_Synth_2413,,625.7771693447005,1484.9249504764139,5.848144401422722,3.5471936864053153,1.6811350023826739,11.076473090210712,,,,-4.503945077667552,2020,0,-11.559908198151144,Tech,bear,1.2,88.5559057214335,15.291379576340416,12.447292575661141,0.1713186401995313,10.739702302509315
IPO_Synth_2414,,947.8335451741094,1793.1480602765403,0.5,0.5,0.5,1.5,,,,-11.877930915376782,2022,0,-11.559908198151144,Auto,bear,1.2,55.46102447344288,26.680476176814388,11.619882345330518,2.5,12.358717932624494
IPO_Synth_2415,,292.94158941180984,71.9742,82.33481423309101,47.51955206460779,24.655389590078453,154.50975588777723,,,,78.26926435330907,2024,1,36.313513292587416,FMCG,bull,1.2,96.0,22.419508786676317,13.658288703107116,0.0,9.616721063302668
IPO_Synth_2416,,168.0779801198275,4387.094402061613,112.15205871279541,45.59513758943272,32.071393692590455,189.81858999481858,,,,42.77261042275693,2018,1,41.65479409217694,Pharma,bull,1.2,83.58225796804358,19.184457610911263,21.193530280555333,0.0,11.761774562452823
IPO_Synth_2417,,40.04,1106.4245204551316,10.796293481111839,4.845657040109803,3.7385377642044197,19.38048828542606,,,,8.352570039229477,2016,1,-3.8326900436228635,Infra,bear,1.2,56.035053741842134,24.887372837105072,18.806853781158388,0.0,6.613569356467361
IPO_Synth_2418,,498.40528845411677,5432.521611422297,15.230542233419595,4.49082379741554,4.61053586126058,24.331901892095715,,,,2.8276871736000366,2022,1,-1.3892903491734943,FMCG,bear,1.2,54.446742001343715,21.644662064207836,12.84142075524597,1.0733124710469593,5.030706497050305
IPO_Synth_2419,,834.72241819911,2149.2924611525054,33.3938285535239,23.771735107293143,3.897058101037563,61.06262176185461,,,,55.64135428305079,2025,1,25.62776550027811,Auto,bull,1.2,89.6714954889213,28.571002998828938,12.837510241652204,0.0,8.398407555166266
IPO_Synth_2420,,851.8221499427638,1701.6443952018435,12.23862762526332,3.8470169151506095,3.6091079381587443,19.694752478572674,,,,-9.171128064408135,2018,0,-11.559908198151144,FMCG,bull,1.2,96.0,19.899473595801595,18.983910524100665,2.322146463758295,12.324251536906582
IPO_Synth_2421,,885.6772041129698,243.7875512112449,0.5,0.5,0.5,1.5,,,,-9.40188267563375,2016,0,-11.559908198151144,Tech,bear,1.2,54.84117201526827,22.558833515397158,9.76219371866452,0.5806798853002871,7.866865223300555
IPO_Synth_2422,,556.7190916543217,3122.1575016821694,42.185636292697176,19.012963441561475,5.165529393586669,66.36412912784532,,,,28.744949222698818,2020,1,6.214928708910401,FMCG,bull,1.2,87.68696924083584,26.58836885447561,15.100718535448172,0.912380072201787,11.952422567495729
IPO_Synth_2423,,445.6292449254993,1609.1431807616916,133.2204426334372,42.24577522839953,33.48793002158343,208.95414788342015,,,,62.17464434557835,2022,1,45.83459485582362,Pharma,bull,1.2,78.54033415534529,8.0,12.274064757216482,0.9631024984981365,6.919073553656608
IPO_Synth_2424,,852.8212677107791,3756.3007258950006,8.828306667291308,3.5003893998930824,2.539911774908313,14.868607842092704,,,,0.1,2022,1,2.8603801418063677,Infra,neutral,1.2,81.64585136675697,26.805488446761345,14.227400364796031,0.4799407493473747,8.252457727192887
IPO_Synth_2425,,40.04,5698.601457717335,2.0,1.1335690159041252,0.5,3.633569015904125,,,,22.18120008665398,2017,1,14.475306526113233,Pharma,bull,1.2,61.82062669702622,16.96936524360433,18.64098564557361,0.6216643646779593,10.72612072594192
IPO_Synth_2426,,264.23571310429503,71.9742,111.27951251841338,29.558703477748683,23.227140295611196,164.06535629177327,,,,85.03393005976531,2023,1,36.82903465792738,Pharma,bull,1.2,47.89647723172263,22.999684998640813,11.988368442574615,0.5847312746880523,7.9977393231053755
IPO_Synth_2427,,999.2235189147923,3118.576349337398,84.49916046221028,61.937442407285836,19.909825025938733,166.34642789543486,,,,66.85093860984554,2019,1,57.88945885098359,Finance,neutral,1.2,41.021257386276424,29.984761577192064,19.383666190938627,1.0192431348445283,8.50612914106096
IPO_Synth_2428,,47.75208426986727,3044.7899330310893,18.757834713549606,13.215791348734623,3.813246073073569,35.7868721353578,,,,-4.124312267096335,2016,0,-0.19380433354802526,Pharma,neutral,1.2,36.52320499164314,18.164606102765852,24.0,0.0,4.0
IPO_Synth_2429,,403.0516765718303,2714.206205163933,39.09318571668094,11.426966455741134,12.47077318428776,62.99092535670983,,,,6.679734786852243,2026,1,11.926368323631545,Auto,bull,1.2,94.39599984992596,17.2668906503308,17.71804125157042,0.0,12.5177386875992
IPO_Synth_2430,,630.4756643236475,394.18226879016646,156.9867522449302,107.40668973945161,22.32756664029387,286.7210086246757,,,,72.82851045095633,2021,1,51.72497593411087,Finance,bull,1.2,60.19700592780519,19.67154210809409,14.621612728529755,1.3209680791179066,9.64420300238706
IPO_Synth_2431,,443.0707391718455,446.84687092709584,22.05849191756461,9.138515763736581,6.460687171763331,37.65769485306452,,,,-22.81415205492875,2019,0,-11.559908198151144,Retail,bear,1.2,39.39403902010601,11.286258021344851,20.207108181444696,0.498082209925586,7.16401764088421
IPO_Synth_2432,,807.4467997499846,71.9742,115.29485300014552,32.71517098485389,33.95696271611061,181.96698670111002,,,,14.09003310536455,2024,1,34.53040119654541,Infra,bull,1.2,78.04369366902591,32.0,10.010195718268145,0.0,15.497815031135296
IPO_Synth_2433,,935.9721040811869,71.9742,0.5,0.5,0.5,1.5,,,,-22.85977815312964,2024,0,-9.748348476074877,FMCG,bear,1.2,51.38030036762816,19.744900455287787,21.844828541798076,0.024809940617264825,7.632599095251337
IPO_Synth_2434,,578.6686128600061,71.9742,33.217872228996946,21.739228772520875,7.801864974230342,62.75896597574816,,,,39.25598734064096,2018,1,14.508540540591936,Tech,neutral,1.2,48.28244089742523,29.873542801594546,11.611199752766968,2.0299743100874403,8.453384007367683
IPO_Synth_2435,,889.6477926543655,1249.7716047537758,21.970138892188366,12.806739464505458,3.040460974226387,37.81733933092021,,,,0.1,2026,1,7.039826659745773,Finance,bull,1.2,96.0,18.000755043712953,24.0,0.3396228904623053,7.114643624441586
IPO_Synth_2436,,97.59972203625289,71.9742,23.113132722459376,8.535213036870646,3.438988988800341,35.08733474813036,,,,-3.2458012542397072,2021,0,-8.443207888596195,Mfg,bear,1.2,36.04734832043835,20.20403352849378,11.77295703765591,0.0,13.31131228803755
IPO_Synth_2437,,361.00891826577623,2655.722925925297,7.13664000162543,4.350411805865969,1.6622390915387033,13.149290899030103,,,,-6.075861814701935,2018,0,-8.986230593141613,Retail,bear,1.2,64.230852893454,25.665584979793046,17.977658308490454,0.0,14.301372449904752
IPO_Synth_2438,,1236.401271311592,1670.0188789004687,31.146055927172736,18.80943199128268,4.864085650469145,54.81957356892456,,,,23.05988665193126,2020,1,18.273116980287327,Tech,bull,1.2,49.36343864057506,13.386712389251876,7.9819146060654145,0.0,14.001679816438312
IPO_Synth_2439,,1078.4995540591037,1961.9860511903412,83.68264944362281,52.00296589468732,25.240054961934955,160.9256703002451,,,,17.049425385137518,2018,1,33.8369310141372,Mfg,bull,1.2,46.49092269010043,19.38469868979986,14.040368201268192,0.0,13.97308220020723
IPO_Synth_2440,,40.04,809.8970037418861,45.32299833450016,23.58284020765508,11.514512625153108,80.42035116730834,,,,23.24827743612407,2025,1,9.482917475803925,Retail,bull,1.2,33.650613153853165,25.440814062720765,10.141379547893743,0.9292045777377179,8.208069823094307
IPO_Synth_2441,,410.4626281989768,1701.1088539728237,31.888951221591306,21.02989678220352,3.6399538011141606,56.55880180490898,,,,41.55497025072951,2018,1,13.808199533634301,Finance,bull,1.2,61.072503589644576,18.721796280871022,8.513170958677971,0.5492927411761099,15.017286131373597
IPO_Synth_2442,,461.30324786484704,878.0070551166519,16.695911888017843,9.528041511660621,3.1633605191402294,29.387313918818695,,,,4.1454900447838465,2020,1,24.65251613540053,Finance,bull,1.2,44.26978204824901,17.10155556991854,20.424836438953395,0.13653707681973515,9.413184785956087
IPO_Synth_2443,,557.1013575218682,3550.870330492153,23.79863607809946,7.441824098118895,7.487205192969054,38.72766536918741,,,,-13.229838708986703,2016,0,-8.737703991519895,Finance,bear,1.2,70.64480236422018,26.691368521455455,9.476005305209188,0.0,5.372088642028598
IPO_Synth_2444,,850.0169847132396,370.26104610030916,138.30740154993399,90.60905051584126,23.423881494749683,252.34033356052493,,,,22.95454007183685,2026,1,28.29971213900238,Retail,neutral,1.2,59.15387575187625,28.406692973155337,11.69217342322787,2.02644049155256,8.720549285086516
IPO_Synth_2445,,1043.0527370876894,2499.236550767876,82.37623753292068,33.929458546593466,23.05953669336558,139.36523277287972,,,,58.97217823023286,2019,1,30.02356683964776,Retail,bull,1.2,54.372743851021006,29.360799443353553,11.167760940689078,0.0,10.977858425996754
IPO_Synth_2446,,427.60292066210656,71.9742,30.413877845663983,18.324889359518306,3.7545942692958687,52.49336147447816,,,,66.6551477139715,2023,1,68.64029317867754,Auto,bull,1.2,44.36619916763291,15.950052140071461,20.128483916710096,0.0,8.065524269658205
IPO_Synth_2447,,798.0765167821079,3375.2549342235675,0.5,0.5,0.5,1.5,,,,16.439899214928698,2019,1,4.150846233978766,Pharma,bull,1.2,85.7527073131936,16.524103998027307,19.578745629517094,0.2570319594285494,10.440692348248353
IPO_Synth_2448,,636.2366721380874,71.9742,0.5,0.5,0.5,1.5,,,,7.162886126094079,2022,1,2.376628457839586,Mfg,neutral,1.2,73.24224726674248,17.170520055614663,20.71632789206814,0.3968810935722702,11.609769628559823
IPO_Synth_2449,,407.6041118961871,71.9742,17.110081096111738,5.660730528356628,3.8136900818703094,26.584501706338674,,,,54.204516308352346,2022,1,28.933267088762257,Retail,bull,1.2,47.73583403101355,24.311123511885423,11.460915626743208,0.9820463012176044,11.231840083618872
IPO_Synth_2450,,40.04,71.9742,78.39609623208115,46.84002462773798,19.007724074153465,144.24384493397258,,,,15.104374135633305,2019,1,30.018395786710563,Retail,neutral,1.2,35.53430918930371,12.819213146587707,21.073203252451734,1.430444758747663,11.965398624471828
IPO_Synth_2451,,762.7182257510541,71.9742,3.9206785020329087,2.6445434295793966,0.7482931904067243,7.313515122019029,,,,11.05169481891228,2020,1,0.710023856757496,Pharma,bear,1.2,26.016194662317247,13.157982172669502,11.422569274273476,1.3555731894317922,9.459854680781605
IPO_Synth_2452,,621.5476723031375,268.5330419229941,14.62000431673653,9.782473815187457,4.1129189902824805,28.515397122206465,,,,13.652138384141217,2022,1,3.565227223315777,Auto,bull,1.2,80.47236108857436,15.713971387901175,11.603904436003011,2.5,7.8181504724903625
IPO_Synth_2453,,547.9002399244714,5422.600124456983,52.90147028321715,29.796881207946903,5.483020045280654,88.18137153644471,,,,30.930900918766866,2018,1,24.00229922155128,Auto,bull,1.2,76.36511283055695,14.370664776690331,11.85572649761746,0.0,5.589484433045643
IPO_Synth_2454,,79.63557362705386,71.9742,4.657453153836432,1.6939326412749107,0.6546100098607341,7.005995804972077,,,,-7.569025287228416,2017,0,-5.620406181905984,Finance,bear,1.2,78.83826533162538,25.306161830747797,12.019601092630479,0.7308513293444713,9.735987132902114
IPO_Synth_2455,,1084.0355848157117,71.9742,0.5,0.5,0.5,1.5,,,,10.33151348683249,2017,1,3.4056920650750504,FMCG,bear,1.2,57.83481152869313,24.901831842752703,14.59145894171096,0.0,8.38830899498136
IPO_Synth_2456,,466.90431786661384,2473.0557663806712,16.50949132221472,10.356632405539509,4.273234945544675,31.139358673298904,,,,31.811138689980123,2020,1,14.229791080954175,FMCG,neutral,1.2,74.50821646888787,17.109912611920485,11.225878671303942,2.5,9.644745863629126
IPO_Synth_2457,,40.04,71.9742,160.37195569586137,73.03771303018033,51.744044164034634,285.15371289007635,,,,53.904236621389394,2018,1,33.84557417505465,FMCG,bull,1.2,78.48949313815498,18.836799726241185,16.04135154660908,0.6756034743281901,4.0
IPO_Synth_2458,,40.04,3642.661494307912,14.21747142364337,8.761498413392792,1.6479461938440638,24.626916030880224,,,,-6.385601665411979,2019,0,-0.794392669687985,Pharma,neutral,1.2,58.743682993083226,8.0,6.0,0.0,5.444693825266626
IPO_Synth_2459,,646.2370468141819,425.7361302414206,1.2767145929952113,0.5167183089217546,0.5,2.293432901916966,,,,-6.768207419138926,2023,0,-11.559908198151144,Auto,bull,1.2,53.55333391931498,17.255433962329093,16.026656585292816,0.9342137778114911,11.5299392837532
IPO_Synth_2460,,656.4085634698617,808.5463572931973,11.92886218797629,3.019900293097239,3.6368524050238396,18.585614886097368,,,,-32.87323926657199,2023,0,-11.559908198151144,Mfg,bear,1.2,42.426893771313104,27.463721057379477,10.096441305987119,0.7668324392539839,5.093555591337754
IPO_Synth_2461,,256.66438494896676,4638.292274219664,20.1267873297803,11.104854925931674,2.3982358345624712,33.629878090274445,,,,-9.33162750921272,2026,0,-11.559908198151144,FMCG,neutral,1.2,67.67067988553124,16.929080268956508,11.987673477951546,1.2577458162704094,9.42989490450867
IPO_Synth_2462,,572.8482778919071,3129.680289906983,9.180447317277757,5.053452299387291,1.2467699814375501,15.4806695981026,,,,-17.53214466764254,2024,0,-11.559908198151144,Retail,bear,1.2,70.06584900683676,13.444937991355808,12.096326027695502,0.0,7.50761264677446
IPO_Synth_2463,,642.8669413930405,71.9742,44.565697007308096,25.12513017597236,8.356573165350998,78.04740034863144,,,,7.443153053090192,2020,1,8.9445646521101,Retail,neutral,1.2,52.682374623139545,28.257350514076467,19.24427511166327,0.827827268005954,7.317016190407726
IPO_Synth_2464,,462.6185563099112,71.9742,11.575121969420636,4.445921214588556,1.489340890028727,17.51038407403792,,,,-10.637633403933945,2026,0,-11.559908198151144,Pharma,neutral,1.2,54.80265057787493,13.313118852569762,17.270704799319997,0.22951360939433596,10.255922077588165
IPO_Synth_2465,,175.25390866636693,71.9742,22.184731876140173,14.542878751629448,6.424066835763724,43.151677463533346,,,,-7.842265873608397,2026,0,-2.9187620843965263,Auto,neutral,1.2,56.08869002064403,29.276361285298215,14.25506081996686,0.0,10.085680790751512
IPO_Synth_2466,,743.2076396905135,8297.783498529448,9.97248337355063,4.923748316084209,2.2539540500134208,17.15018573964826,,,,-11.657284511533975,2018,0,-4.462556709507695,Auto,bear,1.2,74.24233918557535,32.0,11.781445180382232,0.8427238534637079,11.638836690369756
IPO_Synth_2467,,700.9450583587333,71.9742,12.59967081388408,7.952836046318265,2.553841792989457,23.1063486531918,,,,8.341848365052568,2017,1,2.7569761866678273,Mfg,bull,1.2,35.26213780403656,19.34373631875047,18.522950101675313,0.6527846932344685,6.693984281106493
IPO_Synth_2468,,608.7335340839894,4566.717135709189,10.0,5.5554673218813235,2.8123690631494784,18.367836385030802,,,,38.74758787171669,2025,1,40.91334021041627,Pharma,bull,1.2,40.1054373183808,27.46266931831796,23.076194983940994,1.550053193037418,7.346629592508648
IPO_Synth_2469,,130.03110465688368,136.29557805858096,131.56706850541437,60.262375823453844,22.790553253757746,214.61999758262596,,,,36.13893176346137,2025,1,26.61710129687323,Finance,bull,1.2,40.45658493968767,9.986397329743323,14.874024019725056,0.5269889531707117,13.369691534280037
IPO_Synth_2470,,40.04,71.9742,25.178474724889494,14.850602371470874,8.003805399341863,48.03288249570223,,,,7.1929311612440525,2025,1,12.63984495524211,Auto,bull,1.2,57.326425536036986,9.722351469645261,7.807565650386703,1.10390258421232,9.326103381233981
IPO_Synth_2471,,440.9615680651162,1577.892419996766,17.1353925250934,9.210079475426822,4.515033443922048,30.860505444442275,,,,20.597471735380633,2021,1,2.3129019505926167,Auto,bear,1.2,65.6749896209803,15.219635171974735,11.836967642790075,0.0,11.097668168212122
IPO_Synth_2472,,732.3503952270873,671.4858193017868,0.5,0.5,0.5,1.5,,,,4.727378345569541,2025,1,2.9144313318768966,FMCG,neutral,1.2,40.76023660259169,24.934519371641656,17.51647266247632,1.8945171669216014,8.508638855855981
IPO_Synth_2473,,770.1987026048253,3608.9980192282887,12.657770682730789,7.26910787616163,2.9741732462627932,22.901051805155213,,,,49.73521217870944,2024,1,19.384082927999597,Auto,neutral,1.2,76.36210572730606,20.010464342452373,13.007791282755038,0.0,11.365734110804265
IPO_Synth_2474,,614.4386299889151,3641.5587240536765,116.72439774137915,34.19668706481501,19.243431553397034,170.1645163595912,,,,23.779370061740128,2024,1,24.933763322496322,FMCG,bull,1.2,86.32769013904921,18.881589297160765,11.1358742494368,1.4029305058422872,4.0
IPO_Synth_2475,,260.95332908844745,71.9742,14.342282759165853,10.113181653892411,4.965946350000706,29.421410763058972,,,,-1.8137045978196196,2022,0,-7.352543044331723,Tech,bull,1.2,67.44835715455106,12.254985594311012,10.940175986929113,0.7631187520594642,13.454206327038785
IPO_Synth_2476,,140.11624707237237,71.9742,27.740072028333167,11.582618053946257,5.794931052061604,45.11762113434103,,,,35.90692701377047,2018,1,13.080303140203515,Mfg,bull,1.2,80.21022189514245,19.235900439053367,15.41255312363256,0.6363237311824643,8.634136966242211
IPO_Synth_2477,,409.0606160467556,71.9742,0.6741606841343151,0.5,0.5,1.674160684134315,,,,-23.68253047904441,2024,0,-11.559908198151144,Pharma,bear,1.2,43.52690302346044,16.138329074954797,8.097773879012488,1.2603454116542325,6.253238803066788
IPO_Synth_2478,,412.2998192185378,71.9742,52.21902224995995,33.205981149455184,17.989720229831537,103.41472362924667,,,,30.984667123828235,2025,1,16.872820999985354,Finance,bear,1.2,43.95552515358806,14.465025450460864,14.844044369871085,0.0,6.812510661280585
IPO_Synth_2479,,793.0584492190801,807.3708098459473,25.72522189331918,9.405422649353307,6.018367169730893,41.14901171240338,,,,49.26532240926805,2025,1,28.785736741477784,Retail,neutral,1.2,69.2632315967593,13.955830247086114,15.398097262696611,0.0,9.209235948017694
IPO_Synth_2480,,250.9584536536148,1491.0556145460998,13.21078398017095,9.880144688105451,3.732031843775447,26.82296051205185,,,,0.1,2022,1,6.229316220066791,Retail,bull,1.2,59.308751118535504,21.151635307887688,12.977152440975113,1.2461295775448287,9.668813765831857
IPO_Synth_2481,,279.33232012503163,71.9742,10.0,4.602462707817215,2.4306169673530205,17.033079675170235,,,,51.8708929982635,2016,1,51.605330151651934,FMCG,bull,1.2,43.92203717777752,15.678036688508941,10.307124805676303,2.4220931223863578,10.42358053740211
IPO_Synth_2482,,1116.7778922728398,71.9742,0.6687346722996379,0.5,0.5,1.668734672299638,,,,-6.005829136719654,2024,0,-6.781628691405619,Auto,bear,1.2,85.65085674016402,19.960895513179498,19.58281614500615,0.47564178167967675,6.422042645151437
IPO_Synth_2483,,944.6975951694297,1479.9058689120836,7.7825204064117255,2.187141448721853,2.6313052731235413,12.60096712825712,,,,28.24369607872487,2018,1,16.996760824720084,Tech,neutral,1.2,65.37822424025597,9.385917217380975,9.002489086609025,0.0,12.613513572607285
IPO_Synth_2484,,113.2768108981288,71.9742,32.50491159931153,8.805648444674338,6.961223028249784,48.27178307223565,,,,16.06078667420405,2018,1,11.515416023789273,Pharma,bull,1.2,72.63914950836141,23.01883124547474,15.777290014499759,0.18278102432269988,8.42717679942237
IPO_Synth_2485,,916.5268978790098,967.5311252539149,37.940871715670944,11.29007584150956,12.274470740757106,61.50541829793761,,,,30.722476216152845,2016,1,10.120047208131677,Finance,bear,1.2,47.86347365774183,21.44428004225857,18.274889154857654,0.43985014253429794,8.277058460823994
IPO_Synth_2486,,40.04,565.9090974076944,23.150879667367267,5.845977123949647,6.1095480850133095,35.106404876330224,,,,14.01503479528989,2017,1,9.816518990354563,Infra,bull,1.2,90.23835221235656,18.61178446205432,15.717580541373415,1.6094593607514278,9.321194677116246
IPO_Synth_2487,,266.5537864145184,2169.1995435146664,7.951517179298094,3.2883100900358206,1.004258512220677,12.244085781554592,,,,30.00082203560031,2021,1,14.608803926754304,Pharma,bull,1.2,57.19327772205279,20.969101751211603,20.54031716137385,0.5483430319094191,11.988494540555886
IPO_Synth_2488,,305.4314502214689,71.9742,55.70861595966305,22.57464646401745,11.379222544566016,89.66248496824652,,,,40.466931627813466,2019,1,30.64288701547457,Tech,neutral,1.2,78.3430218238226,25.6050096851441,9.890718542106969,0.0,9.898297916959624
IPO_Synth_2489,,388.317888325205,249.60223912619807,66.52167445138117,30.93563014999136,9.909204242282883,107.36650884365541,,,,77.07799991046429,2020,1,42.108708383448324,Auto,bull,1.2,49.509099471664314,11.307139845503587,11.440888679343475,1.46349654831221,8.372968981097701
IPO_Synth_2490,,626.5220584008661,71.9742,14.391156879848861,5.273804384600034,2.0502356773424717,21.715196941791366,,,,0.1,2021,1,12.242059283515538,FMCG,bull,1.2,63.03566140970082,20.40017490136093,12.924447717905368,1.0683168209272946,9.028769098653234
IPO_Synth_2491,,451.1918609147657,1390.7588005053424,125.24968930030685,35.241577594497954,34.91612967215365,195.40739656695848,,,,66.42260559503319,2021,1,29.936411102308863,Infra,bull,1.2,70.04104854393096,12.169163037565696,24.0,0.0,13.657467995652421
IPO_Synth_2492,,624.8042292166921,1752.630102993731,7.996960693138812,2.2837821427167646,0.8597132339684447,11.14045606982402,,,,0.1,2020,1,-2.8973787922071486,Mfg,bear,1.2,95.91732804420984,20.525649866789685,17.285116794996433,1.2198726037783874,13.166114622485141
IPO_Synth_2493,,277.55894802060965,1059.2312035785242,10.0,3.4107318765259147,3.4153514222349477,16.826083298760864,,,,52.68987199656995,2020,1,28.86811346253852,Pharma,bull,1.2,52.08491220250978,18.446875832168303,18.127574420685356,0.0,11.097517678016619
IPO_Synth_2494,,542.6512252566325,6498.148971319762,4.591269425298476,1.8745912638665574,0.9755568024569299,7.441417491621964,,,,-11.312914070282886,2025,0,-4.200801941807263,Tech,bear,1.2,63.6461275979707,19.850530279595457,17.940073540695852,0.20179195653473758,10.445827629759545
IPO_Synth_2495,,441.7960376376671,1945.4733618775845,111.94894418009129,36.27101292935965,24.90185824266286,173.1218153521138,,,,80.80023333629755,2019,1,35.895598876939886,Retail,bull,1.2,70.65339469111663,25.09047817816976,15.35469107591141,0.0,16.0
IPO_Synth_2496,,40.04,1114.471575604827,138.15704865875264,59.76106262632645,24.157758003506114,222.07586928858518,,,,68.39392231581662,2016,1,60.13502313107601,Finance,bull,1.2,34.53287912625349,24.911058972071906,19.72246988849201,0.19005885485556412,11.390543649651683
IPO_Synth_2497,,579.8115208745129,2821.012553770831,49.843588493870136,35.444278035937145,6.051211924817986,91.33907845462527,,,,16.58090792818496,2024,1,9.648534325370845,Tech,bull,1.2,24.0,26.520254428880786,6.5836317837799605,1.4067602627614804,10.541831554128583
IPO_Synth_2498,,447.6332370591706,7021.415484695597,6.98876313854148,2.6613315196014207,1.726648500616597,11.3767431587595,,,,-26.4166572043159,2016,0,-11.559908198151144,Infra,bear,1.2,42.0749281421178,17.62173316408905,16.246386670453095,0.0,9.393749666897527
IPO_Synth_2499,,170.96070094882688,2179.5925467918196,0.5,0.5,0.5,1.5,,,,12.059428535597188,2024,1,0.42897637113942355,FMCG,bull,1.2,77.40923804531003,24.219024238820644,16.92697883656282,1.604129343703127,11.070421629537485
IPO_Synth_2500,,269.7020419109491,71.9742,90.32930780497759,52.606716340683526,23.125942637331192,166.06196678299233,,,,62.296206166773494,2019,1,38.95187865286298,Pharma,bull,1.2,90.89532433896188,23.039829695247263,19.583918811327752,0.6763248519218017,4.0
IPO_Synth_2501,,278.0781986909099,2646.3910382492427,125.97809157989674,62.41465107249801,30.101514094313778,218.49425674670854,,,,7.474383405120696,2025,1,24.260841943643133,Retail,bull,1.2,43.38626126663118,17.772744724615656,9.799431871429125,0.10991465087025426,13.08314668084542
IPO_Synth_2502,,331.1614096023489,71.9742,14.75368486177324,4.037006644294825,2.275427055408869,21.066118561476934,,,,21.478596072358915,2017,1,17.677925848374432,Pharma,neutral,1.2,38.09895892294434,20.703216745311224,10.130603297119466,0.5207630865892139,6.184692736627792
IPO_Synth_2503,,1015.6572261482305,71.9742,124.49548258179165,80.16309758296438,26.81800522215784,231.47658538691385,,,,83.2423089995958,2017,1,34.121078773229954,Mfg,neutral,1.2,87.62542755491582,19.206882511011457,10.415046144170969,0.0,7.845763616435984
IPO_Synth_2504,,1128.8233485068818,5940.41103179948,17.218550379795104,10.463222094797073,3.0479546498109773,30.729727124403155,,,,11.97451779568153,2020,1,22.7756466343701,Auto,neutral,1.2,49.82231906074202,28.3693176724006,17.350441885729115,0.0,5.799452433531794
IPO_Synth_2505,,40.04,5377.878609343542,66.89662271406831,49.41313557072741,10.698845125722682,127.0086034105184,,,,10.533742165356994,2020,1,38.645635437523865,Finance,bull,1.2,53.30776660807747,24.861298254137914,17.414631588105895,0.0,7.790756569344322
IPO_Synth_2506,,581.5755342780734,71.9742,29.586288028697304,21.277076959976014,8.651802520645246,59.515167509318566,,,,58.71094036612664,2023,1,32.189581937536865,Infra,bull,1.2,86.26441186889019,17.984807295742108,10.725883000722945,0.0,8.979023756977103
IPO_Synth_2507,,741.019925797344,71.9742,59.751333906526625,32.39264091499184,6.152992079211031,98.2969669007295,,,,88.15637916444952,2023,1,45.22448436814989,Tech,bull,1.2,83.30461385694429,17.567343277431217,23.61424365523643,0.0,12.668053557565978
IPO_Synth_2508,,341.01332392933307,1938.6758246039617,152.52350201155355,90.44806057859394,25.505089008250735,268.47665159839823,,,,28.508574744353506,2026,1,20.056080761006033,Retail,bull,1.2,76.81317924049324,25.745691552117314,16.28867151424126,0.0,13.867194110722007
IPO_Synth_2509,,731.8444923480976,71.9742,59.38370553481511,27.004942708769327,13.82282951671483,100.21147776029927,,,,50.60525874222044,2023,1,31.883028618614713,Auto,bull,1.2,29.19351981534536,28.039815936216883,15.558926255991235,1.7238188343067036,15.823314067674898
IPO_Synth_2510,,979.8623012313213,1170.1833631359125,21.533667014905067,14.949395027919286,4.716658992826587,41.19972103565094,,,,14.165778858915353,2018,1,5.643698078695351,Infra,bull,1.2,37.347805732939065,21.89321043781249,14.065678626707964,0.0,10.306713024563978
